ESO1212204120S1K	stools_11021150	na	NZ_CP055229.1	2711996	2428420	89.5436	2426650	99.9271	2424358	99.9055	1770	0.0729	2426119	99.9052	5933	0.2443	3632	61.2169	1997	33.6592	1433	24.1530	2413	40.6708	111389	93.0209	109871	89.7999	0.9831
ESO1212204120S1K	stools_11024150	na	NZ_CP055229.1	2711996	2396069	88.3508	2392403	99.8470	2390168	99.9066	3666	0.1530	2393830	99.9066	7709	0.3217	5470	70.9560	1877	24.3482	1526	19.7950	4235	54.9358	111389	93.0209	114735	90.0806	0.9849
ESO1212204120S1K	stools_11030101	na	NZ_CP055229.1	2711996	1978213	72.9431	1976105	99.8934	1974169	99.9020	2108	0.1066	1976273	99.9019	5316	0.2687	3376	63.5064	1418	26.6742	1349	25.3762	2496	46.9526	111389	71.5771	121323	69.4419	0.9722
ESO1212204120S1K	stools_11055101	na	NZ_CP055229.1	2711996	1484767	54.7481	1483760	99.9322	1470765	99.1242	1007	0.0678	1471739	99.1226	14818	0.9980	1790	12.0799	890	6.0062	1408	9.5020	12490	84.2894	111389	49.7482	105680	49.0140	0.9564
ESO1212206220S1K	stools_12101150	na	NZ_CP109802.1	2880439	229476	7.9667	229253	99.9028	228717	99.7662	223	0.0972	228937	99.7651	881	0.3839	342	38.8195	125	14.1884	317	35.9818	412	46.7650	62636	69.9103	51851	84.5962	0.9841
ESO1212705120S1K	stools_11021150	na	NZ_CP055229.1	2711996	2369930	87.3869	2368585	99.9432	2367780	99.9660	1345	0.0568	2369115	99.9656	5165	0.2179	4350	84.2207	3143	60.8519	796	15.4114	1088	21.0649	110876	100.0000	109871	100.0000	0.9979
ESO1212705120S1K	stools_11024150	na	NZ_CP055229.1	2711996	2334756	86.0899	2331524	99.8616	2330702	99.9647	3232	0.1384	2333921	99.9642	6892	0.2952	6057	87.8845	2937	42.6146	805	11.6802	3032	43.9930	110876	100.0000	114735	100.0000	0.9985
ESO1212705120S1K	stools_11030101	na	NZ_CP055229.1	2711996	1905285	70.2540	1903639	99.9136	1901212	99.8725	1646	0.0864	1902843	99.8718	5268	0.2765	2826	53.6446	1249	23.7092	1709	32.4412	2253	42.7677	110876	59.6261	121323	76.1323	0.9617
ESO1212705120S1K	stools_11055101	na	NZ_CP055229.1	2711996	1455534	53.6702	1454560	99.9331	1441500	99.1021	974	0.0669	1442436	99.1001	14841	1.0196	1743	11.7445	839	5.6533	1651	11.1246	12333	83.1009	110876	48.6688	105680	47.6438	0.9496
ESO1213405120S1K	stools_11021150	na	NZ_CP055229.1	2711996	2335467	86.1162	2333995	99.9370	2333240	99.9677	1472	0.0630	2334710	99.9676	5068	0.2170	4311	85.0631	2959	58.3860	744	14.6803	1231	24.2897	120259	91.0635	109871	100.0000	0.9893
ESO1213405120S1K	stools_11024150	na	NZ_CP055229.1	2711996	2306192	85.0367	2302930	99.8586	2302140	99.9657	3262	0.1414	2305398	99.9656	6802	0.2949	6008	88.3270	2840	41.7524	789	11.5995	3078	45.2514	120259	91.0635	114735	100.0000	0.9911
ESO1213405120S1K	stools_11030101	na	NZ_CP055229.1	2711996	1882780	69.4241	1881036	99.9074	1878785	99.8803	1744	0.0926	1880525	99.8802	5201	0.2762	2946	56.6430	1228	23.6108	1540	29.6097	2389	45.9335	120259	57.9250	121323	76.1323	0.9613
ESO1213405120S1K	stools_11055101	na	NZ_CP055229.1	2711996	1430405	52.7436	1429537	99.9393	1416807	99.1095	868	0.0607	1417636	99.1073	14374	1.0049	1605	11.1660	797	5.5447	1491	10.3729	12057	83.8806	120259	38.0604	105680	47.6438	0.9461
ESO1232702120S1K	stools_11029101	na	NZ_CP068122.1	2779314	2295382	82.5881	2294027	99.9410	2293727	99.9869	1355	0.0590	2295079	99.9868	4680	0.2039	4377	93.5256	3176	67.8632	761	16.2607	574	12.2650	72595	82.8983	61184	87.3202	0.9899
ESO1232702120S1K	stools_11029150	na	NZ_CP068122.1	2779314	2269989	81.6744	2268913	99.9526	2268578	99.9852	1076	0.0474	2269653	99.9852	4496	0.1981	4160	92.5267	3202	71.2189	772	17.1708	363	8.0738	72595	82.8983	59855	89.6801	0.9906
ESO1232702120S1K	stools_11029501	na	NZ_CP068122.1	2779314	2231755	80.2988	2230750	99.9550	2230405	99.9845	1005	0.0450	2231409	99.9845	4418	0.1980	4072	92.1684	3199	72.4083	736	16.6591	309	6.9941	72595	82.8983	58713	89.7927	0.9905
ESO1232702120S1K	stools_12067150	na	NZ_CP068122.1	2779314	1577226	56.7488	1572090	99.6744	1567314	99.6962	5136	0.3256	1572444	99.6968	10491	0.6652	5709	54.4181	581	5.5381	1915	18.2537	7961	75.8841	72595	55.0699	59592	60.2044	0.9740
ESO1233809120S1K	stools_11055101	na	NZ_CP055230.1	2835470	983411	34.6825	982714	99.9291	982050	99.9324	697	0.0709	982737	99.9315	8780	0.8928	8106	92.3235	7430	84.6241	847	9.6469	424	4.8292	139221	90.6235	125986	100.0000	0.9913
ESO1233809120S1K	stools_11110101	na	NZ_CP055230.1	2835470	997188	35.1683	996516	99.9326	989188	99.2646	672	0.0674	989851	99.2642	11296	1.1328	3959	35.0478	3299	29.2050	4356	38.5623	3675	32.5336	139221	56.4240	75928	89.3873	0.9664
ESO1233809120S1K	stools_12098150	na	NZ_CP055230.1	2835470	1454313	51.2900	1453220	99.9248	1452700	99.9642	1093	0.0752	1453786	99.9638	11974	0.8233	11447	95.5988	10377	86.6628	1103	9.2116	402	3.3573	139221	96.0696	126421	100.0000	0.9951
ESO1238105120S1K	stools_11011101	na	NZ_CP030110.1	2683778	1383610	51.5546	1368285	98.8924	1364883	99.7514	15325	1.1076	1380177	99.7519	19687	1.4229	16254	82.5621	1051	5.3385	2714	13.7857	15442	78.4375	70126	58.7699	76021	72.3287	0.9758
ESO1238105120S1K	stools_11042101	na	NZ_CP030110.1	2683778	859084	32.0102	855773	99.6146	853224	99.7021	3311	0.3854	856526	99.7022	6560	0.7636	4002	61.0061	748	11.4024	1922	29.2988	3652	55.6707	70126	58.7699	62712	66.3477	0.9780
ESO1238105120S1K	stools_11049150	na	NZ_CP030110.1	2683778	631290	23.5224	629771	99.7594	627317	99.6103	1519	0.2406	628830	99.6103	4484	0.7103	2024	45.1383	526	11.7306	1184	26.4050	2692	60.0357	70126	58.7699	69657	60.0629	0.9781
ESO1238105120S1K	stools_11051150	na	NZ_CP040878.1	2618436	2150153	82.1159	2145174	99.7684	2137479	99.6413	4979	0.2316	2142438	99.6412	13020	0.6055	5305	40.7450	380	2.9186	2569	19.7312	9917	76.1674	23723	100.0000	50961	62.2574	0.9895
ESO1238105120S1K	stools_11051501	na	NZ_CP040878.1	2618436	1996405	76.2442	1989559	99.6571	1983289	99.6849	6846	0.3429	1990113	99.6848	13417	0.6721	7125	53.1043	349	2.6012	2353	17.5375	10590	78.9297	23723	100.0000	60305	61.6284	0.9859
ESO1238105120S1K	stools_12064150	na	NZ_CP030110.1	2683778	868781	32.3716	866066	99.6875	861574	99.4813	2715	0.3125	864281	99.4820	8001	0.9209	3501	43.7570	819	10.2362	1688	21.0974	5415	67.6790	70126	80.2099	123014	67.2533	0.9689
ESO1238105120S1K	stools_12072101	na	NZ_CP030110.1	2683778	1290828	48.0974	1288402	99.8121	1284827	99.7225	2426	0.1879	1287235	99.7217	7252	0.5618	3659	50.4550	1314	18.1191	2691	37.1070	3149	43.4225	70126	88.9684	100729	69.3812	0.9794
ESO1238105120S1K	stools_12072101	na	NZ_LR215968.1	2545110	2089226	82.0878	2078487	99.4860	2076008	99.8807	10739	0.5140	2086735	99.8808	14351	0.6869	11860	82.6423	1341	9.3443	8718	60.7484	3687	25.6916	21710	100.0000	38164	64.1285	0.9931
ESO1238105120S1K	stools_12086501	na	NZ_CP040878.1	2618436	1937078	73.9784	1933100	99.7946	1932722	99.9804	3978	0.2054	1936700	99.9805	4801	0.2478	4423	92.1266	564	11.7476	2171	45.2197	1927	40.1375	23723	100.0000	55614	41.7521	0.9860
ESO1238105120S1K	stools_12086501	na	NZ_LR215968.1	2545110	1903825	74.8033	1894393	99.5046	1892405	99.8951	9432	0.4954	1901827	99.8951	11928	0.6265	9930	83.2495	912	7.6459	8301	69.5926	2216	18.5781	21710	0.0000	18355	0.0000	0.9843
ESO1241101120S2K	stools_11009101	na	NZ_AP027299.1	2900900	972671	33.5300	970860	99.8138	968199	99.7259	1811	0.1862	970005	99.7259	4869	0.5006	2203	45.2454	415	8.5233	3573	73.3826	835	17.1493	64432	100.0000	147316	70.8131	0.9685
ESO1241101120S2K	stools_11009150	na	NZ_AP027299.1	2900900	468536	16.1514	467626	99.8058	466337	99.7244	910	0.1942	467245	99.7245	2386	0.5092	1095	45.8927	188	7.8793	1871	78.4158	309	12.9505	64432	100.0000	171632	55.1616	0.9568
ESO1241101120S2K	stools_11015101	na	NZ_AP027299.1	2900900	982005	33.8517	979859	99.7815	977133	99.7218	2146	0.2185	979273	99.7218	5276	0.5373	2544	48.2183	441	8.3586	3688	69.9014	1103	20.9060	64432	100.0000	158137	48.7438	0.9473
ESO1241101120S2K	stools_11015501	na	NZ_AP027299.1	2900900	968378	33.3820	966561	99.8124	963871	99.7217	1817	0.1876	965683	99.7217	4909	0.5069	2214	45.1008	408	8.3113	3617	73.6810	832	16.9485	64432	81.4890	150519	45.7736	0.9454
ESO1241101120S2K	stools_11016150	na	NZ_AP027299.1	2900900	825734	28.4648	823879	99.7754	821696	99.7350	1855	0.2246	823546	99.7350	4366	0.5287	2178	49.8855	409	9.3678	2996	68.6212	856	19.6060	64432	100.0000	172291	57.8568	0.9572
ESO1241101120S2K	stools_11019101	na	NZ_AP027299.1	2900900	568761	19.6064	567301	99.7433	565201	99.6298	1460	0.2567	566652	99.6292	3768	0.6625	1659	44.0287	289	7.6699	2263	60.0584	1190	31.5817	64432	81.4890	285955	25.9226	0.9041
ESO1241101120S2K	stools_11019501	na	NZ_AP027299.1	2900900	398002	13.7199	397066	99.7648	395482	99.6011	936	0.2352	396416	99.6015	2695	0.6771	1109	41.1503	215	7.9777	1535	56.9573	899	33.3581	64432	100.0000	287305	32.5769	0.9038
ESO1241101120S2K	stools_11053501	na	NZ_AP027299.1	2900900	722283	24.8986	720834	99.7994	718887	99.7299	1449	0.2006	720333	99.7300	3674	0.5087	1724	46.9243	282	7.6756	2840	77.2999	533	14.5073	64432	100.0000	202530	48.0605	0.9502
ESO1241104120S1K	stools_11055101	na	NZ_CP055230.1	2835470	1627465	57.3967	1625728	99.8933	1624882	99.9480	1737	0.1067	1626615	99.9478	14720	0.9045	13870	94.2255	12264	83.3152	1479	10.0476	665	4.5177	114752	94.6180	125986	90.2497	0.9896
ESO1241104120S1K	stools_11110101	na	NZ_CP055230.1	2835470	1513595	53.3807	1511964	99.8922	1500741	99.2577	1631	0.1078	1502351	99.2571	17905	1.1829	6661	37.2019	5097	28.4669	7005	39.1231	5757	32.1530	114752	66.0041	75928	89.3873	0.9750
ESO1241104120S1K	stools_12098150	na	NZ_CP055230.1	2835470	2280106	80.4137	2277439	99.8830	2276869	99.9750	2667	0.1170	2279527	99.9746	19775	0.8673	19196	97.0721	16760	84.7535	1986	10.0430	681	3.4437	114752	100.0000	126421	94.4598	0.9953
ESO1242101120S1K	stools_11009101	na	NZ_AP027299.1	2900900	457698	15.7778	457431	99.9417	456902	99.8844	267	0.0583	457161	99.8827	1275	0.2786	738	57.8824	481	37.7255	525	41.1765	231	18.1176	148815	83.1885	147316	72.9703	0.9609
ESO1242101120S1K	stools_11009150	na	NZ_AP027299.1	2900900	225366	7.7688	225230	99.9397	224941	99.8717	136	0.0603	225076	99.8713	645	0.2862	355	55.0388	222	34.4186	303	46.9767	118	18.2946	148815	92.2777	171632	74.1756	0.9747
ESO1242101120S1K	stools_11015101	na	NZ_AP027299.1	2900900	468630	16.1546	468245	99.9178	467691	99.8817	385	0.0822	468068	99.8801	1585	0.3382	1023	64.5426	651	41.0726	559	35.2681	369	23.2808	148815	92.2777	158137	83.3815	0.9849
ESO1242101120S1K	stools_11015501	na	NZ_AP027299.1	2900900	461893	15.9224	461616	99.9400	461050	99.8774	277	0.0600	461326	99.8772	1499	0.3245	932	62.1748	657	43.8292	565	37.6918	257	17.1448	148815	92.2777	150519	87.6361	0.9829
ESO1242101120S1K	stools_11016150	na	NZ_AP027299.1	2900900	392416	13.5274	392104	99.9205	391657	99.8860	312	0.0795	391965	99.8851	1158	0.2951	707	61.0535	423	36.5285	422	36.4421	307	26.5112	148815	92.2777	172291	75.9036	0.9788
ESO1242101120S1K	stools_11019101	na	NZ_AP027299.1	2900900	279190	9.6243	278963	99.9187	278100	99.6906	227	0.0813	278326	99.6905	1359	0.4868	495	36.4238	300	22.0751	472	34.7314	557	40.9860	148815	83.3021	285955	56.1889	0.9435
ESO1242101120S1K	stools_11019501	na	NZ_AP027299.1	2900900	192695	6.6426	192484	99.8905	191846	99.6685	211	0.1095	192048	99.6642	1095	0.5683	448	40.9132	261	23.8356	359	32.7854	453	41.3699	148815	83.3021	287305	54.8128	0.9426
ESO1242101120S1K	stools_11053501	na	NZ_AP027299.1	2900900	352280	12.1438	352094	99.9472	351649	99.8736	186	0.0528	351834	99.8734	938	0.2663	492	52.4520	309	32.9424	473	50.4264	153	16.3113	148815	92.2777	202530	68.8417	0.9718
ESO1247101120S1K	stools_11021150	na	NZ_CP055229.1	2711996	2296821	84.6912	2295407	99.9384	2294907	99.9782	1414	0.0616	2296320	99.9782	4794	0.2087	4293	89.5494	2987	62.3071	542	11.3058	1145	23.8840	116445	100.0000	109871	100.0000	0.9961
ESO1247101120S1K	stools_11024150	na	NZ_CP055229.1	2711996	2266521	83.5739	2263337	99.8595	2262830	99.9776	3184	0.1405	2266011	99.9775	6480	0.2859	5970	92.1296	2850	43.9815	560	8.6420	2979	45.9722	116445	100.0000	114735	100.0000	0.9979
ESO1247101120S1K	stools_11030101	na	NZ_CP055229.1	2711996	1843305	67.9686	1841691	99.9124	1839516	99.8819	1614	0.0876	1841123	99.8816	4960	0.2691	2778	56.0081	1198	24.1532	1413	28.4879	2300	46.3710	116445	61.5011	121323	76.1323	0.9637
ESO1247101120S1K	stools_11055101	na	NZ_CP055229.1	2711996	1416303	52.2236	1415422	99.9378	1402920	99.1167	881	0.0622	1403768	99.1149	14142	0.9985	1607	11.3633	763	5.3953	1456	10.2956	11910	84.2172	116445	50.8781	105680	47.6438	0.9512
ESO1247109120S1K	stools_11021150	na	NZ_CP055229.1	2711996	2416514	89.1046	2414351	99.9105	2412728	99.9328	2163	0.0895	2414882	99.9325	6146	0.2543	4514	73.4461	2436	39.6355	1679	27.3186	1867	30.3775	91251	81.2112	109871	64.2899	0.9763
ESO1247109120S1K	stools_11024150	na	NZ_CP055229.1	2711996	2385613	87.9652	2381672	99.8348	2380083	99.9333	3941	0.1652	2384017	99.9331	7832	0.3283	6236	79.6221	2373	30.2988	1693	21.6164	3678	46.9612	91251	81.2112	114735	65.2643	0.9779
ESO1247109120S1K	stools_11030101	na	NZ_CP055229.1	2711996	1966248	72.5019	1963883	99.8797	1961682	99.8879	2365	0.1203	1964037	99.8876	5812	0.2956	3601	61.9580	1304	22.4363	1850	31.8307	2598	44.7006	91251	54.4158	121323	59.5238	0.9560
ESO1247109120S1K	stools_11055101	na	NZ_CP055229.1	2711996	1469318	54.1785	1468058	99.9142	1455070	99.1153	1260	0.0858	1456288	99.1132	15047	1.0241	2017	13.4047	837	5.5626	1746	11.6036	12428	82.5945	91251	11.2886	105680	14.1995	0.9336
ESO1247210120S1K	stools_11055101	na	NZ_CP055230.1	2835470	372371	13.1326	372238	99.9643	369148	99.1699	133	0.0357	369275	99.1686	4559	1.2243	1463	32.0904	1336	29.3047	1494	32.7703	1721	37.7495	104177	74.5107	125986	59.3709	0.9641
ESO1247210120S1K	stools_11110101	na	NZ_CP055230.1	2835470	420282	14.8223	420147	99.9679	419828	99.9241	135	0.0321	419963	99.9241	3199	0.7612	2880	90.0281	2746	85.8393	240	7.5023	214	6.6896	104177	54.1626	75928	70.3996	0.9775
ESO1247210120S1K	stools_12098150	na	NZ_CP055230.1	2835470	581106	20.4942	580917	99.9675	576316	99.2080	189	0.0325	576503	99.2079	6656	1.1454	2053	30.8444	1866	28.0349	2340	35.1562	2463	37.0042	104177	83.5405	126421	61.3450	0.9613
ESO1350507120S1K	stools_11009101	na	NZ_AP027299.1	2900900	521961	17.9931	521838	99.9764	521629	99.9599	123	0.0236	521752	99.9600	834	0.1598	625	74.9400	507	60.7914	140	16.7866	161	19.3046	184706	90.6343	147316	91.7680	0.9728
ESO1350507120S1K	stools_11009150	na	NZ_AP027299.1	2900900	263029	9.0672	262964	99.9753	262840	99.9528	65	0.0247	262905	99.9529	425	0.1616	301	70.8235	239	56.2353	84	19.7647	91	21.4118	184706	100.0000	171632	87.7459	0.9842
ESO1350507120S1K	stools_11015101	na	NZ_AP027299.1	2900900	528791	18.2285	528572	99.9586	528481	99.9828	219	0.0414	528700	99.9828	839	0.1587	748	89.1538	530	63.1704	80	9.5352	192	22.8844	184706	91.2418	158137	87.7315	0.9809
ESO1350507120S1K	stools_11015501	na	NZ_AP027299.1	2900900	523558	18.0481	523414	99.9725	523323	99.9826	144	0.0275	523464	99.9820	806	0.1539	712	88.3375	571	70.8437	72	8.9330	115	14.2680	184706	84.1229	150519	87.6361	0.9789
ESO1350507120S1K	stools_11016150	na	NZ_AP027299.1	2900900	456458	15.7350	456244	99.9531	456032	99.9535	214	0.0469	456246	99.9536	866	0.1897	654	75.5196	440	50.8083	130	15.0115	282	32.5635	184706	100.0000	172291	96.3475	0.9807
ESO1350507120S1K	stools_11019101	na	NZ_AP027299.1	2900900	310835	10.7151	310660	99.9437	309845	99.7377	175	0.0563	310019	99.7375	1113	0.3581	297	26.6846	124	11.1411	231	20.7547	748	67.2058	184706	69.8965	285955	48.2212	0.9244
ESO1350507120S1K	stools_11019501	na	NZ_AP027299.1	2900900	221845	7.6475	221733	99.9495	221075	99.7032	112	0.0505	221186	99.7029	860	0.3877	201	23.3721	90	10.4651	176	20.4651	592	68.8372	184706	77.0154	287305	52.5657	0.9218
ESO1350507120S1K	stools_11053501	na	NZ_AP027299.1	2900900	399901	13.7854	399806	99.9762	399551	99.9362	95	0.0238	399646	99.9362	666	0.1665	411	61.7117	319	47.8979	166	24.9249	165	24.7748	184706	100.0000	202530	84.9770	0.9791
ESO1350511120S1K	stools_11009101	na	NZ_AP027299.1	2900900	1264573	43.5924	1264074	99.9605	1263604	99.9628	499	0.0395	1264101	99.9627	2282	0.1805	1810	79.3164	1331	58.3260	440	19.2813	418	18.3173	196183	81.3067	147316	91.5318	0.9694
ESO1350511120S1K	stools_11009150	na	NZ_AP027299.1	2900900	605744	20.8812	605581	99.9731	605285	99.9511	163	0.0269	605446	99.9508	1038	0.1714	740	71.2909	583	56.1657	281	27.0713	156	15.0289	196183	91.7674	171632	92.7315	0.9824
ESO1350511120S1K	stools_11015101	na	NZ_AP027299.1	2900900	1275251	43.9605	1274447	99.9370	1273900	99.9571	804	0.0630	1274701	99.9569	2753	0.2159	2203	80.0218	1433	52.0523	479	17.3992	755	27.4246	196183	91.7674	158137	95.6500	0.9791
ESO1350511120S1K	stools_11015501	na	NZ_AP027299.1	2900900	1257188	43.3379	1256754	99.9655	1256252	99.9601	434	0.0345	1256684	99.9599	2338	0.1860	1834	78.4431	1405	60.0941	506	21.6424	390	16.6809	196183	91.7674	150519	100.0000	0.9795
ESO1350511120S1K	stools_11016150	na	NZ_AP027299.1	2900900	1061603	36.5956	1061046	99.9475	1060623	99.9601	557	0.0525	1061178	99.9600	1993	0.1877	1568	78.6754	1036	51.9819	367	18.4145	536	26.8941	196183	87.7706	172291	89.7162	0.9783
ESO1350511120S1K	stools_11019101	na	NZ_AP027299.1	2900900	725818	25.0204	725352	99.9358	723652	99.7656	466	0.0642	724102	99.7636	2430	0.3348	714	29.3827	285	11.7284	716	29.4650	1413	58.1481	196183	82.2910	285955	58.8093	0.9231
ESO1350511120S1K	stools_11019501	na	NZ_AP027299.1	2900900	497391	17.1461	497114	99.9443	495738	99.7232	277	0.0557	496014	99.7232	1851	0.3721	474	25.6078	210	11.3452	540	29.1734	1100	59.4273	196183	82.2910	287305	56.5128	0.9149
ESO1350511120S1K	stools_11053501	na	NZ_AP027299.1	2900900	923897	31.8486	923608	99.9687	922953	99.9291	289	0.0313	923239	99.9288	1672	0.1810	1014	60.6459	731	43.7201	549	32.8349	375	22.4282	196183	94.9583	202530	91.2423	0.9830
ESO1361010120S1K	stools_12101150	na	NZ_CP109802.1	2880439	150220	5.2152	150006	99.8575	149485	99.6527	214	0.1425	149695	99.6505	823	0.5479	298	36.2090	91	11.0571	302	36.6950	423	51.3973	81624	64.0706	51851	68.1588	0.9804
EST1212204101S1K	stools_11021150	na	NZ_CP055229.1	2711996	2370845	87.4207	2368910	99.9184	2366708	99.9070	1935	0.0816	2368634	99.9067	5934	0.2503	3723	62.7401	1906	32.1200	1561	26.3060	2399	40.4280	108816	92.6362	109871	89.7999	0.9818
EST1212204101S1K	stools_11024150	na	NZ_CP055229.1	2711996	2346563	86.5253	2342786	99.8390	2340647	99.9087	3777	0.1610	2344421	99.9087	7654	0.3262	5512	72.0146	1793	23.4257	1664	21.7403	4140	54.0894	108816	92.6362	114735	90.0806	0.9836
EST1212204101S1K	stools_11030101	na	NZ_CP055229.1	2711996	1947247	71.8012	1945002	99.8847	1943117	99.9031	2245	0.1153	1945355	99.9028	5375	0.2760	3483	64.8000	1375	25.5814	1491	27.7395	2484	46.2140	108816	73.9009	121323	69.4419	0.9736
EST1212204101S1K	stools_11055101	na	NZ_CP055229.1	2711996	1442431	53.1871	1441374	99.9267	1428902	99.1347	1057	0.0733	1429921	99.1327	14327	0.9933	1817	12.6823	826	5.7653	1401	9.7787	12051	84.1139	108816	51.4704	105680	49.0140	0.9576
EST1212206101S1K	stools_11021150	na	NZ_CP055229.1	2711996	1599977	58.9963	1598832	99.9284	1597719	99.9304	1145	0.0716	1598862	99.9303	3641	0.2276	2526	69.3765	1446	39.7144	809	22.2192	1280	35.1552	117920	93.2488	109871	89.7999	0.9878
EST1212206101S1K	stools_11024150	na	NZ_CP055229.1	2711996	1595699	58.8385	1593279	99.8483	1592190	99.9317	2420	0.1517	1594609	99.9317	4871	0.3053	3781	77.6227	1388	28.4952	873	17.9224	2527	51.8785	117920	93.2488	114735	90.0806	0.9893
EST1212206101S1K	stools_11030101	na	NZ_CP055229.1	2711996	1372206	50.5976	1370564	99.8803	1369145	99.8965	1642	0.1197	1370782	99.8962	3904	0.2845	2480	63.5246	876	22.4385	1071	27.4334	1924	49.2828	117920	71.2593	121323	76.1323	0.9723
EST1212206101S1K	stools_11055101	na	NZ_CP055229.1	2711996	912514	33.6473	912049	99.9490	904076	99.1258	465	0.0510	904524	99.1244	8958	0.9817	968	10.8060	524	5.8495	767	8.5622	7641	85.2981	117920	43.5092	105680	49.0140	0.9537
EST1212206201S1K	stools_11021150	na	NZ_CP055229.1	2711996	1522741	56.1483	1521636	99.9274	1520403	99.9190	1105	0.0726	1521503	99.9187	3740	0.2456	2502	66.8984	1451	38.7968	950	25.4011	1314	35.1337	117083	93.3030	109871	89.7999	0.9879
EST1212206201S1K	stools_11024150	na	NZ_CP055229.1	2711996	1511065	55.7178	1508826	99.8518	1507605	99.9191	2239	0.1482	1509843	99.9191	4838	0.3202	3616	74.7416	1403	28.9996	1003	20.7317	2403	49.6693	117083	93.3030	114735	90.0806	0.9896
EST1212206201S1K	stools_11030101	na	NZ_CP055229.1	2711996	1272241	46.9116	1270858	99.8913	1269419	99.8868	1383	0.1087	1270799	99.8867	3605	0.2834	2163	60.0000	836	23.1900	1104	30.6241	1623	45.0208	117083	71.1017	121323	76.1323	0.9720
EST1212206201S1K	stools_11055101	na	NZ_CP055229.1	2711996	891216	32.8620	890783	99.9514	882973	99.1232	433	0.0486	883389	99.1218	8705	0.9768	878	10.0862	465	5.3418	795	9.1327	7426	85.3073	117083	42.8525	105680	49.0140	0.9535
EST1212703101S1K	stools_11016101	na	NZ_CP055231.1	2735684	608358	22.2379	606894	99.7594	606025	99.8568	1464	0.2406	607486	99.8567	2424	0.3984	1552	64.0264	124	5.1155	1167	48.1436	1074	44.3069	83813	100.0000	114390	92.0762	0.9784
EST1212703101S1K	stools_12095102	na	NZ_CP055231.1	2735684	550311	20.1160	549254	99.8079	549028	99.9589	1057	0.1921	550085	99.9589	1345	0.2444	1119	83.1970	63	4.6840	1151	85.5762	131	9.7398	83813	16.2266	14638	100.0000	0.9838
EST1212705101S1K	stools_11021150	na	NZ_CP055229.1	2711996	2209075	81.4557	2207766	99.9407	2207058	99.9679	1309	0.0593	2208363	99.9678	4841	0.2191	4129	85.2923	2961	61.1650	707	14.6044	1034	21.3592	116184	100.0000	109871	100.0000	0.9961
EST1212705101S1K	stools_11024150	na	NZ_CP055229.1	2711996	2174019	80.1631	2170936	99.8582	2170218	99.9669	3083	0.1418	2173296	99.9667	6482	0.2982	5759	88.8460	2766	42.6720	729	11.2465	2868	44.2456	116184	100.0000	114735	100.0000	0.9978
EST1212705101S1K	stools_11030101	na	NZ_CP055229.1	2711996	1753193	64.6459	1751757	99.9181	1749591	99.8764	1436	0.0819	1751018	99.8759	4725	0.2695	2550	53.9683	1158	24.5079	1501	31.7672	2019	42.7302	116184	61.4663	121323	76.1323	0.9637
EST1212705101S1K	stools_11055101	na	NZ_CP055229.1	2711996	1392420	51.3430	1391505	99.9343	1379220	99.1171	915	0.0657	1380096	99.1149	13959	1.0025	1635	11.7129	786	5.6308	1491	10.6813	11663	83.5518	116184	50.8280	105680	47.6438	0.9512
EST1213404101S1K	stools_11055101	na	NZ_CP055230.1	2835470	530421	18.7066	530187	99.9559	525938	99.1986	234	0.0441	526151	99.1950	6394	1.2055	2124	33.2186	1911	29.8874	2080	32.5305	2411	37.7072	96101	73.5674	125986	54.3370	0.9582
EST1213404101S1K	stools_11110101	na	NZ_CP055230.1	2835470	588231	20.7454	588041	99.9677	587546	99.9158	190	0.0323	587735	99.9157	4481	0.7618	3985	88.9310	3796	84.7132	416	9.2836	241	5.3783	96101	70.4457	75928	81.0650	0.9823
EST1213404101S1K	stools_12098150	na	NZ_CP055230.1	2835470	810335	28.5785	809989	99.9573	803717	99.2257	346	0.0427	804053	99.2248	9219	1.1377	2937	31.8581	2601	28.2135	3235	35.0906	3387	36.7393	96101	81.6048	126421	55.1158	0.9579
EST1232702101S1K	stools_11021150	na	NZ_CP055229.1	2711996	1265481	46.6623	1264551	99.9265	1263455	99.9133	930	0.0735	1264377	99.9128	3251	0.2569	2147	66.0412	1235	37.9883	1033	31.7748	935	28.7604	110253	93.1802	109871	89.7999	0.9901
EST1232702101S1K	stools_11024150	na	NZ_CP055229.1	2711996	1256932	46.3471	1255018	99.8477	1253868	99.9084	1914	0.1523	1255776	99.9080	4265	0.3393	3109	72.8957	1204	28.2298	1087	25.4865	1946	45.6272	110253	93.1802	114735	90.0806	0.9919
EST1232702101S1K	stools_11030101	na	NZ_CP055229.1	2711996	1053937	38.8620	1052585	99.8717	1051150	99.8637	1352	0.1283	1052493	99.8630	3459	0.3282	2015	58.2538	682	19.7167	1225	35.4149	1518	43.8855	110253	69.3541	121323	76.1323	0.9700
EST1232702101S1K	stools_11055101	na	NZ_CP055229.1	2711996	744334	27.4460	743924	99.9449	737407	99.1240	410	0.0551	737804	99.1227	7330	0.9848	800	10.9141	403	5.4980	689	9.3997	6221	84.8704	110253	41.3984	105680	49.0140	0.9551
EST1233822201S1K	stools_11016101	na	NZ_CP055231.1	2735684	564824	20.6465	561812	99.4667	560684	99.7992	3012	0.5333	563691	99.7994	4251	0.7526	3118	73.3474	128	3.0111	3071	72.2418	998	23.4768	71212	89.9722	114390	68.7735	0.9769
EST1233822201S1K	stools_12095102	na	NZ_CP055231.1	2735684	509840	18.6367	507375	99.5165	506793	99.8853	2465	0.4835	509256	99.8855	3107	0.6094	2523	81.2037	61	1.9633	2917	93.8848	128	4.1197	71212	20.1328	14638	100.0000	0.9855
EST1234709101S1K	stools_11021150	na	NZ_CP055229.1	2711996	2404560	88.6638	2403041	99.9368	2402748	99.9878	1519	0.0632	2404265	99.9877	4924	0.2048	4629	94.0089	3228	65.5565	443	8.9968	1155	23.4565	123686	95.9138	109871	100.0000	0.9944
EST1234709101S1K	stools_11024150	na	NZ_CP055229.1	2711996	2378153	87.6901	2374833	99.8604	2374527	99.9871	3320	0.1396	2377845	99.9870	6598	0.2774	6290	95.3319	3060	46.3777	459	6.9567	3003	45.5138	123686	95.9138	114735	100.0000	0.9961
EST1234709101S1K	stools_11030101	na	NZ_CP055229.1	2711996	1955248	72.0963	1953275	99.8991	1950988	99.8829	1973	0.1009	1952955	99.8827	5472	0.2799	3179	58.0958	1248	22.8070	1578	28.8377	2627	48.0080	123686	63.6919	121323	85.3128	0.9662
EST1234709101S1K	stools_11055101	na	NZ_CP055229.1	2711996	1452221	53.5481	1451333	99.9389	1438508	99.1163	888	0.0611	1439362	99.1145	14500	0.9985	1641	11.3172	809	5.5793	1442	9.9448	12234	84.3724	123686	49.2465	105680	47.6438	0.9497
EST1237103201S1K	stools_11021150	na	NZ_CP055229.1	2711996	2369400	87.3674	2366892	99.8942	2365270	99.9315	2508	0.1058	2367768	99.9311	6550	0.2764	4918	75.0840	2568	39.2061	2090	31.9084	1759	26.8550	90064	100.0000	109871	89.7999	0.9924
EST1237103201S1K	stools_11024150	na	NZ_CP055229.1	2711996	2338986	86.2459	2334648	99.8145	2333064	99.9322	4338	0.1855	2337393	99.9319	8218	0.3513	6625	80.6157	2379	28.9486	2133	25.9552	3586	43.6359	90064	100.0000	114735	90.0806	0.9904
EST1237103201S1K	stools_11030101	na	NZ_CP055229.1	2711996	1923407	70.9222	1920881	99.8687	1918648	99.8838	2526	0.1313	1921165	99.8834	5985	0.3112	3743	62.5397	1330	22.2222	2255	37.6775	2358	39.3985	90064	62.6987	121323	76.1323	0.9629
EST1237103201S1K	stools_11055101	na	NZ_CP055229.1	2711996	1456484	53.7052	1455015	99.8991	1442137	99.1149	1469	0.1009	1443563	99.1129	15129	1.0387	2208	14.5945	810	5.3540	2092	13.8277	12202	80.6531	90064	28.9605	105680	39.8193	0.9453
EST1238004201S1K	stools_11021150	na	NZ_CP055229.1	2711996	2416786	89.1147	2408375	99.6520	2407006	99.9432	8411	0.3480	2415406	99.9429	11797	0.4881	10417	88.3021	2170	18.3945	7373	62.4989	1760	14.9190	40904	100.0000	109871	37.0626	0.9680
EST1238004201S1K	stools_11024150	na	NZ_CP055229.1	2711996	2384465	87.9229	2374269	99.5724	2372972	99.9454	10196	0.4276	2383158	99.9452	13434	0.5634	12127	90.2710	2056	15.3045	7331	54.5705	3596	26.7679	40904	100.0000	114735	40.0488	0.9698
EST1238004201S1K	stools_11030101	na	NZ_CP055229.1	2711996	1970465	72.6574	1963000	99.6212	1961121	99.9043	7465	0.3788	1968573	99.9040	10498	0.5328	8606	81.9775	1219	11.6117	6633	63.1835	2501	23.8236	40904	100.0000	121323	49.3352	0.9699
EST1238004201S1K	stools_11055101	na	NZ_CP055229.1	2711996	1491598	55.0000	1486361	99.6489	1476907	99.3639	5237	0.3511	1482110	99.3639	15674	1.0508	6186	39.4666	1058	6.7500	2152	13.7297	9172	58.5173	40904	100.0000	105680	39.8193	0.9735
EST1238105101S1K	stools_11051150	na	NZ_CP040878.1	2618436	2127794	81.2620	2124787	99.8587	2116969	99.6321	3007	0.1413	2119967	99.6322	11193	0.5260	3366	30.0724	382	3.4128	745	6.6559	10010	89.4309	7484	100.0000	50961	24.2774	0.9833
EST1238105101S1K	stools_11051501	na	NZ_CP040878.1	2618436	1969020	75.1983	1964065	99.7484	1957738	99.6779	4955	0.2516	1962683	99.6782	11608	0.5895	5271	45.4083	356	3.0669	630	5.4273	10562	90.9890	7484	100.0000	60305	20.6699	0.9798
EST1238105101S1K	stools_12086501	na	NZ_CP040878.1	2618436	1901007	72.6009	1898781	99.8829	1898380	99.9789	2226	0.1171	1900602	99.9787	3072	0.1616	2667	86.8164	456	14.8438	537	17.4805	2004	65.2344	7484	100.0000	55614	12.8295	0.9806
EST1241104101S1K	stools_11055101	na	NZ_CP055230.1	2835470	1810533	63.8530	1809012	99.9160	1808068	99.9478	1521	0.0840	1809577	99.9472	16502	0.9114	15546	94.2068	14428	87.4318	1031	6.2477	785	4.7570	111389	94.4510	125986	90.2497	0.9899
EST1241104101S1K	stools_11110101	na	NZ_CP055230.1	2835470	1534958	54.1342	1534205	99.9509	1522323	99.2255	753	0.0491	1523049	99.2241	17894	1.1658	5985	33.4470	5321	29.7362	6686	37.3645	5876	32.8378	111389	66.7005	75928	89.3873	0.9760
EST1241104101S1K	stools_12098150	na	NZ_CP055230.1	2835470	2418396	85.2908	2416719	99.9307	2416129	99.9756	1677	0.0693	2417796	99.9752	20957	0.8666	20357	97.1370	19084	91.0627	912	4.3518	675	3.2209	111389	100.0000	126421	94.4598	0.9944
EST1241108101S1K	stools_11021150	na	NZ_CP055229.1	2711996	2037928	75.1449	2036296	99.9199	2036032	99.9870	1632	0.0801	2037663	99.9870	4268	0.2094	4003	93.7910	2482	58.1537	777	18.2052	932	21.8369	126011	95.9265	109871	100.0000	0.9935
EST1241108101S1K	stools_11024150	na	NZ_CP055229.1	2711996	2029885	74.8484	2026550	99.8357	2026285	99.9869	3335	0.1643	2029618	99.9868	5939	0.2926	5672	95.5043	2385	40.1583	880	14.8173	2597	43.7279	126011	95.9265	114735	100.0000	0.9951
EST1241108101S1K	stools_11030101	na	NZ_CP055229.1	2711996	1708117	62.9838	1705939	99.8725	1704115	99.8931	2178	0.1275	1706285	99.8927	5057	0.2961	3225	63.7730	1147	22.6814	1602	31.6789	2281	45.1058	126011	64.5610	121323	85.3128	0.9671
EST1241108101S1K	stools_11055101	na	NZ_CP055229.1	2711996	1191752	43.9437	1190988	99.9359	1180616	99.1291	764	0.0641	1181353	99.1274	11780	0.9885	1381	11.7233	649	5.5093	1115	9.4652	9989	84.7963	126011	50.1440	105680	47.6438	0.9489
EST1242101101S1K	stools_11021150	na	NZ_CP055229.1	2711996	2189746	80.7430	2188113	99.9254	2186733	99.9369	1633	0.0746	2188361	99.9368	5090	0.2324	3705	72.7898	2126	41.7682	1171	23.0059	1718	33.7525	110796	90.3002	109871	89.7999	0.9849
EST1242101101S1K	stools_11024150	na	NZ_CP055229.1	2711996	2181008	80.4208	2177671	99.8470	2176330	99.9384	3337	0.1530	2179665	99.9384	6697	0.3071	5354	79.9462	2056	30.7003	1202	17.9483	3358	50.1419	110796	90.3002	114735	90.0806	0.9863
EST1242101101S1K	stools_11030101	na	NZ_CP055229.1	2711996	1836503	67.7178	1834428	99.8870	1832512	99.8956	2075	0.1130	1834586	99.8956	5160	0.2810	3243	62.8488	1233	23.8953	1453	28.1589	2405	46.6085	110796	69.5892	121323	76.1323	0.9701
EST1242101101S1K	stools_11055101	na	NZ_CP055229.1	2711996	1300224	47.9434	1299449	99.9404	1288146	99.1302	775	0.0596	1288898	99.1289	12797	0.9842	1471	11.4949	735	5.7435	1200	9.3772	10808	84.4573	110796	41.6351	105680	49.0140	0.9511
EST1242103101S1K	stools_12101150	na	NZ_CP109802.1	2880439	161575	5.6094	161216	99.7778	160080	99.2954	359	0.2222	160432	99.2926	1631	1.0094	488	29.9203	138	8.4611	1238	75.9044	194	11.8945	37615	31.6921	51851	24.4894	0.9862
EST1242206101S1K	stools_11008101	na	NZ_CP034169.1	4794392	1909353	39.8247	1903537	99.6954	1885066	99.0296	5816	0.3046	1890837	99.0302	27020	1.4151	8504	31.4730	2838	10.5033	4769	17.6499	18823	69.6632	371127	68.8570	308410	66.1490	0.9313
EST1242206101S1K	stools_11013101	na	NZ_CP034169.1	4794392	1189542	24.8111	1188407	99.9046	1176061	98.9611	1135	0.0954	1177188	98.9614	15232	1.2805	2878	18.8944	1779	11.6794	3180	20.8771	10127	66.4850	371127	70.7639	646717	44.2510	0.8769
EST1242206101S1K	stools_11018101	na	NZ_CP034169.1	4794392	1028829	21.4590	1027620	99.8825	1017442	99.0096	1209	0.1175	1018646	99.0102	13133	1.2765	2950	22.4625	1785	13.5917	2614	19.9041	8579	65.3240	371127	68.8570	576357	47.5601	0.8922
EST1242206101S1K	stools_11039101	na	NZ_CP034169.1	4794392	1882162	39.2576	1874178	99.5758	1857958	99.1346	7984	0.4242	1865891	99.1355	26851	1.4266	10580	39.4026	2803	10.4391	4649	17.3141	18283	68.0906	371127	34.9013	261089	52.6813	0.9160
EST1242206101S1K	stools_11039101	na	NZ_CP046307.1	3274932	1031287	31.4903	1031028	99.9749	1027615	99.6690	259	0.0251	1027870	99.6687	4745	0.4601	1328	27.9874	1075	22.6554	1509	31.8019	2132	44.9315	243523	62.6039	153940	48.5975	0.9207
EST1242206101S1K	stools_11041101	na	NZ_CP034169.1	4794392	2139529	44.6257	2136493	99.8581	2112930	98.8971	3036	0.1419	2115927	98.8969	31323	1.4640	7721	24.6496	4743	15.1422	4920	15.7073	21374	68.2374	371127	57.6619	481782	35.6066	0.8863
EST1242206101S1K	stools_11041101	na	NZ_CP046307.1	3274932	998749	30.4968	998092	99.9342	997648	99.9555	657	0.0658	998301	99.9551	3536	0.3540	3088	87.3303	2436	68.8914	284	8.0317	801	22.6527	243523	100.0000	242368	92.2498	0.9873
EST1242206101S1K	stools_11044101	na	NZ_CP034169.1	4794392	2258566	47.1085	2233498	98.8901	2219565	99.3762	25068	1.1099	2244462	99.3755	42135	1.8656	28031	66.5266	3347	7.9435	4652	11.0407	31810	75.4954	371127	66.4538	274616	69.7232	0.9379
EST1242206101S1K	stools_11045101	na	NZ_CP034169.1	4794392	1109897	23.1499	1102884	99.3681	1095627	99.3420	7013	0.6319	1102611	99.3435	15485	1.3952	8199	52.9480	1288	8.3177	2805	18.1143	10408	67.2134	371127	53.0118	219509	56.7466	0.9243
EST1242206101S1K	stools_11045101	na	NZ_CP046307.1	3274932	404512	12.3518	404376	99.9664	404151	99.9444	136	0.0336	404287	99.9444	1269	0.3137	1044	82.2695	908	71.5524	88	6.9346	264	20.8038	243523	90.6580	206804	100.0000	0.9891
EST1242206101S1K	stools_11047101	na	NZ_CP034169.1	4794392	1312225	27.3700	1309008	99.7548	1297110	99.0911	3217	0.2452	1300309	99.0919	17232	1.3132	5316	30.8496	2146	12.4536	3070	17.8157	11493	66.6957	371127	34.9013	240697	46.6188	0.9091
EST1242206101S1K	stools_11047101	na	NZ_CP046307.1	3274932	488416	14.9138	487783	99.8704	486378	99.7120	633	0.1296	487010	99.7121	2315	0.4740	909	39.2657	279	12.0518	1210	52.2678	715	30.8855	243523	32.9365	109418	53.1878	0.9275
EST1242206101S1K	stools_11052101	na	NZ_CP034169.1	4794392	1537950	32.0781	1510306	98.2025	1494686	98.9658	27644	1.7975	1522035	98.9652	45198	2.9388	29283	64.7883	2097	4.6396	2911	6.4406	38842	85.9374	371127	50.2677	244481	35.3185	0.9033
EST1242206101S1K	stools_11052101	na	NZ_CP046307.1	3274932	1148869	35.0807	1147886	99.9144	1145410	99.7843	983	0.0856	1146386	99.7839	4561	0.3970	2078	45.5602	1106	24.2491	1820	39.9035	1520	33.3260	243523	49.7645	93146	93.1205	0.9448
EST1242206101S1K	stools_12062101	na	NZ_CP034169.1	4794392	595234	12.4152	594230	99.8313	588768	99.0808	1004	0.1687	589765	99.0812	7162	1.2032	1693	23.6386	707	9.8715	1666	23.2617	4631	64.6607	371127	50.1190	223789	54.4911	0.9138
EST1242206101S1K	stools_12065101	na	NZ_CP034169.1	4794392	426699	8.9000	426430	99.9370	422722	99.1305	269	0.0630	422989	99.1305	4828	1.1315	1118	23.1566	856	17.7299	809	16.7564	3116	64.5402	371127	43.0155	280225	69.4578	0.9364
EST1242206101S1K	stools_12066101	na	NZ_CP034169.1	4794392	1207442	25.1845	1199321	99.3274	1192974	99.4708	8121	0.6726	1201055	99.4710	15829	1.3110	9442	59.6500	1443	9.1162	2203	13.9175	10601	66.9720	371127	35.7061	177431	65.4057	0.9273
EST1242206101S1K	stools_12066101	na	NZ_CP046307.1	3274932	1027037	31.3606	1025771	99.8767	1025226	99.9469	1266	0.1233	1026492	99.9469	3732	0.3634	3187	85.3966	1924	51.5541	381	10.2090	1046	28.0279	243523	69.8365	98366	93.4256	0.9491
EST1242206101S1K	stools_12069101	na	NZ_CP034169.1	4794392	2180249	45.4750	2175709	99.7918	2154803	99.0391	4540	0.2082	2159303	99.0393	29931	1.3728	8985	30.0190	4536	15.1549	4991	16.6750	20077	67.0776	371127	69.6177	398723	51.2436	0.9158
EST1242206101S1K	stools_12069150	na	NZ_CP034169.1	4794392	1099407	22.9311	1097934	99.8660	1087635	99.0620	1473	0.1340	1089091	99.0617	13967	1.2704	3651	26.1402	2206	15.7944	2115	15.1428	9492	67.9602	371127	66.2442	404586	55.7844	0.9208
EST1242206101S1K	stools_12070101	na	NZ_CP034169.1	4794392	2034114	42.4269	2031164	99.8550	2011299	99.0220	2950	0.1450	2014224	99.0222	27012	1.3279	7122	26.3661	4221	15.6264	4722	17.4811	17803	65.9077	371127	66.4538	370890	56.0104	0.9212
EST1242206101S1K	stools_12070101	na	NZ_CP046307.1	3274932	1115335	34.0567	1115182	99.9863	1112730	99.7801	153	0.0137	1112879	99.7798	3807	0.3413	1351	35.4873	1202	31.5734	1692	44.4444	910	23.9033	243523	62.6039	165763	68.6384	0.9457
EST1242206101S1K	stools_12073101	na	NZ_CP034169.1	4794392	448574	9.3562	448001	99.8723	443915	99.0879	573	0.1277	444482	99.0878	6159	1.3730	2067	33.5606	1514	24.5819	1275	20.7014	3284	53.3203	371127	74.4613	556110	47.0207	0.9026
EST1242206101S1K	stools_12100101	na	NZ_CP034169.1	4794392	500280	10.4347	499697	99.8835	495009	99.0618	583	0.1165	495586	99.0617	6927	1.3846	2233	32.2362	1658	23.9353	1385	19.9942	3808	54.9733	371127	73.6071	507521	49.2242	0.9135
EST1242206101S1K	stools_12111101	na	NZ_CP034169.1	4794392	863036	18.0009	861176	99.7845	854326	99.2046	1860	0.2155	856169	99.2043	10390	1.2039	3523	33.9076	1689	16.2560	2702	26.0058	5838	56.1886	371127	68.8570	398330	54.2432	0.9205
EST1242209101S1K	stools_11021150	na	NZ_CP055229.1	2711996	2377545	87.6677	2376265	99.9462	2375960	99.9872	1280	0.0538	2377238	99.9871	4735	0.1992	4428	93.5164	3325	70.2218	239	5.0475	1025	21.6473	128353	91.0099	109871	100.0000	0.9919
EST1242209101S1K	stools_11024150	na	NZ_CP055229.1	2711996	2341343	86.3328	2338239	99.8674	2337913	99.9861	3104	0.1326	2341014	99.9859	6380	0.2725	6051	94.8433	3074	48.1818	251	3.9342	2925	45.8464	128353	91.0099	114735	100.0000	0.9938
EST1242209101S1K	stools_11030101	na	NZ_CP055229.1	2711996	1911152	70.4703	1909516	99.9144	1907215	99.8795	1636	0.0856	1908840	99.8790	5125	0.2682	2813	54.8878	1219	23.7854	1452	28.3317	2400	46.8293	128353	65.1072	121323	85.3128	0.9663
EST1242209101S1K	stools_11055101	na	NZ_CP055229.1	2711996	1458021	53.7619	1457166	99.9414	1444143	99.1063	855	0.0586	1444964	99.1045	14684	1.0071	1627	11.0801	828	5.6388	1483	10.0994	12346	84.0779	128353	51.7277	105680	56.8386	0.9519
EST1242705101S1K	stools_11016101	na	NZ_CP055231.1	2735684	124232	4.5412	123980	99.7972	123557	99.6588	252	0.2028	123800	99.6523	745	0.5997	313	42.0134	80	10.7383	374	50.2013	244	32.7517	80881	100.0000	114390	58.8111	0.9805
EST1242705101S1K	stools_12095102	na	NZ_CP055231.1	2735684	112361	4.1072	112235	99.8879	111970	99.7639	126	0.1121	112090	99.7588	418	0.3720	147	35.1675	27	6.4593	369	88.2775	22	5.2632	80881	0.0000	14638	0.0000	0.9651
EST1242804101S1K	stools_11009101	na	NZ_AP027299.1	2900900	2027415	69.8892	2026462	99.9530	2024895	99.9227	953	0.0470	2025845	99.9226	4267	0.2105	2697	63.2060	1790	41.9498	1304	30.5601	1105	25.8964	205731	73.3526	147316	100.0000	0.9609
EST1242804101S1K	stools_11009150	na	NZ_AP027299.1	2900900	939667	32.3923	939352	99.9665	938689	99.9294	315	0.0335	939003	99.9293	1659	0.1766	995	59.9759	683	41.1694	603	36.3472	364	21.9409	205731	79.4887	171632	100.0000	0.9626
EST1242804101S1K	stools_11015101	na	NZ_AP027299.1	2900900	2037375	70.2325	2036016	99.9333	2034380	99.9196	1359	0.0667	2035735	99.9195	4700	0.2307	3060	65.1064	1804	38.3830	1201	25.5532	1638	34.8511	205731	71.8876	158137	100.0000	0.9609
EST1242804101S1K	stools_11015501	na	NZ_AP027299.1	2900900	2005135	69.1211	2004228	99.9548	2002703	99.9239	907	0.0452	2003608	99.9238	4072	0.2031	2545	62.5000	1701	41.7731	1252	30.7466	1070	26.2770	205731	65.8238	150519	100.0000	0.9630
EST1242804101S1K	stools_11016150	na	NZ_AP027299.1	2900900	1681115	57.9515	1679954	99.9309	1678707	99.9258	1161	0.0691	1679867	99.9258	3756	0.2234	2508	66.7732	1389	36.9808	1003	26.7039	1339	35.6496	205731	79.4887	172291	100.0000	0.9652
EST1242804101S1K	stools_11019101	na	NZ_AP027299.1	2900900	1143310	39.4123	1142397	99.9201	1139683	99.7624	913	0.0799	1140589	99.7620	4012	0.3509	1291	32.1785	398	9.9202	1321	32.9262	2285	56.9541	205731	57.1960	285955	58.3176	0.9002
EST1242804101S1K	stools_11019501	na	NZ_AP027299.1	2900900	790551	27.2519	790042	99.9356	788061	99.7493	509	0.0644	788562	99.7484	2804	0.3547	815	29.0656	324	11.5549	849	30.2782	1614	57.5606	205731	63.2598	287305	56.7505	0.8941
EST1242804101S1K	stools_11053501	na	NZ_AP027299.1	2900900	1455173	50.1628	1454575	99.9589	1453656	99.9368	598	0.0411	1454252	99.9367	2645	0.1818	1724	65.1796	1128	42.6465	881	33.3081	618	23.3648	205731	79.4887	202530	91.6946	0.9600
EST1242805101S1K	stools_11055101	na	NZ_CP055230.1	2835470	1747732	61.6382	1746251	99.9153	1731949	99.1810	1481	0.0847	1733385	99.1791	22176	1.2688	7829	35.3039	6461	29.1351	7706	34.7493	7949	35.8451	88853	86.9864	125986	65.7787	0.9702
EST1242805101S1K	stools_11110101	na	NZ_CP055230.1	2835470	1620402	57.1476	1619475	99.9428	1618083	99.9140	927	0.0572	1619004	99.9137	12918	0.7972	11520	89.1779	10670	82.5979	1362	10.5434	787	6.0923	88853	64.6697	75928	81.0650	0.9820
EST1242805101S1K	stools_12098150	na	NZ_CP055230.1	2835470	2411272	85.0396	2409346	99.9201	2390299	99.2095	1926	0.0799	2392186	99.2085	29391	1.2189	10305	35.0618	8515	28.9715	10266	34.9291	10544	35.8749	88853	94.0418	126421	67.7079	0.9749
EST1247106101S1K	stools_11021150	na	NZ_CP055229.1	2711996	1718012	63.3486	1716877	99.9339	1714778	99.8777	1135	0.0661	1715909	99.8776	4353	0.2534	2250	51.6885	1142	26.2348	1182	27.1537	2000	45.9453	91241	100.0000	109871	59.2122	0.9732
EST1247106101S1K	stools_11024150	na	NZ_CP055229.1	2711996	1707802	62.9721	1705375	99.8579	1703356	99.8816	2427	0.1421	1705780	99.8816	5550	0.3250	3528	63.5676	1118	20.1441	1172	21.1171	3242	58.4144	91241	100.0000	114735	60.7565	0.9748
EST1247106101S1K	stools_11030101	na	NZ_CP055229.1	2711996	1465384	54.0334	1463798	99.8918	1462486	99.9104	1586	0.1082	1464071	99.9104	3853	0.2629	2540	65.9227	975	25.3050	890	23.0989	1965	50.9992	91241	100.0000	121323	76.1323	0.9875
EST1247106101S1K	stools_11055101	na	NZ_CP055229.1	2711996	1011478	37.2964	1011003	99.9530	1002044	99.1139	475	0.0470	1002498	99.1122	10036	0.9922	1056	10.5221	606	6.0383	835	8.3200	8589	85.5819	91241	72.8236	105680	49.0140	0.9668
EST1247109101S1K	stools_11009101	na	NZ_AP027299.1	2900900	1110586	38.2842	1109955	99.9432	1109449	99.9544	631	0.0568	1110074	99.9539	2417	0.2176	1905	78.8167	1296	53.6202	821	33.9677	257	10.6330	178982	92.9948	147316	96.1613	0.9791
EST1247109101S1K	stools_11009150	na	NZ_AP027299.1	2900900	527838	18.1957	527556	99.9466	527249	99.9418	282	0.0534	527524	99.9405	1066	0.2020	752	70.5441	481	45.1220	465	43.6210	111	10.4128	178982	100.0000	171632	96.0456	0.9877
EST1247109101S1K	stools_11015101	na	NZ_AP027299.1	2900900	1119234	38.5823	1118270	99.9139	1117542	99.9349	964	0.0861	1118495	99.9340	2877	0.2571	2138	74.3135	1219	42.3705	904	31.4216	724	25.1651	178982	100.0000	158137	96.3633	0.9832
EST1247109101S1K	stools_11015501	na	NZ_AP027299.1	2900900	1100809	37.9472	1100101	99.9357	1099439	99.9398	708	0.0643	1100136	99.9389	2502	0.2273	1829	73.1015	1139	45.5236	920	36.7706	422	16.8665	178982	89.3626	150519	95.8656	0.9788
EST1247109101S1K	stools_11016150	na	NZ_AP027299.1	2900900	934447	32.2123	933701	99.9202	933258	99.9526	746	0.0798	933999	99.9521	2185	0.2338	1737	79.4966	1087	49.7483	627	28.6957	440	20.1373	178982	100.0000	172291	96.3475	0.9918
EST1247109101S1K	stools_11019101	na	NZ_AP027299.1	2900900	634418	21.8697	633697	99.8864	631983	99.7295	721	0.1136	632697	99.7287	2636	0.4155	915	34.7117	291	11.0395	1002	38.0121	1323	50.1897	178982	86.2092	285955	57.5727	0.9159
EST1247109101S1K	stools_11019501	na	NZ_AP027299.1	2900900	435229	15.0032	434834	99.9092	433473	99.6870	395	0.0908	433858	99.6850	1925	0.4423	554	28.7792	209	10.8571	698	36.2597	1023	53.1429	178982	86.2092	287305	56.0756	0.9141
EST1247109101S1K	stools_11053501	na	NZ_AP027299.1	2900900	814960	28.0934	814460	99.9386	813758	99.9138	500	0.0614	814250	99.9129	1911	0.2345	1201	62.8467	715	37.4150	882	46.1538	305	15.9602	178982	100.0000	202530	86.0875	0.9833
EST1247211101S1K	stools_11029101	na	NZ_CP068122.1	2779314	2256554	81.1910	2244054	99.4461	2239714	99.8066	12500	0.5539	2252172	99.8058	17826	0.7900	13444	75.4179	1061	5.9520	13587	76.2201	3053	17.1267	59086	76.0942	61184	68.8808	0.9860
EST1247211101S1K	stools_11029150	na	NZ_CP068122.1	2779314	2247711	80.8729	2235314	99.4485	2230761	99.7963	12397	0.5515	2243103	99.7950	17946	0.7984	13338	74.3230	1070	5.9623	13647	76.0448	3090	17.2183	59086	76.0942	59855	68.1547	0.9856
EST1247211101S1K	stools_11029501	na	NZ_CP068122.1	2779314	2222560	79.9679	2210375	99.4518	2205818	99.7938	12185	0.5482	2217954	99.7928	17737	0.7980	13131	74.0317	1089	6.1397	13465	75.9148	3058	17.2408	59086	76.0942	58713	67.6767	0.9859
EST1247211101S1K	stools_11055101	na	NZ_CP055230.1	2835470	1551292	54.7102	1549592	99.8904	1547852	99.8877	1700	0.1096	1549524	99.8860	13797	0.8894	12029	87.1856	10612	76.9153	1541	11.1691	1256	9.1034	57344	90.6058	125986	41.9078	0.9714
EST1247211101S1K	stools_11110101	na	NZ_CP055230.1	2835470	1301798	45.9112	1300842	99.9266	1291116	99.2523	956	0.0734	1292056	99.2517	14343	1.1018	4601	32.0784	3675	25.6223	5289	36.8751	5305	36.9867	57344	65.4367	75928	48.5420	0.9746
EST1247211101S1K	stools_12067150	na	NZ_CP068122.1	2779314	1537418	55.3165	1526384	99.2823	1523523	99.8126	11034	0.7177	1534533	99.8123	14600	0.9496	11715	80.2397	2142	14.6712	5899	40.4041	5173	35.4315	59086	69.4632	59592	61.1374	0.9791
EST1247211101S1K	stools_12098150	na	NZ_CP055230.1	2835470	2004301	70.6867	2002239	99.8971	1998955	99.8360	2062	0.1029	2001003	99.8355	17013	0.8488	13715	80.6148	11871	69.7761	2242	13.1782	2374	13.9540	57344	90.6058	126421	43.3077	0.9712
EST1254203101S1K	stools_11021150	na	NZ_CP055229.1	2711996	2374895	87.5700	2373315	99.9335	2370468	99.8800	1580	0.0665	2372034	99.8795	6033	0.2540	3172	52.5775	1687	27.9629	1694	28.0789	2582	42.7979	90047	100.0000	109871	59.2122	0.9736
EST1254203101S1K	stools_11024150	na	NZ_CP055229.1	2711996	2340689	86.3087	2337366	99.8580	2334612	99.8822	3323	0.1420	2337922	99.8818	7645	0.3266	4878	63.8064	1637	21.4127	1670	21.8443	4282	56.0105	90047	100.0000	114735	60.7565	0.9752
EST1254203101S1K	stools_11030101	na	NZ_CP055229.1	2711996	1947490	71.8102	1945718	99.9090	1943969	99.9101	1772	0.0910	1945729	99.9096	4855	0.2493	3094	63.7281	1415	29.1452	1076	22.1627	2289	47.1473	90047	100.0000	121323	76.1323	0.9876
EST1254203101S1K	stools_11055101	na	NZ_CP055229.1	2711996	1484293	54.7306	1483323	99.9346	1470238	99.1179	970	0.0654	1471167	99.1157	14854	1.0007	1728	11.6332	841	5.6618	1401	9.4318	12579	84.6843	90047	72.9952	105680	49.0140	0.9654
EST1256808101S1K	stools_11021150	na	NZ_CP055229.1	2711996	2375221	87.5820	2373736	99.9375	2371934	99.9241	1485	0.0625	2373413	99.9239	5658	0.2382	3850	68.0452	2476	43.7610	1319	23.3121	1695	29.9576	123282	76.5675	109871	89.7999	0.9782
EST1256808101S1K	stools_11024150	na	NZ_CP055229.1	2711996	2343111	86.3980	2339735	99.8559	2337997	99.9257	3376	0.1441	2341368	99.9256	7372	0.3146	5629	76.3565	2340	31.7417	1341	18.1905	3574	48.4807	123282	76.5675	114735	90.0806	0.9799
EST1256808101S1K	stools_11030101	na	NZ_CP055229.1	2711996	1924614	70.9667	1922780	99.9047	1920449	99.8788	1834	0.0953	1922272	99.8783	5406	0.2809	3064	56.6778	1310	24.2323	1645	30.4292	2375	43.9327	123282	60.5620	121323	85.3128	0.9624
EST1256808101S1K	stools_11055101	na	NZ_CP055229.1	2711996	1458150	53.7667	1457204	99.9351	1444092	99.1002	946	0.0649	1445002	99.0983	14860	1.0191	1712	11.5209	841	5.6595	1610	10.8345	12387	83.3580	123282	29.0545	105680	49.0140	0.9412
EST1350511101S1K	stools_11021150	na	NZ_CP055229.1	2711996	990422	36.5200	989781	99.9353	989439	99.9654	641	0.0647	990080	99.9655	1995	0.2014	1653	82.8571	1019	51.0777	227	11.3784	687	34.4361	140570	92.9821	109871	100.0000	0.9875
EST1350511101S1K	stools_11024150	na	NZ_CP055229.1	2711996	989564	36.4884	988243	99.8665	987870	99.9623	1321	0.1335	989189	99.9621	2703	0.2732	2328	86.1265	1011	37.4029	253	9.3600	1404	51.9423	140570	92.9821	114735	100.0000	0.9896
EST1350511101S1K	stools_11030101	na	NZ_CP055229.1	2711996	847465	31.2488	846515	99.8879	845610	99.8931	950	0.1121	846557	99.8929	2374	0.2801	1466	61.7523	522	21.9882	524	22.0725	1309	55.1390	140570	66.2062	121323	85.3128	0.9653
EST1350511101S1K	stools_11055101	na	NZ_CP055229.1	2711996	554560	20.4484	554367	99.9652	549336	99.0925	193	0.0348	549516	99.0905	5554	1.0015	510	9.1826	330	5.9417	423	7.6161	4787	86.1901	140570	44.9363	105680	56.8386	0.9515
EST1356601101S1K	stools_11021150	na	NZ_CP055229.1	2711996	2358110	86.9511	2356061	99.9131	2355615	99.9811	2049	0.0869	2357663	99.9810	5314	0.2253	4867	91.5883	2890	54.3846	1121	21.0952	1187	22.3372	103389	93.3610	109871	87.2733	0.9881
EST1356601101S1K	stools_11024150	na	NZ_CP055229.1	2711996	2337324	86.1846	2333464	99.8349	2332986	99.9795	3860	0.1651	2336844	99.9795	7116	0.3045	6636	93.2546	2841	39.9241	1140	16.0202	3056	42.9455	103389	93.3610	114735	100.0000	0.9886
EST1356601101S1K	stools_11030101	na	NZ_CP055229.1	2711996	1927769	71.0830	1925409	99.8776	1923216	99.8861	2360	0.1224	1925562	99.8855	5790	0.3003	3583	61.8826	1296	22.3834	1988	34.3351	2483	42.8843	103389	56.5408	121323	85.3128	0.9579
EST1356601101S1K	stools_11055101	na	NZ_CP055229.1	2711996	1428018	52.6556	1426903	99.9219	1414264	99.1142	1115	0.0781	1415340	99.1122	14528	1.0174	1850	12.7340	791	5.4447	1626	11.1922	12087	83.1980	103389	29.4316	105680	33.2598	0.9425
EST1356602101S1K	stools_11055101	na	NZ_CP055230.1	2835470	1820295	64.1973	1818727	99.9139	1816664	99.8866	1568	0.0861	1818215	99.8857	17346	0.9529	15266	88.0088	14051	81.0043	1675	9.6564	1432	8.2555	64073	81.9706	125986	41.9078	0.9693
EST1356602101S1K	stools_11110101	na	NZ_CP055230.1	2835470	1597922	56.3547	1597095	99.9482	1585111	99.2496	827	0.0518	1585919	99.2488	18333	1.1473	6330	34.5279	5542	30.2296	6669	36.3770	6095	33.2461	64073	69.8516	75928	57.1120	0.9773
EST1356602101S1K	stools_12098150	na	NZ_CP055230.1	2835470	2453137	86.5161	2451377	99.9283	2447655	99.8482	1760	0.0717	2449394	99.8474	22664	0.9239	18921	83.4848	17547	77.4223	2369	10.4527	2470	10.8983	64073	91.5456	126421	48.1660	0.9735
EST1356604101S1K	stools_11021150	na	NZ_CP055229.1	2711996	2340803	86.3129	2339347	99.9378	2337133	99.9054	1456	0.0622	2338573	99.9047	5469	0.2336	3239	59.2247	1900	34.7413	1110	20.2962	2367	43.2803	92053	91.5549	109871	89.7999	0.9767
EST1356604101S1K	stools_11024150	na	NZ_CP055229.1	2711996	2306042	85.0312	2302826	99.8605	2300682	99.9069	3216	0.1395	2303884	99.9064	7083	0.3071	4925	69.5327	1807	25.5118	1096	15.4737	4091	57.7580	92053	91.5549	114735	90.0806	0.9787
EST1356604101S1K	stools_11030101	na	NZ_CP055229.1	2711996	1892387	69.7784	1890703	99.9110	1888818	99.9003	1684	0.0890	1890489	99.8997	4773	0.2522	2875	60.2347	1275	26.7128	1054	22.0825	2389	50.0524	92053	82.1157	121323	69.4419	0.9764
EST1356604101S1K	stools_11055101	na	NZ_CP055229.1	2711996	1456524	53.7067	1455596	99.9363	1442897	99.1276	928	0.0637	1443784	99.1253	14428	0.9906	1688	11.6995	848	5.8775	1313	9.1004	12228	84.7519	92053	59.8221	105680	49.0140	0.9633
EST1356611101S1K	stools_11021150	na	NZ_CP055229.1	2711996	2412134	88.9431	2410023	99.9125	2408356	99.9308	2111	0.0875	2410461	99.9306	6184	0.2564	4511	72.9463	2537	41.0252	1755	28.3797	1775	28.7031	95043	100.0000	109871	89.7999	0.9905
EST1356611101S1K	stools_11024150	na	NZ_CP055229.1	2711996	2377640	87.6712	2373644	99.8319	2372035	99.9322	3996	0.1681	2376027	99.9322	7897	0.3321	6284	79.5745	2381	30.1507	1782	22.5655	3632	45.9921	95043	100.0000	114735	90.0806	0.9922
EST1356611101S1K	stools_11030101	na	NZ_CP055229.1	2711996	1954565	72.0711	1952264	99.8823	1950057	99.8870	2301	0.1177	1952352	99.8868	5760	0.2947	3547	61.5799	1324	22.9861	1978	34.3403	2424	42.0833	95043	64.5866	121323	76.1323	0.9647
EST1356611101S1K	stools_11055101	na	NZ_CP055229.1	2711996	1475085	54.3911	1473911	99.9204	1460933	99.1195	1174	0.0796	1462073	99.1179	14951	1.0136	1939	12.9690	832	5.5648	1711	11.4441	12387	82.8506	95043	32.5432	105680	39.8193	0.9470
EST1356618101S1K	stools_11021150	na	NZ_CP055229.1	2711996	712349	26.2666	711910	99.9384	711347	99.9209	439	0.0616	711777	99.9197	1624	0.2280	1052	64.7783	622	38.3005	401	24.6921	547	33.6823	128440	93.2700	109871	89.7999	0.9843
EST1356618101S1K	stools_11024150	na	NZ_CP055229.1	2711996	708627	26.1294	707704	99.8697	707084	99.9124	923	0.1303	708007	99.9125	2149	0.3033	1529	71.1494	606	28.1992	431	20.0558	1066	49.6045	128440	93.2700	114735	90.0806	0.9860
EST1356618101S1K	stools_11030101	na	NZ_CP055229.1	2711996	604881	22.3039	604225	99.8915	603461	99.8736	656	0.1085	604113	99.8730	1812	0.2996	1044	57.6159	397	21.9095	479	26.4349	884	48.7859	128440	66.8250	121323	76.1323	0.9680
EST1356618101S1K	stools_11055101	na	NZ_CP055229.1	2711996	400066	14.7517	399856	99.9475	396266	99.1022	210	0.0525	396468	99.1006	4019	1.0046	421	10.4752	221	5.4989	324	8.0617	3462	86.1408	128440	47.2781	105680	44.6357	0.9470
EST1358301101S1K	stools_11021150	na	NZ_CP055229.1	2711996	2247873	82.8863	2245807	99.9081	2245136	99.9701	2066	0.0919	2247202	99.9701	5345	0.2378	4674	87.4462	2724	50.9635	1372	25.6688	1174	21.9645	107077	100.0000	109871	100.0000	0.9984
EST1358301101S1K	stools_11024150	na	NZ_CP055229.1	2711996	2226600	82.1019	2222753	99.8272	2222044	99.9681	3847	0.1728	2225889	99.9681	7111	0.3194	6400	90.0014	2590	36.4224	1457	20.4894	3013	42.3710	107077	100.0000	114735	100.0000	0.9964
EST1358301101S1K	stools_11030101	na	NZ_CP055229.1	2711996	1842565	67.9413	1840083	99.8653	1838052	99.8896	2482	0.1347	1840530	99.8896	5684	0.3085	3649	64.1977	1223	21.5165	2023	35.5911	2406	42.3293	107077	57.8033	121323	76.1323	0.9601
EST1358301101S1K	stools_11055101	na	NZ_CP055229.1	2711996	1344007	49.5579	1342998	99.9249	1331270	99.1267	1009	0.0751	1332248	99.1251	13479	1.0029	1720	12.7606	750	5.5642	1464	10.8613	11232	83.3296	107077	39.8536	105680	47.6438	0.9484
EST1358301201S1K	stools_11021150	na	NZ_CP055229.1	2711996	2396426	88.3639	2394109	99.9033	2393363	99.9688	2317	0.0967	2395680	99.9689	6045	0.2523	5299	87.6592	3156	52.2084	1591	26.3193	1206	19.9504	111228	100.0000	109871	100.0000	0.9965
EST1358301201S1K	stools_11024150	na	NZ_CP055229.1	2711996	2368011	87.3162	2363778	99.8212	2363007	99.9674	4233	0.1788	2367238	99.9674	7835	0.3309	7062	90.1340	2914	37.1921	1700	21.6975	3158	40.3063	111228	100.0000	114735	100.0000	0.9983
EST1358301201S1K	stools_11030101	na	NZ_CP055229.1	2711996	1946592	71.7771	1943901	99.8618	1941606	99.8819	2691	0.1382	1944292	99.8818	6216	0.3193	3916	62.9987	1337	21.5090	2388	38.4170	2467	39.6879	111228	59.4248	121323	76.1323	0.9619
EST1358301201S1K	stools_11055101	na	NZ_CP055229.1	2711996	1450044	53.4678	1448800	99.9142	1435885	99.1086	1244	0.0858	1437088	99.1065	14953	1.0312	1997	13.3552	825	5.5173	1876	12.5460	12235	81.8230	111228	42.2960	105680	47.6438	0.9501
EST1358302101S1K	stools_11021150	na	NZ_CP055229.1	2711996	2412365	88.9516	2410219	99.9110	2408620	99.9337	2146	0.0890	2410760	99.9335	6159	0.2553	4554	73.9406	2551	41.4191	1736	28.1864	1793	29.1119	100880	91.2460	109871	89.7999	0.9831
EST1358302101S1K	stools_11024150	na	NZ_CP055229.1	2711996	2382579	87.8533	2378583	99.8323	2377030	99.9347	3996	0.1677	2381022	99.9347	7837	0.3289	6280	80.1327	2379	30.3560	1778	22.6873	3623	46.2294	100880	91.2460	114735	90.0806	0.9848
EST1358302101S1K	stools_11030101	na	NZ_CP055229.1	2711996	1961834	72.3391	1959375	99.8747	1957192	99.8886	2459	0.1253	1959643	99.8883	5899	0.3007	3708	62.8581	1320	22.3767	2042	34.6160	2513	42.6004	100880	66.7020	121323	76.1323	0.9669
EST1358302101S1K	stools_11055101	na	NZ_CP055229.1	2711996	1472718	54.3038	1471533	99.9195	1458603	99.1213	1185	0.0805	1459749	99.1194	14915	1.0128	1946	13.0473	829	5.5582	1693	11.3510	12350	82.8025	100880	36.6138	105680	49.0140	0.9476
EST1358304101S1K	stools_11021150	na	NZ_CP055229.1	2711996	2412421	88.9537	2407613	99.8007	2406459	99.9521	4808	0.1993	2411260	99.9519	7642	0.3168	6481	84.8076	1803	23.5933	3184	41.6645	1937	25.3468	62044	100.0000	109871	59.2122	0.9752
EST1358304101S1K	stools_11024150	na	NZ_CP055229.1	2711996	2385100	87.9463	2378511	99.7237	2377396	99.9531	6589	0.2763	2383979	99.9530	9327	0.3911	8206	87.9811	1709	18.3231	3163	33.9123	3725	39.9378	62044	100.0000	114735	60.7565	0.9771
EST1358304101S1K	stools_11030101	na	NZ_CP055229.1	2711996	1987306	73.2784	1982674	99.7669	1981395	99.9355	4632	0.2331	1986022	99.9354	7095	0.3570	5811	81.9027	1287	18.1395	3138	44.2283	2553	35.9831	62044	100.0000	121323	69.4419	0.9776
EST1358304101S1K	stools_11055101	na	NZ_CP055229.1	2711996	1485339	54.7692	1482628	99.8175	1470166	99.1595	2711	0.1825	1472827	99.1576	15974	1.0754	3462	21.6727	836	5.2335	2469	15.4564	12573	78.7092	62044	64.6235	105680	39.8193	0.9660
EST1359005101S1K	stools_11009101	na	NZ_AP027299.1	2900900	1711320	58.9927	1710492	99.9516	1709316	99.9312	828	0.0484	1710144	99.9313	3487	0.2038	2311	66.2747	1531	43.9059	1048	30.0545	804	23.0571	144313	85.6763	147316	86.9315	0.9696
EST1359005101S1K	stools_11009150	na	NZ_AP027299.1	2900900	789435	27.2135	789151	99.9640	788610	99.9314	284	0.0360	788894	99.9315	1419	0.1797	878	61.8746	629	44.3270	486	34.2495	288	20.2960	144313	95.1938	171632	87.1673	0.9687
EST1359005101S1K	stools_11015101	na	NZ_AP027299.1	2900900	1723279	59.4050	1721955	99.9232	1720595	99.9210	1324	0.0768	1721916	99.9209	4159	0.2413	2796	67.2277	1503	36.1385	1084	26.0640	1464	35.2008	144313	87.3844	158137	95.6500	0.9745
EST1359005101S1K	stools_11015501	na	NZ_AP027299.1	2900900	1691610	58.3133	1690801	99.9522	1689479	99.9218	809	0.0478	1690286	99.9217	3542	0.2094	2218	62.6200	1420	40.0903	1110	31.3382	942	26.5951	144313	87.3844	150519	100.0000	0.9766
EST1359005101S1K	stools_11016150	na	NZ_AP027299.1	2900900	1408906	48.5679	1407879	99.9271	1406952	99.9342	1027	0.0729	1407978	99.9341	3068	0.2178	2140	69.7523	1133	36.9296	841	27.4120	1056	34.4198	144313	90.0141	172291	89.7162	0.9703
EST1359005101S1K	stools_11019101	na	NZ_AP027299.1	2900900	970577	33.4578	969932	99.9335	967561	99.7555	645	0.0665	968198	99.7549	3410	0.3513	1031	30.2346	401	11.7595	1051	30.8211	1965	57.6246	144313	78.3498	285955	54.2764	0.9241
EST1359005101S1K	stools_11019501	na	NZ_AP027299.1	2900900	672054	23.1671	671678	99.9441	669895	99.7345	376	0.0559	670271	99.7347	2438	0.3628	655	26.8663	279	11.4438	712	29.2043	1440	59.0648	144313	78.3498	287305	53.0809	0.9174
EST1359005101S1K	stools_11051150	na	NZ_CP040878.1	2618436	679012	25.9320	678086	99.8636	675600	99.6334	926	0.1364	676524	99.6336	3679	0.5418	1191	32.3729	273	7.4205	479	13.0198	2887	78.4724	30966	100.0000	50961	43.6903	0.9854
EST1359005101S1K	stools_11051501	na	NZ_CP040878.1	2618436	639979	24.4413	638432	99.7583	636343	99.6728	1547	0.2417	637886	99.6730	3889	0.6077	1796	46.1815	254	6.5312	432	11.1083	3152	81.0491	30966	100.0000	60305	37.1495	0.9869
EST1359005101S1K	stools_11053501	na	NZ_AP027299.1	2900900	1232252	42.4783	1231723	99.9571	1230837	99.9281	529	0.0429	1231365	99.9280	2386	0.1936	1499	62.8248	997	41.7854	815	34.1576	546	22.8835	144313	95.1938	202530	88.6501	0.9727
EST1359005101S1K	stools_12086501	na	NZ_CP040878.1	2618436	611472	23.3526	610797	99.8896	610426	99.9393	675	0.1104	611100	99.9392	1236	0.2021	864	69.9029	197	15.9385	424	34.3042	597	48.3010	30966	65.1198	55614	12.8295	0.9738
EST1361007101S1K	stools_11009101	na	NZ_AP027299.1	2900900	694761	23.9498	694390	99.9466	693509	99.8731	371	0.0534	693876	99.8726	1743	0.2509	858	49.2255	515	29.5468	507	29.0878	685	39.3001	164975	92.1218	147316	96.1613	0.9715
EST1361007101S1K	stools_11009150	na	NZ_AP027299.1	2900900	332960	11.4778	332856	99.9688	332545	99.9066	104	0.0312	332649	99.9066	641	0.1925	330	51.4821	249	38.8456	214	33.3853	179	27.9251	164975	100.0000	171632	91.6653	0.9845
EST1361007101S1K	stools_11015101	na	NZ_AP027299.1	2900900	700246	24.1389	699766	99.9315	698838	99.8674	480	0.0685	699312	99.8666	1895	0.2706	961	50.7124	492	25.9631	520	27.4406	866	45.6992	164975	100.0000	158137	91.8052	0.9796
EST1361007101S1K	stools_11015501	na	NZ_AP027299.1	2900900	687360	23.6947	687108	99.9633	686195	99.8671	252	0.0367	686445	99.8669	1679	0.2443	764	45.5033	523	31.1495	524	31.2091	623	37.1054	164975	91.2338	150519	91.0855	0.9776
EST1361007101S1K	stools_11016150	na	NZ_AP027299.1	2900900	577997	19.9247	577552	99.9230	576900	99.8871	445	0.0770	577338	99.8860	1529	0.2645	870	56.8999	445	29.1040	391	25.5723	663	43.3617	164975	100.0000	172291	96.3475	0.9886
EST1361007101S1K	stools_11019101	na	NZ_AP027299.1	2900900	395958	13.6495	395603	99.9103	394605	99.7477	355	0.0897	394958	99.7474	1521	0.3841	521	34.2538	170	11.1769	434	28.5339	906	59.5661	164975	83.9842	285955	57.7916	0.9156
EST1361007101S1K	stools_11019501	na	NZ_AP027299.1	2900900	275271	9.4892	275124	99.9466	274302	99.7012	147	0.0534	274449	99.7014	1078	0.3916	256	23.7477	111	10.2968	346	32.0965	617	57.2356	164975	83.9842	287305	59.0877	0.9150
EST1361007101S1K	stools_11053501	na	NZ_AP027299.1	2900900	508739	17.5373	508552	99.9632	507933	99.8783	187	0.0368	508115	99.8773	1128	0.2217	504	44.6809	336	29.7872	373	33.0674	418	37.0567	164975	100.0000	202530	82.3942	0.9849
EST2359005102S1K	stools_11009101	na	NZ_AP027299.1	2900900	1355708	46.7340	1355029	99.9499	1353990	99.9233	679	0.0501	1354668	99.9233	2824	0.2083	1784	63.1728	1119	39.6246	781	27.6558	837	29.6388	165191	87.5653	147316	100.0000	0.9686
EST2359005102S1K	stools_11009150	na	NZ_AP027299.1	2900900	656564	22.6331	656390	99.9735	655909	99.9267	174	0.0265	656083	99.9267	1153	0.1756	672	58.2827	500	43.3651	391	33.9115	257	22.2897	165191	100.0000	171632	100.0000	0.9804
EST2359005102S1K	stools_11015101	na	NZ_AP027299.1	2900900	1368040	47.1592	1367154	99.9352	1366100	99.9229	886	0.0648	1366983	99.9227	3105	0.2270	2048	65.9581	1178	37.9388	826	26.6023	1069	34.4283	165191	94.7618	158137	100.0000	0.9869
EST2359005102S1K	stools_11015501	na	NZ_AP027299.1	2900900	1347419	46.4483	1346820	99.9555	1345799	99.9242	599	0.0445	1346398	99.9242	2817	0.2091	1796	63.7558	1206	42.8115	801	28.4345	761	27.0146	165191	90.7489	150519	100.0000	0.9826
EST2359005102S1K	stools_11016150	na	NZ_AP027299.1	2900900	1149958	39.6414	1149239	99.9375	1148391	99.9262	719	0.0625	1149109	99.9262	2558	0.2224	1709	66.8100	1022	39.9531	607	23.7295	895	34.9883	165191	95.2770	172291	95.3207	0.9823
EST2359005102S1K	stools_11019101	na	NZ_AP027299.1	2900900	781577	26.9426	781006	99.9269	779131	99.7599	571	0.0731	779699	99.7597	2738	0.3503	860	31.4098	320	11.6874	819	29.9123	1584	57.8524	165191	79.7229	285955	60.6641	0.9243
EST2359005102S1K	stools_11019501	na	NZ_AP027299.1	2900900	543729	18.7435	543356	99.9314	541822	99.7177	373	0.0686	542193	99.7175	2124	0.3906	588	27.6836	225	10.5932	607	28.5782	1286	60.5461	165191	79.7229	287305	59.0877	0.9180
EST2359005102S1K	stools_11051150	na	NZ_CP040878.1	2618436	1686880	64.4232	1683810	99.8180	1677929	99.6507	3070	0.1820	1680989	99.6508	9486	0.5623	3595	37.8980	567	5.9772	1464	15.4333	7236	76.2808	22943	100.0000	50961	43.6903	0.9850
EST2359005102S1K	stools_11051501	na	NZ_CP040878.1	2618436	1600703	61.1320	1595884	99.6989	1590999	99.6939	4819	0.3011	1595809	99.6943	10207	0.6377	5313	52.0525	571	5.5942	1306	12.7951	8094	79.2985	22943	100.0000	60305	37.1495	0.9814
EST2359005102S1K	stools_11053501	na	NZ_AP027299.1	2900900	1005292	34.6545	1004928	99.9638	1004108	99.9184	364	0.0362	1004471	99.9183	1902	0.1892	1081	56.8349	722	37.9600	670	35.2261	497	26.1304	165191	100.0000	202530	91.6946	0.9844
EST2359005102S1K	stools_12086501	na	NZ_CP040878.1	2618436	1524941	58.2386	1522573	99.8447	1521988	99.9616	2368	0.1553	1524353	99.9614	3427	0.2247	2839	82.8421	527	15.3779	1253	36.5626	1564	45.6376	22943	55.7556	55614	12.8295	0.9773
