NZ_AAFJ01000001.1	Camp_upsaliensis
NZ_AAFJ01000002.1	Camp_upsaliensis
NZ_AAFJ01000003.1	Camp_upsaliensis
NZ_AAFJ01000004.1	Camp_upsaliensis
NZ_AAFJ01000005.1	Camp_upsaliensis
NZ_AAFJ01000006.1	Camp_upsaliensis
NZ_AAFJ01000007.1	Camp_upsaliensis
NZ_AAFJ01000008.1	Camp_upsaliensis
NZ_AAFJ01000009.1	Camp_upsaliensis
NZ_AAFJ01000010.1	Camp_upsaliensis
NZ_AAFJ01000011.1	Camp_upsaliensis
NZ_AAFJ01000012.1	Camp_upsaliensis
NZ_AAFJ01000013.1	Camp_upsaliensis
NZ_AAFJ01000014.1	Camp_upsaliensis
NZ_AAFJ01000015.1	Camp_upsaliensis
NZ_AAFJ01000016.1	Camp_upsaliensis
NZ_AAFJ01000017.1	Camp_upsaliensis
NZ_AAFJ01000018.1	Camp_upsaliensis
NZ_AAFJ01000019.1	Camp_upsaliensis
NZ_AAFJ01000020.1	Camp_upsaliensis
NZ_AP028352.1	Camp_jejuni
NZ_AP028358.1	Camp_jejuni
NZ_AP028381.1	Camp_jejuni
NZ_AP028386.1	Camp_jejuni
NZ_AP028392.1	Camp_jejuni
NZ_CP017873.1	Camp_coli
NZ_CP040611.1	Camp_sp
NZ_CP049075.1	Camp_infans
NZ_CP059966.1	Camp_jejuni
NZ_JAGFQS010000001.1	Camp_jejuni
NZ_JAGFQS010000002.1	Camp_jejuni
NZ_JAGFQS010000003.1	Camp_jejuni
NZ_JAGFQS010000005.1	Camp_jejuni
NZ_JAGFQS010000006.1	Camp_jejuni
NZ_JAGFQS010000007.1	Camp_jejuni
NZ_JAGFQS010000008.1	Camp_jejuni
NZ_JAGFQS010000010.1	Camp_jejuni
NZ_JAGFQS010000011.1	Camp_jejuni
NZ_JAGFQS010000012.1	Camp_jejuni
NZ_JAGFQS010000013.1	Camp_jejuni
NZ_JAGFQS010000014.1	Camp_jejuni
NZ_JAQAWP010000001.1	Camp_coli
NZ_JAQAWP010000002.1	Camp_coli
NZ_JAQAWP010000003.1	Camp_coli
NZ_JAQAWP010000004.1	Camp_coli
NZ_JAQAWP010000005.1	Camp_coli
NZ_JAQAWP010000006.1	Camp_coli
NZ_JAQAWP010000007.1	Camp_coli
NZ_JAQAWP010000008.1	Camp_coli
NZ_JAQAWP010000009.1	Camp_coli
NZ_JAQAWP010000010.1	Camp_coli
NZ_JAQAWP010000011.1	Camp_coli
NZ_JAQAWP010000012.1	Camp_coli
NZ_JAQAWP010000013.1	Camp_coli
NZ_JAQAWP010000014.1	Camp_coli
NZ_JAQAWP010000015.1	Camp_coli
NZ_JAQAWP010000016.1	Camp_coli
NZ_JAQAWP010000017.1	Camp_coli
NZ_JAQAWP010000018.1	Camp_coli
NZ_JAQAWP010000019.1	Camp_coli
NZ_JAQAWP010000020.1	Camp_coli
NZ_JAQAWP010000021.1	Camp_coli
NZ_JAQAWP010000022.1	Camp_coli
NZ_JAQAWP010000023.1	Camp_coli
NZ_JAQAWP010000024.1	Camp_coli
NZ_JAQAWP010000025.1	Camp_coli
NZ_JAQAWP010000026.1	Camp_coli
NZ_JAQAWP010000027.1	Camp_coli
NZ_JAQAWP010000028.1	Camp_coli
NZ_JAQAWP010000029.1	Camp_coli
NZ_JAQAWP010000030.1	Camp_coli
NZ_JAQAWP010000031.1	Camp_coli
NZ_LQMA01000001.1	Camp_jejuni
NZ_LQMA01000002.1	Camp_jejuni
NZ_LQMA01000003.1	Camp_jejuni
NZ_LQMA01000004.1	Camp_jejuni
NZ_LQMA01000006.1	Camp_jejuni
NZ_LQMA01000007.1	Camp_jejuni
NZ_LQMA01000008.1	Camp_jejuni
NZ_LQMA01000009.1	Camp_jejuni
NZ_LQMA01000010.1	Camp_jejuni
NZ_LQMA01000011.1	Camp_jejuni
NZ_LQMA01000012.1	Camp_jejuni
NZ_LQMA01000013.1	Camp_jejuni
NZ_LQMA01000014.1	Camp_jejuni
NZ_LQMA01000015.1	Camp_jejuni
NZ_LQMA01000016.1	Camp_jejuni
NZ_LQMA01000017.1	Camp_jejuni
NZ_LQMA01000018.1	Camp_jejuni
NZ_LQMA01000019.1	Camp_jejuni
NZ_LQMA01000020.1	Camp_jejuni
NZ_LQMA01000021.1	Camp_jejuni
NZ_LQMA01000022.1	Camp_jejuni
NZ_LQMA01000023.1	Camp_jejuni
NZ_LQMA01000024.1	Camp_jejuni
NZ_LQMA01000025.1	Camp_jejuni
NZ_LQMA01000026.1	Camp_jejuni
NZ_LQMA01000027.1	Camp_jejuni
NZ_LQMA01000028.1	Camp_jejuni
NZ_LQMA01000029.1	Camp_jejuni
NZ_LQMA01000030.1	Camp_jejuni
NZ_LQMA01000031.1	Camp_jejuni
NZ_LQMA01000032.1	Camp_jejuni
NZ_LQMA01000033.1	Camp_jejuni
NZ_LQMA01000034.1	Camp_jejuni
NZ_LQMA01000035.1	Camp_jejuni
NZ_LQMA01000036.1	Camp_jejuni
NZ_LQMA01000037.1	Camp_jejuni
NZ_LQMA01000038.1	Camp_jejuni
NZ_LQMA01000039.1	Camp_jejuni
NZ_LQMA01000040.1	Camp_jejuni
NZ_LQMA01000041.1	Camp_jejuni
NZ_LQMA01000042.1	Camp_jejuni
NZ_LQMA01000043.1	Camp_jejuni
NZ_LQMA01000044.1	Camp_jejuni
NZ_LQMA01000045.1	Camp_jejuni
NZ_LQMA01000046.1	Camp_jejuni
NZ_LQMA01000047.1	Camp_jejuni
NZ_LQMA01000048.1	Camp_jejuni
NZ_LQMA01000049.1	Camp_jejuni
NZ_LQMA01000050.1	Camp_jejuni
NZ_LQMA01000051.1	Camp_jejuni
NZ_LQMA01000052.1	Camp_jejuni
NZ_LQMA01000053.1	Camp_jejuni
NZ_LQMA01000054.1	Camp_jejuni
NZ_LQMA01000055.1	Camp_jejuni
NZ_LQMA01000056.1	Camp_jejuni
NZ_LQMA01000057.1	Camp_jejuni
NZ_LQMA01000058.1	Camp_jejuni
NZ_LQMA01000059.1	Camp_jejuni
NZ_LQMA01000060.1	Camp_jejuni
NZ_LQMA01000061.1	Camp_jejuni
NZ_LQMA01000062.1	Camp_jejuni
NZ_LQMA01000063.1	Camp_jejuni
NZ_LQMA01000064.1	Camp_jejuni
NZ_LQMA01000065.1	Camp_jejuni
NZ_LQMA01000066.1	Camp_jejuni
NZ_LQMA01000067.1	Camp_jejuni
NZ_LQMA01000068.1	Camp_jejuni
NZ_LQMA01000069.1	Camp_jejuni
NZ_LQMA01000071.1	Camp_jejuni
NZ_LQMA01000072.1	Camp_jejuni
NZ_LQMA01000073.1	Camp_jejuni
NZ_LQMA01000074.1	Camp_jejuni
NZ_LQMA01000075.1	Camp_jejuni
NZ_LQMA01000076.1	Camp_jejuni
NZ_LQMA01000077.1	Camp_jejuni
NZ_LQMA01000078.1	Camp_jejuni
NZ_LQMA01000079.1	Camp_jejuni
NZ_LQMA01000080.1	Camp_jejuni
NZ_LQMA01000081.1	Camp_jejuni
NZ_LQMA01000082.1	Camp_jejuni
NZ_LQMA01000083.1	Camp_jejuni
NZ_LQMA01000084.1	Camp_jejuni
NZ_LQMA01000085.1	Camp_jejuni
NZ_LQMA01000086.1	Camp_jejuni
NZ_LQMA01000087.1	Camp_jejuni
NZ_LQMA01000088.1	Camp_jejuni
NZ_LQMA01000089.1	Camp_jejuni
NZ_LQMA01000090.1	Camp_jejuni
NZ_LQMA01000091.1	Camp_jejuni
NZ_LQMA01000092.1	Camp_jejuni
NZ_LQMA01000093.1	Camp_jejuni
NZ_LQMA01000094.1	Camp_jejuni
NZ_LQMA01000095.1	Camp_jejuni
NZ_LQMA01000096.1	Camp_jejuni
NZ_LQMA01000097.1	Camp_jejuni
NZ_LQMA01000098.1	Camp_jejuni
NZ_LQMA01000099.1	Camp_jejuni
NZ_LQMA01000100.1	Camp_jejuni
NZ_LQMA01000101.1	Camp_jejuni
NZ_LQMA01000102.1	Camp_jejuni
NZ_LQMA01000103.1	Camp_jejuni
NZ_LQMA01000104.1	Camp_jejuni
NZ_LQMA01000105.1	Camp_jejuni
NZ_LQMA01000106.1	Camp_jejuni
NZ_LQMA01000107.1	Camp_jejuni
NZ_LQMA01000108.1	Camp_jejuni
NZ_LQMA01000109.1	Camp_jejuni
NZ_LQMA01000110.1	Camp_jejuni
NZ_LQMA01000111.1	Camp_jejuni
NZ_LQMA01000112.1	Camp_jejuni
NZ_LQMA01000113.1	Camp_jejuni
NZ_LQMA01000115.1	Camp_jejuni
NZ_LQMA01000116.1	Camp_jejuni
NZ_LQMA01000117.1	Camp_jejuni
NZ_LQMA01000118.1	Camp_jejuni
NZ_LQMA01000119.1	Camp_jejuni
NZ_LQMA01000120.1	Camp_jejuni
NZ_LQMA01000121.1	Camp_jejuni
NZ_LQMA01000122.1	Camp_jejuni
NZ_LQMA01000123.1	Camp_jejuni
NZ_LQMA01000124.1	Camp_jejuni
NZ_LQMA01000125.1	Camp_jejuni
NZ_LQMA01000126.1	Camp_jejuni
NZ_LQMA01000127.1	Camp_jejuni
NZ_LQMA01000128.1	Camp_jejuni
NZ_LQMA01000129.1	Camp_jejuni
NZ_LQMA01000130.1	Camp_jejuni
NZ_LQMA01000131.1	Camp_jejuni
NZ_LQMA01000132.1	Camp_jejuni
NZ_LQMA01000133.1	Camp_jejuni
NZ_LQMA01000134.1	Camp_jejuni
NZ_LQMA01000135.1	Camp_jejuni
NZ_LQMA01000136.1	Camp_jejuni
NZ_LQMA01000137.1	Camp_jejuni
NZ_LQMA01000138.1	Camp_jejuni
NZ_LQMA01000139.1	Camp_jejuni
NZ_LQMA01000141.1	Camp_jejuni
NZ_LQMA01000142.1	Camp_jejuni
NZ_LQMA01000143.1	Camp_jejuni
NZ_LQMA01000144.1	Camp_jejuni
NZ_LQMA01000145.1	Camp_jejuni
NZ_LQMA01000148.1	Camp_jejuni
NZ_LQMA01000149.1	Camp_jejuni
NZ_LQMA01000150.1	Camp_jejuni
NZ_LQMA01000151.1	Camp_jejuni
NZ_LQMA01000152.1	Camp_jejuni
NZ_LQMA01000153.1	Camp_jejuni
NZ_LQMA01000154.1	Camp_jejuni
NZ_LQMA01000156.1	Camp_jejuni
NZ_LQMA01000157.1	Camp_jejuni
NZ_LQMA01000158.1	Camp_jejuni
NZ_LQMA01000159.1	Camp_jejuni
NZ_LQMA01000160.1	Camp_jejuni
NZ_LQMA01000161.1	Camp_jejuni
NZ_LQMA01000162.1	Camp_jejuni
NZ_LQMA01000164.1	Camp_jejuni
NZ_LQMA01000165.1	Camp_jejuni
NZ_LQMA01000166.1	Camp_jejuni
NZ_LQMA01000167.1	Camp_jejuni
NZ_LQMA01000168.1	Camp_jejuni
NZ_LQMA01000169.1	Camp_jejuni
NZ_LQMA01000170.1	Camp_jejuni
NZ_LQMA01000171.1	Camp_jejuni
NZ_LQMA01000172.1	Camp_jejuni
NZ_LQMA01000173.1	Camp_jejuni
NZ_LQMA01000174.1	Camp_jejuni
NZ_LQMA01000175.1	Camp_jejuni
NZ_LQMA01000176.1	Camp_jejuni
NZ_LQMA01000177.1	Camp_jejuni
NZ_LQMA01000178.1	Camp_jejuni
NZ_LQMA01000179.1	Camp_jejuni
NZ_LQMA01000180.1	Camp_jejuni
NZ_LQMA01000181.1	Camp_jejuni
NZ_LQMA01000182.1	Camp_jejuni
NZ_LQMA01000183.1	Camp_jejuni
NZ_LQMA01000184.1	Camp_jejuni
NZ_LQMA01000185.1	Camp_jejuni
NZ_LQMA01000186.1	Camp_jejuni
NZ_LQMA01000187.1	Camp_jejuni
NZ_LQMA01000188.1	Camp_jejuni
NZ_LQMA01000189.1	Camp_jejuni
NZ_LQMA01000190.1	Camp_jejuni
NZ_LQMA01000191.1	Camp_jejuni
NZ_LQMA01000192.1	Camp_jejuni
NZ_LQMA01000193.1	Camp_jejuni
NZ_LQMA01000194.1	Camp_jejuni
NZ_LQMA01000195.1	Camp_jejuni
NZ_LQMA01000196.1	Camp_jejuni
NZ_LQMA01000197.1	Camp_jejuni
NZ_LQMA01000198.1	Camp_jejuni
NZ_LQMA01000199.1	Camp_jejuni
NZ_LQMA01000200.1	Camp_jejuni
NZ_LQMA01000201.1	Camp_jejuni
NZ_LQMA01000202.1	Camp_jejuni
NZ_LQMA01000203.1	Camp_jejuni
NZ_LQMA01000204.1	Camp_jejuni
NZ_LQMA01000205.1	Camp_jejuni
NZ_LQMA01000206.1	Camp_jejuni
NZ_LQMA01000207.1	Camp_jejuni
NZ_LQMA01000208.1	Camp_jejuni
NZ_LQMA01000209.1	Camp_jejuni
NZ_LQMA01000210.1	Camp_jejuni
NZ_LQMA01000211.1	Camp_jejuni
NZ_LQMA01000212.1	Camp_jejuni
NZ_LQMA01000213.1	Camp_jejuni
NZ_LQMA01000214.1	Camp_jejuni
NZ_LQMA01000215.1	Camp_jejuni
NZ_LQMA01000216.1	Camp_jejuni
NZ_LQMA01000217.1	Camp_jejuni
NZ_LQMA01000218.1	Camp_jejuni
NZ_LQMA01000219.1	Camp_jejuni
NZ_LQMA01000220.1	Camp_jejuni
NZ_LQMA01000221.1	Camp_jejuni
NZ_LQMA01000222.1	Camp_jejuni
NZ_LQMA01000223.1	Camp_jejuni
NZ_LQMA01000225.1	Camp_jejuni
NZ_LQMA01000226.1	Camp_jejuni
NZ_LQMA01000227.1	Camp_jejuni
NZ_LQMA01000228.1	Camp_jejuni
NZ_LQMA01000229.1	Camp_jejuni
NZ_LQMA01000230.1	Camp_jejuni
NZ_LQMA01000231.1	Camp_jejuni
NZ_LQMA01000232.1	Camp_jejuni
NZ_LQMA01000233.1	Camp_jejuni
NZ_LQMA01000234.1	Camp_jejuni
NZ_LQMA01000235.1	Camp_jejuni
NZ_LQMA01000236.1	Camp_jejuni
NZ_LQMA01000237.1	Camp_jejuni
NZ_LQMA01000238.1	Camp_jejuni
NZ_LQMA01000239.1	Camp_jejuni
NZ_LQMA01000240.1	Camp_jejuni
NZ_LQMA01000241.1	Camp_jejuni
NZ_LQMA01000243.1	Camp_jejuni
NZ_LQMA01000244.1	Camp_jejuni
NZ_LQMA01000245.1	Camp_jejuni
NZ_LQMA01000246.1	Camp_jejuni
NZ_LQMA01000247.1	Camp_jejuni
NZ_LQMA01000248.1	Camp_jejuni
NZ_LQMA01000249.1	Camp_jejuni
NZ_LQMA01000250.1	Camp_jejuni
NZ_LQMA01000251.1	Camp_jejuni
NZ_LQMA01000252.1	Camp_jejuni
NZ_LQMA01000253.1	Camp_jejuni
NZ_LQMA01000254.1	Camp_jejuni
NZ_LQMA01000255.1	Camp_jejuni
NZ_LQMA01000256.1	Camp_jejuni
NZ_LQMA01000257.1	Camp_jejuni
NZ_LQMA01000258.1	Camp_jejuni
NZ_LQMA01000259.1	Camp_jejuni
NZ_LQMA01000260.1	Camp_jejuni
NZ_LQMA01000261.1	Camp_jejuni
NZ_LQMA01000262.1	Camp_jejuni
NZ_LQMA01000263.1	Camp_jejuni
NZ_LQMA01000264.1	Camp_jejuni
NZ_LQMA01000265.1	Camp_jejuni
NZ_LQMA01000266.1	Camp_jejuni
NZ_LQMA01000267.1	Camp_jejuni
NZ_LQMA01000269.1	Camp_jejuni
NZ_LQMA01000270.1	Camp_jejuni
NZ_LQMA01000271.1	Camp_jejuni
NZ_LQMA01000272.1	Camp_jejuni
NZ_LQMA01000273.1	Camp_jejuni
NZ_LQMA01000274.1	Camp_jejuni
NZ_LQMA01000276.1	Camp_jejuni
NZ_LQMA01000277.1	Camp_jejuni
NZ_LQMA01000278.1	Camp_jejuni
NZ_LQMA01000279.1	Camp_jejuni
NZ_LQMA01000280.1	Camp_jejuni
NZ_LQMA01000281.1	Camp_jejuni
NZ_LQMA01000282.1	Camp_jejuni
NZ_LQMA01000283.1	Camp_jejuni
NZ_LQMA01000284.1	Camp_jejuni
NZ_LQMA01000285.1	Camp_jejuni
NZ_LQMA01000286.1	Camp_jejuni
NZ_LQMA01000287.1	Camp_jejuni
NZ_LQMA01000289.1	Camp_jejuni
NZ_LQMA01000290.1	Camp_jejuni
NZ_LQMA01000291.1	Camp_jejuni
NZ_LQMA01000292.1	Camp_jejuni
NZ_LQMA01000293.1	Camp_jejuni
NZ_LQMA01000294.1	Camp_jejuni
NZ_LQMA01000295.1	Camp_jejuni
NZ_LQMA01000296.1	Camp_jejuni
NZ_LQMA01000297.1	Camp_jejuni
NZ_LQMA01000298.1	Camp_jejuni
NZ_LQMA01000299.1	Camp_jejuni
NZ_LQMA01000300.1	Camp_jejuni
NZ_LQMA01000301.1	Camp_jejuni
NZ_LQMA01000302.1	Camp_jejuni
NZ_LQMA01000303.1	Camp_jejuni
NZ_LQMA01000304.1	Camp_jejuni
NZ_LQMA01000305.1	Camp_jejuni
NZ_LQMA01000306.1	Camp_jejuni
NZ_LQMA01000307.1	Camp_jejuni
NZ_LQMA01000308.1	Camp_jejuni
NZ_LQMA01000309.1	Camp_jejuni
NZ_LQMA01000310.1	Camp_jejuni
NZ_LQMA01000311.1	Camp_jejuni
NZ_LQMA01000312.1	Camp_jejuni
NZ_LQMA01000313.1	Camp_jejuni
NZ_LQMA01000314.1	Camp_jejuni
NZ_LQMA01000315.1	Camp_jejuni
NZ_LQMA01000316.1	Camp_jejuni
NZ_LQMA01000317.1	Camp_jejuni
NZ_LQMA01000318.1	Camp_jejuni
NZ_LQMA01000319.1	Camp_jejuni
NZ_LQMA01000320.1	Camp_jejuni
NZ_LQMA01000321.1	Camp_jejuni
NZ_LQMA01000322.1	Camp_jejuni
NZ_LQMA01000323.1	Camp_jejuni
NZ_LQMA01000324.1	Camp_jejuni
NZ_LQMA01000325.1	Camp_jejuni
NZ_LQMA01000327.1	Camp_jejuni
NZ_LQMA01000328.1	Camp_jejuni
NZ_LQMA01000329.1	Camp_jejuni
NZ_LQMA01000330.1	Camp_jejuni
NZ_LQMA01000331.1	Camp_jejuni
NZ_LQMA01000333.1	Camp_jejuni
NZ_LQMA01000334.1	Camp_jejuni
NZ_LQMA01000335.1	Camp_jejuni
NZ_LQMA01000336.1	Camp_jejuni
NZ_LQMA01000337.1	Camp_jejuni
NZ_LQMA01000338.1	Camp_jejuni
NZ_LQMA01000339.1	Camp_jejuni
NZ_LQMA01000340.1	Camp_jejuni
NZ_LQMA01000341.1	Camp_jejuni
NZ_LQMA01000342.1	Camp_jejuni
NZ_LR134497.1	Camp_jejuni
NZ_VEVZ01000001.1	Camp_jejuni
NZ_VEVZ01000002.1	Camp_jejuni
NZ_VEVZ01000003.1	Camp_jejuni
NZ_VEVZ01000004.1	Camp_jejuni
NZ_VEVZ01000005.1	Camp_jejuni
NZ_VEVZ01000006.1	Camp_jejuni
NZ_VEVZ01000007.1	Camp_jejuni
NZ_VEVZ01000008.1	Camp_jejuni
NZ_VEVZ01000010.1	Camp_jejuni
NZ_VEVZ01000011.1	Camp_jejuni
NZ_VEVZ01000012.1	Camp_jejuni
NZ_VEVZ01000013.1	Camp_jejuni
NZ_VEVZ01000014.1	Camp_jejuni
NZ_VEVZ01000015.1	Camp_jejuni
NZ_VEVZ01000016.1	Camp_jejuni
NZ_VEVZ01000017.1	Camp_jejuni
NZ_VEVZ01000018.1	Camp_jejuni
NZ_VEVZ01000019.1	Camp_jejuni
NZ_VEVZ01000020.1	Camp_jejuni
NZ_VEVZ01000021.1	Camp_jejuni
NZ_VEVZ01000022.1	Camp_jejuni
NZ_VEVZ01000023.1	Camp_jejuni
NZ_VEVZ01000024.1	Camp_jejuni
NZ_VEVZ01000025.1	Camp_jejuni
NZ_VEVZ01000026.1	Camp_jejuni
NZ_VEVZ01000027.1	Camp_jejuni
NZ_VEVZ01000028.1	Camp_jejuni
NZ_VEVZ01000029.1	Camp_jejuni
NZ_VEVZ01000030.1	Camp_jejuni
NZ_VEVZ01000031.1	Camp_jejuni
NZ_VEVZ01000032.1	Camp_jejuni
NZ_VEVZ01000033.1	Camp_jejuni
NZ_VEVZ01000034.1	Camp_jejuni
NZ_VEVZ01000035.1	Camp_jejuni
NZ_VEVZ01000036.1	Camp_jejuni
NZ_VEVZ01000037.1	Camp_jejuni
NZ_VEVZ01000038.1	Camp_jejuni
NZ_VEVZ01000039.1	Camp_jejuni
NZ_VEVZ01000040.1	Camp_jejuni
NZ_VEVZ01000041.1	Camp_jejuni
NZ_VEVZ01000042.1	Camp_jejuni
NZ_VEVZ01000043.1	Camp_jejuni
NZ_VEVZ01000044.1	Camp_jejuni
NZ_VEVZ01000045.1	Camp_jejuni
NZ_VEVZ01000046.1	Camp_jejuni
NZ_VEVZ01000047.1	Camp_jejuni
NZ_VEVZ01000048.1	Camp_jejuni
NZ_VEVZ01000049.1	Camp_jejuni
NZ_VEVZ01000050.1	Camp_jejuni
NZ_VEVZ01000051.1	Camp_jejuni
NZ_VEVZ01000052.1	Camp_jejuni
NZ_VEVZ01000053.1	Camp_jejuni
NZ_VEVZ01000054.1	Camp_jejuni
NZ_VEVZ01000055.1	Camp_jejuni
NZ_VEVZ01000056.1	Camp_jejuni
NZ_VEVZ01000057.1	Camp_jejuni
NZ_VEVZ01000058.1	Camp_jejuni
NZ_VEVZ01000059.1	Camp_jejuni
NZ_VEVZ01000060.1	Camp_jejuni
NZ_VEVZ01000061.1	Camp_jejuni
NZ_VEVZ01000062.1	Camp_jejuni
NZ_VEVZ01000063.1	Camp_jejuni
NZ_VEVZ01000064.1	Camp_jejuni
NZ_VEVZ01000065.1	Camp_jejuni
NZ_VEVZ01000066.1	Camp_jejuni
NZ_VEVZ01000067.1	Camp_jejuni
NZ_VEVZ01000068.1	Camp_jejuni
NZ_VEVZ01000069.1	Camp_jejuni
NZ_VEVZ01000070.1	Camp_jejuni
NZ_VEVZ01000071.1	Camp_jejuni
NZ_VEVZ01000072.1	Camp_jejuni
NZ_VEVZ01000073.1	Camp_jejuni
NZ_VEVZ01000074.1	Camp_jejuni
NZ_VEVZ01000075.1	Camp_jejuni
NZ_VEVZ01000076.1	Camp_jejuni
NZ_VEVZ01000077.1	Camp_jejuni
NZ_VEVZ01000078.1	Camp_jejuni
NZ_VEVZ01000079.1	Camp_jejuni
NZ_VEVZ01000080.1	Camp_jejuni
NZ_VEVZ01000081.1	Camp_jejuni
NZ_VEVZ01000082.1	Camp_jejuni
NZ_VEVZ01000083.1	Camp_jejuni
NZ_VEVZ01000084.1	Camp_jejuni
NZ_VEVZ01000085.1	Camp_jejuni
NZ_VEVZ01000086.1	Camp_jejuni
NZ_VEVZ01000087.1	Camp_jejuni
NZ_VEVZ01000088.1	Camp_jejuni
NZ_VEVZ01000089.1	Camp_jejuni
NZ_VEVZ01000090.1	Camp_jejuni
NZ_VEVZ01000091.1	Camp_jejuni
NZ_VEVZ01000092.1	Camp_jejuni
