NZ_CP055229.1	Entc_hirae
NZ_CP109802.1	Entc_hirae
NZ_CP055229.1	Entc_hirae
NZ_CP055229.1	Entc_hirae
NZ_CP068122.1	Entc_hirae
NZ_CP055230.1	Entc_hirae
NZ_CP030110.1	Entc_faecium
NZ_CP040878.1	Entc_faecium
NZ_LR215968.1	Entc_faecium
NZ_AP027299.1	Entc_hirae
NZ_CP055230.1	Entc_hirae
NZ_AP027299.1	Entc_hirae
NZ_CP055229.1	Entc_hirae
NZ_CP055229.1	Entc_hirae
NZ_CP055230.1	Entc_hirae
NZ_CP116557.1	Entc_faecalis
NZ_CP124886.1	Entc_faecalis
NZ_CP078162.1	Entc_faecalis
NZ_AP027299.1	Entc_hirae
NZ_AP027299.1	Entc_hirae
NZ_CP109802.1	Entc_hirae
NZ_CP137461.1	Entc_faecium
NZ_CP055229.1	Entc_hirae
NZ_CP055229.1	Entc_hirae
NZ_CP055229.1	Entc_hirae
NZ_CP055231.1	Entc_hirae
NZ_LR134095.1	Entc_faecium
NZ_CP055229.1	Entc_hirae
NZ_CP055230.1	Entc_hirae
NZ_CP055229.1	Entc_hirae
NZ_CP082963.1	Entc_lactis
NZ_CP055231.1	Entc_hirae
NZ_CP055229.1	Entc_hirae
NZ_CP091221.1	Entc_faecium
NZ_CP055229.1	Entc_hirae
NZ_CP055229.1	Entc_hirae
NZ_CP040878.1	Entc_faecium
NZ_CP091221.1	Entc_faecium
NZ_CP097014.1	Entc_faecium
NZ_CP055230.1	Entc_hirae
NZ_CP055229.1	Entc_hirae
NZ_CP055229.1	Entc_hirae
NZ_CP109802.1	Entc_hirae
NZ_CP034169.1	Entc_avium
NZ_CP046307.1	Entc_gallinarum
NZ_CP055229.1	Entc_hirae
NZ_CP055231.1	Entc_hirae
NZ_AP027299.1	Entc_hirae
NZ_CP055230.1	Entc_hirae
NZ_CP055229.1	Entc_hirae
NZ_AP027299.1	Entc_hirae
NZ_CP055230.1	Entc_hirae
NZ_CP068122.1	Entc_hirae
NZ_CP055229.1	Entc_hirae
NZ_CP055229.1	Entc_hirae
NZ_CP055229.1	Entc_hirae
NZ_CP055229.1	Entc_hirae
NZ_CP082963.1	Entc_lactis
NZ_CP055230.1	Entc_hirae
NZ_CP055229.1	Entc_hirae
NZ_CP055229.1	Entc_hirae
NZ_CP055229.1	Entc_hirae
NZ_CP055229.1	Entc_hirae
NZ_CP055229.1	Entc_hirae
NZ_CP055229.1	Entc_hirae
NZ_CP138655.1	Entc_faecalis
NZ_CP055229.1	Entc_hirae
NZ_AP027299.1	Entc_hirae
NZ_CP040878.1	Entc_faecium
NZ_AP027299.1	Entc_hirae
NZ_AP027299.1	Entc_hirae
NZ_CP040878.1	Entc_faecium
NZ_CP116026.1	Entc_casseliflavus
NZ_CP034169.1	Entc_avium
NZ_CP088203.1	Entc_durans
NZ_LR135203.1	Entc_faecium
NZ_AP027299.1	Entc_hirae
NZ_AP027299.1	Entc_hirae
NZ_CP030110.1	Entc_faecium
NZ_CP034169.1	Entc_avium
NZ_LR135475.1	Entc_faecium
NZ_AP027299.1	Entc_hirae
NZ_AP027299.1	Entc_hirae
NZ_CP055231.1	Entc_hirae
NZ_AP027299.1	Entc_hirae
NZ_CP022059.1	Entc_faecalis
NZ_CP033206.1	Entc_faecium
NZ_CP034169.1	Entc_avium
NZ_LR135475.1	Entc_faecium
NZ_AP027299.1	Entc_hirae
NZ_AP027299.1	Entc_hirae
NZ_CP055229.1	Entc_hirae
NZ_CP124778.1	Entc_faecalis
NZ_CP041665.1	Entc_faecium
NZ_CP055229.1	Entc_hirae
NZ_CP042289.1	Entc_hirae
NZ_CP068122.1	Entc_hirae
NZ_CP068122.1	Entc_hirae
NZ_CP068122.1	Entc_hirae
NZ_CP055229.1	Entc_hirae
NZ_CP032308.1	Entc_faecium
NZ_CP034169.1	Entc_avium
NZ_CP046307.1	Entc_gallinarum
NZ_CP084178.1	Entc_faecium
NZ_CP032308.1	Entc_faecium
NZ_CP097048.1	Entc_faecalis
NZ_CP123609.1	Entc_lactis
NZ_CP034169.1	Entc_avium
NZ_CP046307.1	Entc_gallinarum
NZ_CP104392.1	Entc_raffinosus
NZ_CP030110.1	Entc_faecium
NZ_CP082267.1	Entc_lactis
NZ_CP034169.1	Entc_avium
NZ_CP091204.1	Entc_gallinarum
NZ_CP104392.1	Entc_raffinosus
NZ_CP116510.1	Entc_gallinarum
NZ_CP024590.1	Entc_avium
NZ_CP034169.1	Entc_avium
NZ_CP046307.1	Entc_gallinarum
NZ_CP083912.1	Entc_faecium
NZ_CP104764.1	Entc_raffinosus
NZ_CP045012.1	Entc_faecium
NZ_LR135331.1	Entc_faecium
NZ_CP034169.1	Entc_avium
NZ_CP046307.1	Entc_gallinarum
NZ_CP116510.1	Entc_gallinarum
NZ_LR135203.1	Entc_faecium
NZ_CP030110.1	Entc_faecium
NZ_CP066215.1	Entc_faecium
NZ_LR135197.1	Entc_faecium
NZ_CP040878.1	Entc_faecium
NZ_CP040878.1	Entc_faecium
NZ_CP022059.1	Entc_faecalis
NZ_CP024590.1	Entc_avium
NZ_CP034169.1	Entc_avium
NZ_CP046307.1	Entc_gallinarum
NZ_CP091231.1	Entc_faecalis
NZ_CP116026.1	Entc_casseliflavus
NZ_AP027299.1	Entc_hirae
NZ_CP055229.1	Entc_hirae
NZ_CP055230.1	Entc_hirae
NZ_CP055230.1	Entc_hirae
NZ_CP045598.1	Entc_faecalis
NZ_CP034169.1	Entc_avium
NZ_LR135203.1	Entc_faecium
NZ_CP030110.1	Entc_faecium
NZ_CP034169.1	Entc_avium
NZ_CP024590.1	Entc_avium
NZ_CP034169.1	Entc_avium
NZ_CP046307.1	Entc_gallinarum
NZ_CP104392.1	Entc_raffinosus
NZ_CP104764.1	Entc_raffinosus
NZ_LR135203.1	Entc_faecium
NZ_CP104764.1	Entc_raffinosus
NZ_LR135475.1	Entc_faecium
NZ_CP068122.1	Entc_hirae
NZ_CP083695.1	Entc_mundtii
NZ_LR135435.1	Entc_faecium
NZ_CP034169.1	Entc_avium
NZ_CP034169.1	Entc_avium
NZ_CP102534.1	Entc_faecium
NZ_CP034169.1	Entc_avium
NZ_CP046307.1	Entc_gallinarum
NZ_CP104764.1	Entc_raffinosus
NZ_CP119393.1	Entc_casseliflavus
NZ_LR135475.1	Entc_faecium
NZ_CP030110.1	Entc_faecium
NZ_LR215968.1	Entc_faecium
NZ_CP024590.1	Entc_avium
NZ_CP033206.1	Entc_faecium
NZ_CP034169.1	Entc_avium
NZ_LR135475.1	Entc_faecium
NZ_LR135191.1	Entc_faecium
NZ_CP088203.1	Entc_durans
NZ_CP104392.1	Entc_raffinosus
NZ_LR135203.1	Entc_faecium
NZ_CP040878.1	Entc_faecium
NZ_LR215968.1	Entc_faecium
NZ_CP041665.1	Entc_faecium
NZ_CP055231.1	Entc_hirae
NZ_CP055230.1	Entc_hirae
NZ_CP024590.1	Entc_avium
NZ_CP033206.1	Entc_faecium
NZ_CP034169.1	Entc_avium
NZ_CP084178.1	Entc_faecium
NZ_CP104764.1	Entc_raffinosus
NZ_CP110071.1	Entc_faecalis
NZ_CP104764.1	Entc_raffinosus
NZ_CP109802.1	Entc_hirae
NZ_CP024590.1	Entc_avium
NZ_CP034169.1	Entc_avium
NZ_CP032308.1	Entc_faecium
