sample1	sample2	ref	scaffold	length	common	commonPct	single	singlePct	singleAgree	singleAgreePct	multi	multiPct	sharedAlleles	sharedAllelesPct	variants	variantPct	commonVariant	commonVariantPct	variantExact	variantExactPct	AnotB	AnotBpct	BnotA	BnotApct	Agaps	AgapPct	Bgaps	BgapPct	gapJaccardSim
ESO1234704120S1K	ESO1238105120S1K	na	NZ_CP020847.1	5554150	267298	4.8126	265033	99.1526	259985	98.0953	2265	0.8474	262210	98.0965	7987	2.9881	2899	36.2965	693	8.6766	5436	68.0606	1713	21.4474	135471	87.5863	126053	87.9678	0.9917
sample1	sample2	ref	scaffold	length	common	commonPct	single	singlePct	singleAgree	singleAgreePct	multi	multiPct	sharedAlleles	sharedAllelesPct	variants	variantPct	commonVariant	commonVariantPct	variantExact	variantExactPct	AnotB	AnotBpct	BnotA	BnotApct	Agaps	AgapPct	Bgaps	BgapPct	gapJaccardSim
ESO1234704120S1K	ESO1357108120S1K	na	NZ_CP020847.1	5554150	404986	7.2916	400209	98.8205	391013	97.7022	4777	1.1795	395657	97.6965	15408	3.8046	6079	39.4535	1594	10.3453	7702	49.987	5708	37.0457	135471	93.372	215523	52.3939	0.9704
sample1	sample2	ref	scaffold	length	common	commonPct	single	singlePct	singleAgree	singleAgreePct	multi	multiPct	sharedAlleles	sharedAllelesPct	variants	variantPct	commonVariant	commonVariantPct	variantExact	variantExactPct	AnotB	AnotBpct	BnotA	BnotApct	Agaps	AgapPct	Bgaps	BgapPct	gapJaccardSim
ESO1234704120S1K	stools_11034101	na	NZ_CP020847.1	5554150	550310	9.9081	543501	98.7627	531046	97.7084	6809	1.2373	537657	97.7008	21442	3.8963	8789	40.9896	2428	11.3236	9491	44.2636	8741	40.7658	135471	87.1057	123522	90.2787	0.9888
sample1	sample2	ref	scaffold	length	common	commonPct	single	singlePct	singleAgree	singleAgreePct	multi	multiPct	sharedAlleles	sharedAllelesPct	variants	variantPct	commonVariant	commonVariantPct	variantExact	variantExactPct	AnotB	AnotBpct	BnotA	BnotApct	Agaps	AgapPct	Bgaps	BgapPct	gapJaccardSim
ESO1238002120S1K	ESO1356602120S1K	na	NZ_CP063912.1	5510850	420331	7.6273	411073	97.7975	402145	97.8281	9258	2.2025	411156	97.8172	20128	4.7886	10953	54.4167	2513	12.4851	7645	37.9819	7772	38.6129	201668	100	158004	84.0415	0.9764
sample1	sample2	ref	scaffold	length	common	commonPct	single	singlePct	singleAgree	singleAgreePct	multi	multiPct	sharedAlleles	sharedAllelesPct	variants	variantPct	commonVariant	commonVariantPct	variantExact	variantExactPct	AnotB	AnotBpct	BnotA	BnotApct	Agaps	AgapPct	Bgaps	BgapPct	gapJaccardSim
ESO1238002120S1K	ESO1358301120S1K	na	NZ_CP063912.1	5510850	741364	13.4528	725733	97.8916	713018	98.248	15631	2.1084	728156	98.2184	28505	3.8449	15297	53.6643	867	3.0416	15890	55.7446	8432	29.5808	201668	86.3687	78475	90.5448	0.9658
sample1	sample2	ref	scaffold	length	common	commonPct	single	singlePct	singleAgree	singleAgreePct	multi	multiPct	sharedAlleles	sharedAllelesPct	variants	variantPct	commonVariant	commonVariantPct	variantExact	variantExactPct	AnotB	AnotBpct	BnotA	BnotApct	Agaps	AgapPct	Bgaps	BgapPct	gapJaccardSim
ESO1238002120S1K	EST1233801101S1K	na	NZ_CP063912.1	5510850	392912	7.1298	387165	98.5373	378005	97.6341	5747	1.4627	383557	97.6191	16310	4.1511	6955	42.6426	1672	10.2514	9018	55.2912	4387	26.8976	201668	93.3872	135906	95.5572	0.9777
sample1	sample2	ref	scaffold	length	common	commonPct	single	singlePct	singleAgree	singleAgreePct	multi	multiPct	sharedAlleles	sharedAllelesPct	variants	variantPct	commonVariant	commonVariantPct	variantExact	variantExactPct	AnotB	AnotBpct	BnotA	BnotApct	Agaps	AgapPct	Bgaps	BgapPct	gapJaccardSim
ESO1238002120S1K	EST1234704101S1K	na	NZ_CP063912.1	5510850	328334	5.958	324636	98.8737	317442	97.784	3698	1.1263	321052	97.7821	12122	3.692	4840	39.9274	1406	11.5987	8048	66.3917	1631	13.4549	201668	100	431931	43.4414	0.9397
sample1	sample2	ref	scaffold	length	common	commonPct	single	singlePct	singleAgree	singleAgreePct	multi	multiPct	sharedAlleles	sharedAllelesPct	variants	variantPct	commonVariant	commonVariantPct	variantExact	variantExactPct	AnotB	AnotBpct	BnotA	BnotApct	Agaps	AgapPct	Bgaps	BgapPct	gapJaccardSim
ESO1238002120S1K	EST1238002101S1K	na	NZ_CP063912.1	5510850	314082	5.6993	306033	97.4373	298154	97.4254	8049	2.5627	305971	97.4176	19000	6.0494	10889	57.3105	3591	18.9	4951	26.0579	8348	43.9368	201668	93.3872	160506	88.9942	0.984
sample1	sample2	ref	scaffold	length	common	commonPct	single	singlePct	singleAgree	singleAgreePct	multi	multiPct	sharedAlleles	sharedAllelesPct	variants	variantPct	commonVariant	commonVariantPct	variantExact	variantExactPct	AnotB	AnotBpct	BnotA	BnotApct	Agaps	AgapPct	Bgaps	BgapPct	gapJaccardSim
ESO1238002120S1K	EST1358301101S1K	na	NZ_CP063912.1	5510850	399506	7.2494	390729	97.803	382601	97.9198	8777	2.197	391169	97.9132	18907	4.7326	10570	55.9052	2572	13.6034	7315	38.6894	6462	34.1778	201668	100	215302	59.6543	0.9651
sample1	sample2	ref	scaffold	length	common	commonPct	single	singlePct	singleAgree	singleAgreePct	multi	multiPct	sharedAlleles	sharedAllelesPct	variants	variantPct	commonVariant	commonVariantPct	variantExact	variantExactPct	AnotB	AnotBpct	BnotA	BnotApct	Agaps	AgapPct	Bgaps	BgapPct	gapJaccardSim
ESO1238002120S1K	stools_11013150	na	NZ_CP063912.1	5510850	316055	5.7351	311162	98.4519	302235	97.1311	4893	1.5481	306957	97.1214	15065	4.7666	5967	39.6084	1425	9.459	7796	51.7491	5120	33.9861	201668	92.9815	144724	75.3344	0.9731
sample1	sample2	ref	scaffold	length	common	commonPct	single	singlePct	singleAgree	singleAgreePct	multi	multiPct	sharedAlleles	sharedAllelesPct	variants	variantPct	commonVariant	commonVariantPct	variantExact	variantExactPct	AnotB	AnotBpct	BnotA	BnotApct	Agaps	AgapPct	Bgaps	BgapPct	gapJaccardSim
ESO1238002120S1K	stools_11014101	na	NZ_CP063912.1	5510850	450808	8.1804	440298	97.6686	430236	97.7147	10510	2.3314	440459	97.7043	22270	4.94	11921	53.5294	2150	9.6542	8446	37.9255	9597	43.0938	201668	65.6073	92434	81.2807	0.9675
sample1	sample2	ref	scaffold	length	common	commonPct	single	singlePct	singleAgree	singleAgreePct	multi	multiPct	sharedAlleles	sharedAllelesPct	variants	variantPct	commonVariant	commonVariantPct	variantExact	variantExactPct	AnotB	AnotBpct	BnotA	BnotApct	Agaps	AgapPct	Bgaps	BgapPct	gapJaccardSim
ESO1238002120S1K	stools_11022501	na	NZ_CP063912.1	5510850	634571	11.5149	622181	98.0475	608642	97.8239	12390	1.9525	620449	97.7746	27230	4.2911	13108	48.1381	1812	6.6544	14596	53.6026	9173	33.6871	201668	76.0572	150509	82.233	0.974
sample1	sample2	ref	scaffold	length	common	commonPct	single	singlePct	singleAgree	singleAgreePct	multi	multiPct	sharedAlleles	sharedAllelesPct	variants	variantPct	commonVariant	commonVariantPct	variantExact	variantExactPct	AnotB	AnotBpct	BnotA	BnotApct	Agaps	AgapPct	Bgaps	BgapPct	gapJaccardSim
ESO1238002120S1K	stools_11026150	na	NZ_CP063912.1	5510850	285072	5.1729	280342	98.3408	271779	96.9455	4730	1.6592	276303	96.9239	15041	5.2762	6272	41.6994	1916	12.7385	6590	43.8136	5945	39.5253	201668	59.3907	156082	56.3287	0.9668
sample1	sample2	ref	scaffold	length	common	commonPct	single	singlePct	singleAgree	singleAgreePct	multi	multiPct	sharedAlleles	sharedAllelesPct	variants	variantPct	commonVariant	commonVariantPct	variantExact	variantExactPct	AnotB	AnotBpct	BnotA	BnotApct	Agaps	AgapPct	Bgaps	BgapPct	gapJaccardSim
ESO1238002120S1K	stools_11036150	na	NZ_CP063912.1	5510850	403787	7.3271	391130	96.8654	382983	97.9171	12657	3.1346	395221	97.8786	22336	5.5316	13770	61.6494	2060	9.2228	5815	26.0342	12299	55.0636	201668	93.3872	172152	85.5314	0.9809
sample1	sample2	ref	scaffold	length	common	commonPct	single	singlePct	singleAgree	singleAgreePct	multi	multiPct	sharedAlleles	sharedAllelesPct	variants	variantPct	commonVariant	commonVariantPct	variantExact	variantExactPct	AnotB	AnotBpct	BnotA	BnotApct	Agaps	AgapPct	Bgaps	BgapPct	gapJaccardSim
ESO1238002120S1K	stools_11042101	na	NZ_CP063912.1	5510850	532346	9.66	511470	96.0785	505746	98.8809	20876	3.9215	526260	98.8568	26919	5.0567	20833	77.3914	627	2.3292	6025	22.382	18082	67.1719	201668	69.1076	74341	84.2456	0.9659
sample1	sample2	ref	scaffold	length	common	commonPct	single	singlePct	singleAgree	singleAgreePct	multi	multiPct	sharedAlleles	sharedAllelesPct	variants	variantPct	commonVariant	commonVariantPct	variantExact	variantExactPct	AnotB	AnotBpct	BnotA	BnotApct	Agaps	AgapPct	Bgaps	BgapPct	gapJaccardSim
ESO1238002120S1K	stools_11054102	na	NZ_CP063912.1	5510850	431242	7.8253	417884	96.9024	408636	97.7869	13358	3.0976	421637	97.7727	24740	5.7369	15135	61.1762	2828	11.4309	6327	25.574	12946	52.3282	201668	93.3872	151583	92.6133	0.9806
sample1	sample2	ref	scaffold	length	common	commonPct	single	singlePct	singleAgree	singleAgreePct	multi	multiPct	sharedAlleles	sharedAllelesPct	variants	variantPct	commonVariant	commonVariantPct	variantExact	variantExactPct	AnotB	AnotBpct	BnotA	BnotApct	Agaps	AgapPct	Bgaps	BgapPct	gapJaccardSim
ESO1238002120S1K	stools_12090501	na	NZ_CP063912.1	5510850	352049	6.3883	344727	97.9202	336746	97.6848	7322	2.0798	343875	97.6782	17429	4.9507	9255	53.1012	2466	14.1488	5909	33.9033	7180	41.1957	201668	100	324895	53.0104	0.9624
sample1	sample2	ref	scaffold	length	common	commonPct	single	singlePct	singleAgree	singleAgreePct	multi	multiPct	sharedAlleles	sharedAllelesPct	variants	variantPct	commonVariant	commonVariantPct	variantExact	variantExactPct	AnotB	AnotBpct	BnotA	BnotApct	Agaps	AgapPct	Bgaps	BgapPct	gapJaccardSim
ESO1238002120S1K	stools_12119101	na	NZ_CP063912.1	5510850	425942	7.7292	419399	98.4639	409950	97.747	6543	1.5361	416299	97.7361	17465	4.1003	7822	44.7867	1766	10.1117	9326	53.3982	4825	27.6267	201668	92.9815	140053	64.1036	0.9632
sample1	sample2	ref	scaffold	length	common	commonPct	single	singlePct	singleAgree	singleAgreePct	multi	multiPct	sharedAlleles	sharedAllelesPct	variants	variantPct	commonVariant	commonVariantPct	variantExact	variantExactPct	AnotB	AnotBpct	BnotA	BnotApct	Agaps	AgapPct	Bgaps	BgapPct	gapJaccardSim
ESO1238004220S1K	EST1256801101S1K	na	NZ_CP026013.1	5511705	350396	6.3573	347400	99.145	337784	97.232	2996	0.855	340698	97.2323	12961	3.699	3263	25.1755	367	2.8316	11705	90.3094	825	6.3652	195991	87.5066	170143	90.3228	0.9839
sample1	sample2	ref	scaffold	length	common	commonPct	single	singlePct	singleAgree	singleAgreePct	multi	multiPct	sharedAlleles	sharedAllelesPct	variants	variantPct	commonVariant	commonVariantPct	variantExact	variantExactPct	AnotB	AnotBpct	BnotA	BnotApct	Agaps	AgapPct	Bgaps	BgapPct	gapJaccardSim
ESO1238105120S1K	ESO1357108120S1K	na	NZ_CP020847.1	5554150	174191	3.1362	173434	99.5654	170204	98.1376	757	0.4346	170936	98.1314	4428	2.542	1173	26.4905	443	10.0045	1184	26.7389	2774	62.6468	126053	100	215523	63.0907	0.9803
sample1	sample2	ref	scaffold	length	common	commonPct	single	singlePct	singleAgree	singleAgreePct	multi	multiPct	sharedAlleles	sharedAllelesPct	variants	variantPct	commonVariant	commonVariantPct	variantExact	variantExactPct	AnotB	AnotBpct	BnotA	BnotApct	Agaps	AgapPct	Bgaps	BgapPct	gapJaccardSim
ESO1238105120S1K	stools_11034101	na	NZ_CP020847.1	5554150	249875	4.4989	248112	99.2944	243634	98.1952	1763	0.7056	245350	98.1891	6852	2.7422	2327	33.9609	621	9.063	1554	22.6795	4626	67.5131	126053	100	123522	81.9077	0.9838
sample1	sample2	ref	scaffold	length	common	commonPct	single	singlePct	singleAgree	singleAgreePct	multi	multiPct	sharedAlleles	sharedAllelesPct	variants	variantPct	commonVariant	commonVariantPct	variantExact	variantExactPct	AnotB	AnotBpct	BnotA	BnotApct	Agaps	AgapPct	Bgaps	BgapPct	gapJaccardSim
ESO1241101120S2K	EST1232710101S1K	na	NZ_CP058758.1	5117945	1285884	25.125	1261296	98.0879	1244561	98.6732	24588	1.9121	1268766	98.6688	42481	3.3036	25363	59.7043	3111	7.3233	23608	55.5731	12578	29.6085	100867	45.8217	38382	84.5188	0.9843
sample1	sample2	ref	scaffold	length	common	commonPct	single	singlePct	singleAgree	singleAgreePct	multi	multiPct	sharedAlleles	sharedAllelesPct	variants	variantPct	commonVariant	commonVariantPct	variantExact	variantExactPct	AnotB	AnotBpct	BnotA	BnotApct	Agaps	AgapPct	Bgaps	BgapPct	gapJaccardSim
ESO1241101120S2K	EST1233801101S1K	na	NZ_CP058758.1	5117945	812419	15.8739	798713	98.3129	783340	98.0753	13706	1.6871	796704	98.0657	31543	3.8826	15828	50.1791	3386	10.7346	18768	59.4997	7735	24.5221	100867	59.8779	63996	89.2462	0.9846
sample1	sample2	ref	scaffold	length	common	commonPct	single	singlePct	singleAgree	singleAgreePct	multi	multiPct	sharedAlleles	sharedAllelesPct	variants	variantPct	commonVariant	commonVariantPct	variantExact	variantExactPct	AnotB	AnotBpct	BnotA	BnotApct	Agaps	AgapPct	Bgaps	BgapPct	gapJaccardSim
ESO1241101120S2K	stools_11006101	na	NZ_CP058758.1	5117945	934047	18.2504	920095	98.5063	901219	97.9485	13952	1.4937	914790	97.9383	34874	3.7336	15617	44.7812	2568	7.3637	23978	68.7561	7465	21.4056	100867	62.285	144228	47.6877	0.9751
sample1	sample2	ref	scaffold	length	common	commonPct	single	singlePct	singleAgree	singleAgreePct	multi	multiPct	sharedAlleles	sharedAllelesPct	variants	variantPct	commonVariant	commonVariantPct	variantExact	variantExactPct	AnotB	AnotBpct	BnotA	BnotApct	Agaps	AgapPct	Bgaps	BgapPct	gapJaccardSim
ESO1241101120S2K	stools_11008150	na	NZ_CP058758.1	5117945	456684	8.9232	446469	97.7632	433757	97.1528	10215	2.2368	443515	97.1164	25176	5.5128	12007	47.6922	2828	11.2329	11764	46.727	9392	37.3054	100867	88.7119	147821	63.56	0.9788
sample1	sample2	ref	scaffold	length	common	commonPct	single	singlePct	singleAgree	singleAgreePct	multi	multiPct	sharedAlleles	sharedAllelesPct	variants	variantPct	commonVariant	commonVariantPct	variantExact	variantExactPct	AnotB	AnotBpct	BnotA	BnotApct	Agaps	AgapPct	Bgaps	BgapPct	gapJaccardSim
ESO1241101120S2K	stools_11014101	na	NZ_CP058758.1	5117945	1341873	26.219	1320314	98.3934	1301197	98.5521	21559	1.6066	1322391	98.5481	41726	3.1095	22244	53.3097	2097	5.0256	28248	67.6988	9516	22.8059	100867	62.285	62241	82.7847	0.9844
sample1	sample2	ref	scaffold	length	common	commonPct	single	singlePct	singleAgree	singleAgreePct	multi	multiPct	sharedAlleles	sharedAllelesPct	variants	variantPct	commonVariant	commonVariantPct	variantExact	variantExactPct	AnotB	AnotBpct	BnotA	BnotApct	Agaps	AgapPct	Bgaps	BgapPct	gapJaccardSim
ESO1242704120S1K	EST1232906101S1K	na	NZ_CP132736.1	5138005	233163	4.538	231284	99.1941	226014	97.7214	1879	0.8059	227854	97.7231	7952	3.4105	2643	33.2369	844	10.6137	5562	69.9447	1286	16.172	167097	75.3143	219695	62.7124	0.9657
sample1	sample2	ref	scaffold	length	common	commonPct	single	singlePct	singleAgree	singleAgreePct	multi	multiPct	sharedAlleles	sharedAllelesPct	variants	variantPct	commonVariant	commonVariantPct	variantExact	variantExactPct	AnotB	AnotBpct	BnotA	BnotApct	Agaps	AgapPct	Bgaps	BgapPct	gapJaccardSim
ESO1247108120S1K	ESO1254204120S1K	na	NZ_CP063911.1	5484445	1521805	27.7477	1505064	98.8999	1483247	98.5504	16741	1.1001	1499762	98.5515	42880	2.8177	20837	48.5938	5894	13.7453	26781	62.4557	7695	17.9454	149250	67.2476	189624	42.2146	0.9688
sample1	sample2	ref	scaffold	length	common	commonPct	single	singlePct	singleAgree	singleAgreePct	multi	multiPct	sharedAlleles	sharedAllelesPct	variants	variantPct	commonVariant	commonVariantPct	variantExact	variantExactPct	AnotB	AnotBpct	BnotA	BnotApct	Agaps	AgapPct	Bgaps	BgapPct	gapJaccardSim
ESO1247108120S1K	EST1247109101S1K	na	NZ_CP063911.1	5484445	1270089	23.158	1246287	98.126	1231857	98.8422	23802	1.874	1255271	98.8333	41753	3.2874	26935	64.5103	5693	13.6349	15123	36.2202	16769	40.1624	149250	57.1303	81360	93.2166	0.9821
sample1	sample2	ref	scaffold	length	common	commonPct	single	singlePct	singleAgree	singleAgreePct	multi	multiPct	sharedAlleles	sharedAllelesPct	variants	variantPct	commonVariant	commonVariantPct	variantExact	variantExactPct	AnotB	AnotBpct	BnotA	BnotApct	Agaps	AgapPct	Bgaps	BgapPct	gapJaccardSim
ESO1254204120S1K	EST1247109101S1K	na	NZ_CP063911.1	5484445	2353503	42.9123	2322551	98.6849	2303967	99.1998	30952	1.3151	2334579	99.1959	54770	2.3272	35846	65.4482	6501	11.8696	10614	19.3792	35244	64.3491	189624	42.4588	81360	91.5536	0.9721
sample1	sample2	ref	scaffold	length	common	commonPct	single	singlePct	singleAgree	singleAgreePct	multi	multiPct	sharedAlleles	sharedAllelesPct	variants	variantPct	commonVariant	commonVariantPct	variantExact	variantExactPct	AnotB	AnotBpct	BnotA	BnotApct	Agaps	AgapPct	Bgaps	BgapPct	gapJaccardSim
ESO1350804120S1K	stools_12088501	na	NZ_CP050845.1	5126042	205198	4.003	203066	98.961	197959	97.4851	2132	1.039	200020	97.4766	8510	4.1472	3332	39.1539	1302	15.2996	1454	17.0858	5483	64.4301	153284	68.9152	94635	90.8247	0.9804
sample1	sample2	ref	scaffold	length	common	commonPct	single	singlePct	singleAgree	singleAgreePct	multi	multiPct	sharedAlleles	sharedAllelesPct	variants	variantPct	commonVariant	commonVariantPct	variantExact	variantExactPct	AnotB	AnotBpct	BnotA	BnotApct	Agaps	AgapPct	Bgaps	BgapPct	gapJaccardSim
ESO1350804120S1K	stools_12099101	na	NZ_CP050845.1	5126042	269820	5.2637	265319	98.3319	258910	97.5844	4501	1.6681	263297	97.5825	12360	4.5808	5837	47.2249	1523	12.322	1920	15.534	8306	67.2006	153284	78.4107	149304	52.9624	0.9802
sample1	sample2	ref	scaffold	length	common	commonPct	single	singlePct	singleAgree	singleAgreePct	multi	multiPct	sharedAlleles	sharedAllelesPct	variants	variantPct	commonVariant	commonVariantPct	variantExact	variantExactPct	AnotB	AnotBpct	BnotA	BnotApct	Agaps	AgapPct	Bgaps	BgapPct	gapJaccardSim
ESO1356602120S1K	ESO1358301120S1K	na	NZ_CP063912.1	5510850	2538940	46.0717	2483788	97.8278	2466100	99.2879	55152	2.1722	2520576	99.2767	73504	2.8951	55140	75.0163	5344	7.2704	38001	51.6992	23404	31.8404	158004	69.4375	78475	83.986	0.9775
sample1	sample2	ref	scaffold	length	common	commonPct	single	singlePct	singleAgree	singleAgreePct	multi	multiPct	sharedAlleles	sharedAllelesPct	variants	variantPct	commonVariant	commonVariantPct	variantExact	variantExactPct	AnotB	AnotBpct	BnotA	BnotApct	Agaps	AgapPct	Bgaps	BgapPct	gapJaccardSim
ESO1356602120S1K	EST1233801101S1K	na	NZ_CP063912.1	5510850	1267351	22.9974	1246329	98.3413	1231395	98.8018	21022	1.6587	1252010	98.7895	38332	3.0246	22991	59.9786	3810	9.9395	21516	56.1306	10853	28.3132	158004	79.2277	135906	90.7385	0.9806
sample1	sample2	ref	scaffold	length	common	commonPct	single	singlePct	singleAgree	singleAgreePct	multi	multiPct	sharedAlleles	sharedAllelesPct	variants	variantPct	commonVariant	commonVariantPct	variantExact	variantExactPct	AnotB	AnotBpct	BnotA	BnotApct	Agaps	AgapPct	Bgaps	BgapPct	gapJaccardSim
ESO1356602120S1K	EST1234704101S1K	na	NZ_CP063912.1	5510850	972167	17.641	958584	98.6028	948068	98.903	13583	1.3972	961451	98.8977	25021	2.5737	14305	57.172	1715	6.8542	19124	76.4318	2734	10.9268	158004	86.4453	431931	48.7078	0.9345
sample1	sample2	ref	scaffold	length	common	commonPct	single	singlePct	singleAgree	singleAgreePct	multi	multiPct	sharedAlleles	sharedAllelesPct	variants	variantPct	commonVariant	commonVariantPct	variantExact	variantExactPct	AnotB	AnotBpct	BnotA	BnotApct	Agaps	AgapPct	Bgaps	BgapPct	gapJaccardSim
ESO1356602120S1K	EST1238002101S1K	na	NZ_CP063912.1	5510850	954421	17.3189	929697	97.4095	911675	98.0615	24724	2.5905	935877	98.057	46342	4.8555	27798	59.9845	6323	13.6442	14198	30.6374	21781	47.0006	158004	75.2582	160506	88.9942	0.9878
sample1	sample2	ref	scaffold	length	common	commonPct	single	singlePct	singleAgree	singleAgreePct	multi	multiPct	sharedAlleles	sharedAllelesPct	variants	variantPct	commonVariant	commonVariantPct	variantExact	variantExactPct	AnotB	AnotBpct	BnotA	BnotApct	Agaps	AgapPct	Bgaps	BgapPct	gapJaccardSim
ESO1356602120S1K	EST1358301101S1K	na	NZ_CP063912.1	5510850	1287422	23.3616	1261295	97.9706	1245318	98.7333	26127	2.0294	1270931	98.7191	44276	3.4391	27785	62.7541	5224	11.7987	20485	46.2666	14922	33.7022	158004	90.3509	215302	85.1181	0.9752
sample1	sample2	ref	scaffold	length	common	commonPct	single	singlePct	singleAgree	singleAgreePct	multi	multiPct	sharedAlleles	sharedAllelesPct	variants	variantPct	commonVariant	commonVariantPct	variantExact	variantExactPct	AnotB	AnotBpct	BnotA	BnotApct	Agaps	AgapPct	Bgaps	BgapPct	gapJaccardSim
ESO1356602120S1K	stools_11013150	na	NZ_CP063912.1	5510850	973750	17.6697	956097	98.1871	939208	98.2335	17653	1.8129	956420	98.2203	36087	3.706	18757	51.9772	2475	6.8584	17485	48.4524	14672	40.6573	158004	88.08	144724	81.8199	0.9804
sample1	sample2	ref	scaffold	length	common	commonPct	single	singlePct	singleAgree	singleAgreePct	multi	multiPct	sharedAlleles	sharedAllelesPct	variants	variantPct	commonVariant	commonVariantPct	variantExact	variantExactPct	AnotB	AnotBpct	BnotA	BnotApct	Agaps	AgapPct	Bgaps	BgapPct	gapJaccardSim
ESO1356602120S1K	stools_11014101	na	NZ_CP063912.1	5510850	1538003	27.9086	1501614	97.634	1480517	98.595	36389	2.366	1516346	98.5919	60748	3.9498	39091	64.3494	6228	10.2522	21352	35.1485	29920	49.2527	158004	46.1722	92434	68.3947	0.9717
sample1	sample2	ref	scaffold	length	common	commonPct	single	singlePct	singleAgree	singleAgreePct	multi	multiPct	sharedAlleles	sharedAllelesPct	variants	variantPct	commonVariant	commonVariantPct	variantExact	variantExactPct	AnotB	AnotBpct	BnotA	BnotApct	Agaps	AgapPct	Bgaps	BgapPct	gapJaccardSim
ESO1356602120S1K	stools_11022501	na	NZ_CP063912.1	5510850	2081820	37.7767	2041764	98.0759	2019705	98.9196	40056	1.9241	2058992	98.9035	65867	3.1639	43039	65.3423	6468	9.8198	34040	51.6799	22838	34.6729	158004	62.7737	150509	82.233	0.9751
sample1	sample2	ref	scaffold	length	common	commonPct	single	singlePct	singleAgree	singleAgreePct	multi	multiPct	sharedAlleles	sharedAllelesPct	variants	variantPct	commonVariant	commonVariantPct	variantExact	variantExactPct	AnotB	AnotBpct	BnotA	BnotApct	Agaps	AgapPct	Bgaps	BgapPct	gapJaccardSim
ESO1356602120S1K	stools_11026150	na	NZ_CP063912.1	5510850	885898	16.0755	867942	97.9731	850733	98.0173	17956	2.0269	868128	97.9941	37440	4.2262	19670	52.5374	3203	8.555	15579	41.6106	17039	45.5101	158004	56.4846	156082	62.9759	0.9676
sample1	sample2	ref	scaffold	length	common	commonPct	single	singlePct	singleAgree	singleAgreePct	multi	multiPct	sharedAlleles	sharedAllelesPct	variants	variantPct	commonVariant	commonVariantPct	variantExact	variantExactPct	AnotB	AnotBpct	BnotA	BnotApct	Agaps	AgapPct	Bgaps	BgapPct	gapJaccardSim
ESO1356602120S1K	stools_11036150	na	NZ_CP063912.1	5510850	1445666	26.2331	1404365	97.1431	1384652	98.5963	41301	2.8569	1424975	98.5688	64133	4.4362	43442	67.7374	7111	11.0879	17039	26.5682	35837	55.8792	158004	83.2662	172152	88.9104	0.9797
sample1	sample2	ref	scaffold	length	common	commonPct	single	singlePct	singleAgree	singleAgreePct	multi	multiPct	sharedAlleles	sharedAllelesPct	variants	variantPct	commonVariant	commonVariantPct	variantExact	variantExactPct	AnotB	AnotBpct	BnotA	BnotApct	Agaps	AgapPct	Bgaps	BgapPct	gapJaccardSim
ESO1356602120S1K	stools_11042101	na	NZ_CP063912.1	5510850	2087196	37.8743	2005348	96.0786	1992536	99.3611	81848	3.9214	2073711	99.3539	95915	4.5954	82430	85.9407	5217	5.4392	17489	18.2339	68290	71.1985	158004	43.6647	74341	76.371	0.9746
sample1	sample2	ref	scaffold	length	common	commonPct	single	singlePct	singleAgree	singleAgreePct	multi	multiPct	sharedAlleles	sharedAllelesPct	variants	variantPct	commonVariant	commonVariantPct	variantExact	variantExactPct	AnotB	AnotBpct	BnotA	BnotApct	Agaps	AgapPct	Bgaps	BgapPct	gapJaccardSim
ESO1356602120S1K	stools_11054102	na	NZ_CP063912.1	5510850	1499904	27.2173	1455416	97.0339	1431728	98.3724	44488	2.9661	1475337	98.3621	71960	4.7976	47393	65.8602	8070	11.2146	18199	25.2904	40811	56.7135	158004	79.2277	151583	92.6133	0.9811
sample1	sample2	ref	scaffold	length	common	commonPct	single	singlePct	singleAgree	singleAgreePct	multi	multiPct	sharedAlleles	sharedAllelesPct	variants	variantPct	commonVariant	commonVariantPct	variantExact	variantExactPct	AnotB	AnotBpct	BnotA	BnotApct	Agaps	AgapPct	Bgaps	BgapPct	gapJaccardSim
ESO1356602120S1K	stools_12090501	na	NZ_CP063912.1	5510850	1192361	21.6366	1166986	97.8719	1148714	98.4343	25375	2.1281	1173557	98.423	46275	3.881	27471	59.3647	5026	10.8612	17533	37.8887	19883	42.967	158004	92.266	324895	58.4577	0.9605
sample1	sample2	ref	scaffold	length	common	commonPct	single	singlePct	singleAgree	singleAgreePct	multi	multiPct	sharedAlleles	sharedAllelesPct	variants	variantPct	commonVariant	commonVariantPct	variantExact	variantExactPct	AnotB	AnotBpct	BnotA	BnotApct	Agaps	AgapPct	Bgaps	BgapPct	gapJaccardSim
ESO1356602120S1K	stools_12119101	na	NZ_CP063912.1	5510850	1348885	24.4769	1325532	98.2687	1309285	98.7743	23353	1.7313	1332233	98.7655	41762	3.096	25110	60.1264	3857	9.2357	22866	54.7531	12472	29.8645	158004	86.3814	140053	75.1794	0.9713
sample1	sample2	ref	scaffold	length	common	commonPct	single	singlePct	singleAgree	singleAgreePct	multi	multiPct	sharedAlleles	sharedAllelesPct	variants	variantPct	commonVariant	commonVariantPct	variantExact	variantExactPct	AnotB	AnotBpct	BnotA	BnotApct	Agaps	AgapPct	Bgaps	BgapPct	gapJaccardSim
ESO1357108120S1K	stools_11034101	na	NZ_CP020847.1	5554150	363629	6.547	360529	99.1475	351968	97.6254	3100	0.8525	354952	97.6138	12816	3.5245	4139	32.2956	1192	9.3009	5373	41.9242	6076	47.4095	215523	63.0907	123522	93.2538	0.9741
sample1	sample2	ref	scaffold	length	common	commonPct	single	singlePct	singleAgree	singleAgreePct	multi	multiPct	sharedAlleles	sharedAllelesPct	variants	variantPct	commonVariant	commonVariantPct	variantExact	variantExactPct	AnotB	AnotBpct	BnotA	BnotApct	Agaps	AgapPct	Bgaps	BgapPct	gapJaccardSim
ESO1358301120S1K	EST1233801101S1K	na	NZ_CP063912.1	5510850	2357038	42.7709	2315126	98.2218	2303977	99.5184	41912	1.7782	2345484	99.5098	53628	2.2752	42074	78.4553	3540	6.601	24354	45.4128	20770	38.7298	78475	100	135906	77.7994	0.9833
sample1	sample2	ref	scaffold	length	common	commonPct	single	singlePct	singleAgree	singleAgreePct	multi	multiPct	sharedAlleles	sharedAllelesPct	variants	variantPct	commonVariant	commonVariantPct	variantExact	variantExactPct	AnotB	AnotBpct	BnotA	BnotApct	Agaps	AgapPct	Bgaps	BgapPct	gapJaccardSim
ESO1358301120S1K	EST1234704101S1K	na	NZ_CP063912.1	5510850	1770655	32.1303	1743518	98.4674	1739516	99.7705	27137	1.5326	1766477	99.764	31678	1.7891	27500	86.811	1304	4.1164	22166	69.9729	6782	21.4092	78475	100	431931	40.659	0.9301
sample1	sample2	ref	scaffold	length	common	commonPct	single	singlePct	singleAgree	singleAgreePct	multi	multiPct	sharedAlleles	sharedAllelesPct	variants	variantPct	commonVariant	commonVariantPct	variantExact	variantExactPct	AnotB	AnotBpct	BnotA	BnotApct	Agaps	AgapPct	Bgaps	BgapPct	gapJaccardSim
ESO1358301120S1K	EST1238002101S1K	na	NZ_CP063912.1	5510850	1681990	30.5214	1639472	97.4722	1613974	98.4447	42518	2.5278	1655507	98.4255	68377	4.0652	41894	61.2691	3493	5.1084	16657	24.3605	42679	62.4172	78475	83.986	160506	74.6103	0.9759
sample1	sample2	ref	scaffold	length	common	commonPct	single	singlePct	singleAgree	singleAgreePct	multi	multiPct	sharedAlleles	sharedAllelesPct	variants	variantPct	commonVariant	commonVariantPct	variantExact	variantExactPct	AnotB	AnotBpct	BnotA	BnotApct	Agaps	AgapPct	Bgaps	BgapPct	gapJaccardSim
ESO1358301120S1K	EST1358301101S1K	na	NZ_CP063912.1	5510850	2357959	42.7876	2309015	97.9243	2296729	99.4679	48944	2.0757	2345085	99.454	61992	2.6291	49118	79.2328	4789	7.7252	25218	40.6794	27915	45.03	78475	93.5852	215302	57.5722	0.9721
sample1	sample2	ref	scaffold	length	common	commonPct	single	singlePct	singleAgree	singleAgreePct	multi	multiPct	sharedAlleles	sharedAllelesPct	variants	variantPct	commonVariant	commonVariantPct	variantExact	variantExactPct	AnotB	AnotBpct	BnotA	BnotApct	Agaps	AgapPct	Bgaps	BgapPct	gapJaccardSim
ESO1358301120S1K	stools_11013150	na	NZ_CP063912.1	5510850	1806918	32.7884	1771988	98.0669	1754289	99.0012	34930	1.9331	1788792	98.9969	52997	2.933	34871	65.7981	2135	4.0285	20356	38.4097	27273	51.4614	78475	90.5448	144724	64.091	0.9778
sample1	sample2	ref	scaffold	length	common	commonPct	single	singlePct	singleAgree	singleAgreePct	multi	multiPct	sharedAlleles	sharedAllelesPct	variants	variantPct	commonVariant	commonVariantPct	variantExact	variantExactPct	AnotB	AnotBpct	BnotA	BnotApct	Agaps	AgapPct	Bgaps	BgapPct	gapJaccardSim
ESO1358301120S1K	stools_11014101	na	NZ_CP063912.1	5510850	2864871	51.986	2795103	97.5647	2770769	99.1294	69768	2.4353	2839782	99.1243	94942	3.314	69853	73.5744	5411	5.6993	26280	27.6801	56914	59.9461	78475	58.9449	92434	66.587	0.9846
sample1	sample2	ref	scaffold	length	common	commonPct	single	singlePct	singleAgree	singleAgreePct	multi	multiPct	sharedAlleles	sharedAllelesPct	variants	variantPct	commonVariant	commonVariantPct	variantExact	variantExactPct	AnotB	AnotBpct	BnotA	BnotApct	Agaps	AgapPct	Bgaps	BgapPct	gapJaccardSim
ESO1358301120S1K	stools_11022501	na	NZ_CP063912.1	5510850	3899180	70.7546	3821012	97.9953	3807127	99.6366	78168	2.0047	3884893	99.6336	93010	2.3854	78723	84.6393	7115	7.6497	37175	39.9688	39903	42.9018	78475	69.4106	150509	67.9581	0.9766
sample1	sample2	ref	scaffold	length	common	commonPct	single	singlePct	singleAgree	singleAgreePct	multi	multiPct	sharedAlleles	sharedAllelesPct	variants	variantPct	commonVariant	commonVariantPct	variantExact	variantExactPct	AnotB	AnotBpct	BnotA	BnotApct	Agaps	AgapPct	Bgaps	BgapPct	gapJaccardSim
ESO1358301120S1K	stools_11026150	na	NZ_CP063912.1	5510850	1589276	28.839	1556935	97.965	1535380	98.6155	32341	2.035	1567031	98.6003	54220	3.4116	31975	58.9727	1777	3.2774	16867	31.1084	31294	57.7167	78475	72.6206	156082	57.8215	0.9768
sample1	sample2	ref	scaffold	length	common	commonPct	single	singlePct	singleAgree	singleAgreePct	multi	multiPct	sharedAlleles	sharedAllelesPct	variants	variantPct	commonVariant	commonVariantPct	variantExact	variantExactPct	AnotB	AnotBpct	BnotA	BnotApct	Agaps	AgapPct	Bgaps	BgapPct	gapJaccardSim
ESO1358301120S1K	stools_11036150	na	NZ_CP063912.1	5510850	2656243	48.2002	2581918	97.2019	2559981	99.1504	74325	2.7981	2633075	99.1278	96847	3.646	73679	76.0777	6249	6.4524	22591	23.3265	62097	64.1187	78475	100	172152	79.2823	0.9777
sample1	sample2	ref	scaffold	length	common	commonPct	single	singlePct	singleAgree	singleAgreePct	multi	multiPct	sharedAlleles	sharedAllelesPct	variants	variantPct	commonVariant	commonVariantPct	variantExact	variantExactPct	AnotB	AnotBpct	BnotA	BnotApct	Agaps	AgapPct	Bgaps	BgapPct	gapJaccardSim
ESO1358301120S1K	stools_11042101	na	NZ_CP063912.1	5510850	4204152	76.2886	4041702	96.136	4034192	99.8142	162450	3.864	4196292	99.813	171468	4.0785	163608	95.4161	16716	9.7488	26982	15.7359	125711	73.3146	78475	63.0838	74341	84.2456	0.986
sample1	sample2	ref	scaffold	length	common	commonPct	single	singlePct	singleAgree	singleAgreePct	multi	multiPct	sharedAlleles	sharedAllelesPct	variants	variantPct	commonVariant	commonVariantPct	variantExact	variantExactPct	AnotB	AnotBpct	BnotA	BnotApct	Agaps	AgapPct	Bgaps	BgapPct	gapJaccardSim
ESO1358301120S1K	stools_11054102	na	NZ_CP063912.1	5510850	2724349	49.4361	2644552	97.071	2614721	98.872	79797	2.929	2693310	98.8607	110255	4.047	79216	71.848	6804	6.1711	23396	21.2199	73685	66.8314	78475	90.5448	151583	77.8188	0.98
sample1	sample2	ref	scaffold	length	common	commonPct	single	singlePct	singleAgree	singleAgreePct	multi	multiPct	sharedAlleles	sharedAllelesPct	variants	variantPct	commonVariant	commonVariantPct	variantExact	variantExactPct	AnotB	AnotBpct	BnotA	BnotApct	Agaps	AgapPct	Bgaps	BgapPct	gapJaccardSim
ESO1358301120S1K	stools_12090501	na	NZ_CP063912.1	5510850	2159029	39.1778	2111780	97.8116	2091356	99.0329	47249	2.1884	2137796	99.0165	68183	3.158	46950	68.8588	3134	4.5965	23663	34.7051	38407	56.3293	78475	100	324895	52.521	0.9516
sample1	sample2	ref	scaffold	length	common	commonPct	single	singlePct	singleAgree	singleAgreePct	multi	multiPct	sharedAlleles	sharedAllelesPct	variants	variantPct	commonVariant	commonVariantPct	variantExact	variantExactPct	AnotB	AnotBpct	BnotA	BnotApct	Agaps	AgapPct	Bgaps	BgapPct	gapJaccardSim
ESO1358301120S1K	stools_12119101	na	NZ_CP063912.1	5510850	2518882	45.7077	2472866	98.1732	2461952	99.5586	46016	1.8268	2507564	99.5507	57640	2.2883	46322	80.3643	4226	7.3317	25641	44.4847	22818	39.5871	78475	100	140053	62.2736	0.982
sample1	sample2	ref	scaffold	length	common	commonPct	single	singlePct	singleAgree	singleAgreePct	multi	multiPct	sharedAlleles	sharedAllelesPct	variants	variantPct	commonVariant	commonVariantPct	variantExact	variantExactPct	AnotB	AnotBpct	BnotA	BnotApct	Agaps	AgapPct	Bgaps	BgapPct	gapJaccardSim
EST1232710101S1K	EST1233801101S1K	na	NZ_CP058758.1	5117945	1346268	26.3049	1326707	98.547	1316338	99.2184	19561	1.453	1335673	99.213	30753	2.2843	20158	65.5481	1639	5.3296	14949	48.6099	12342	40.1327	38382	54.0149	63996	54.7237	0.9903
sample1	sample2	ref	scaffold	length	common	commonPct	single	singlePct	singleAgree	singleAgreePct	multi	multiPct	sharedAlleles	sharedAllelesPct	variants	variantPct	commonVariant	commonVariantPct	variantExact	variantExactPct	AnotB	AnotBpct	BnotA	BnotApct	Agaps	AgapPct	Bgaps	BgapPct	gapJaccardSim
EST1232710101S1K	stools_11006101	na	NZ_CP058758.1	5117945	1557815	30.4383	1536399	98.6253	1523927	99.1882	21416	1.3747	1545108	99.1843	34794	2.2335	22087	63.4793	1417	4.0725	18323	52.6614	13397	38.5038	38382	84.5188	144228	37.1135	0.9757
sample1	sample2	ref	scaffold	length	common	commonPct	single	singlePct	singleAgree	singleAgreePct	multi	multiPct	sharedAlleles	sharedAllelesPct	variants	variantPct	commonVariant	commonVariantPct	variantExact	variantExactPct	AnotB	AnotBpct	BnotA	BnotApct	Agaps	AgapPct	Bgaps	BgapPct	gapJaccardSim
EST1232710101S1K	stools_11008150	na	NZ_CP058758.1	5117945	666019	13.0134	654218	98.2281	644532	98.5195	11801	1.7719	655996	98.4951	22159	3.3271	12136	54.7678	1078	4.8648	7810	35.2453	11517	51.9744	38382	84.5188	147821	37.588	0.9738
sample1	sample2	ref	scaffold	length	common	commonPct	single	singlePct	singleAgree	singleAgreePct	multi	multiPct	sharedAlleles	sharedAllelesPct	variants	variantPct	commonVariant	commonVariantPct	variantExact	variantExactPct	AnotB	AnotBpct	BnotA	BnotApct	Agaps	AgapPct	Bgaps	BgapPct	gapJaccardSim
EST1232710101S1K	stools_11014101	na	NZ_CP058758.1	5117945	2610006	50.9971	2567187	98.3594	2561028	99.7601	42819	1.6406	2603742	99.76	49977	1.9148	43713	87.4662	3958	7.9196	27057	54.1389	17804	35.6244	38382	67.998	62241	54.5926	0.9886
sample1	sample2	ref	scaffold	length	common	commonPct	single	singlePct	singleAgree	singleAgreePct	multi	multiPct	sharedAlleles	sharedAllelesPct	variants	variantPct	commonVariant	commonVariantPct	variantExact	variantExactPct	AnotB	AnotBpct	BnotA	BnotApct	Agaps	AgapPct	Bgaps	BgapPct	gapJaccardSim
EST1233801101S1K	EST1234704101S1K	na	NZ_CP063912.1	5510850	897296	16.2824	889663	99.1493	881412	99.0726	7633	0.8507	888923	99.0669	16542	1.8435	8169	49.3834	1014	6.1299	10916	65.9896	3945	23.8484	135906	83.3326	431931	40.659	0.935
sample1	sample2	ref	scaffold	length	common	commonPct	single	singlePct	singleAgree	singleAgreePct	multi	multiPct	sharedAlleles	sharedAllelesPct	variants	variantPct	commonVariant	commonVariantPct	variantExact	variantExactPct	AnotB	AnotBpct	BnotA	BnotApct	Agaps	AgapPct	Bgaps	BgapPct	gapJaccardSim
EST1233801101S1K	EST1238002101S1K	na	NZ_CP063912.1	5510850	875338	15.8839	857948	98.0133	840502	97.9665	17390	1.9867	857413	97.9522	37263	4.257	19338	51.896	3581	9.6101	7554	20.2721	23818	63.9186	135906	81.3526	160506	84.1134	0.9842
sample1	sample2	ref	scaffold	length	common	commonPct	single	singlePct	singleAgree	singleAgreePct	multi	multiPct	sharedAlleles	sharedAllelesPct	variants	variantPct	commonVariant	commonVariantPct	variantExact	variantExactPct	AnotB	AnotBpct	BnotA	BnotApct	Agaps	AgapPct	Bgaps	BgapPct	gapJaccardSim
EST1233801101S1K	EST1358301101S1K	na	NZ_CP063912.1	5510850	1175624	21.3329	1157335	98.4443	1144218	98.8666	18289	1.5557	1162153	98.8541	33054	2.8116	19583	59.2455	3091	9.3514	11530	34.8823	16347	49.4554	135906	83.3326	215302	60.6618	0.9708
sample1	sample2	ref	scaffold	length	common	commonPct	single	singlePct	singleAgree	singleAgreePct	multi	multiPct	sharedAlleles	sharedAllelesPct	variants	variantPct	commonVariant	commonVariantPct	variantExact	variantExactPct	AnotB	AnotBpct	BnotA	BnotApct	Agaps	AgapPct	Bgaps	BgapPct	gapJaccardSim
EST1233801101S1K	stools_11006101	na	NZ_CP058758.1	5117945	962429	18.805	953883	99.112	942465	98.803	8546	0.888	950872	98.7992	22033	2.2893	10476	47.5469	2395	10.8701	10980	49.8343	7979	36.2139	63996	78.783	144228	34.3921	0.9769
sample1	sample2	ref	scaffold	length	common	commonPct	single	singlePct	singleAgree	singleAgreePct	multi	multiPct	sharedAlleles	sharedAllelesPct	variants	variantPct	commonVariant	commonVariantPct	variantExact	variantExactPct	AnotB	AnotBpct	BnotA	BnotApct	Agaps	AgapPct	Bgaps	BgapPct	gapJaccardSim
EST1233801101S1K	stools_11008150	na	NZ_CP058758.1	5117945	447398	8.7418	440992	98.5682	431313	97.8052	6406	1.4318	437489	97.7852	17803	3.9792	7894	44.3408	2028	11.3913	5038	28.2986	9871	55.4457	63996	89.2462	147821	44.0688	0.9743
sample1	sample2	ref	scaffold	length	common	commonPct	single	singlePct	singleAgree	singleAgreePct	multi	multiPct	sharedAlleles	sharedAllelesPct	variants	variantPct	commonVariant	commonVariantPct	variantExact	variantExactPct	AnotB	AnotBpct	BnotA	BnotApct	Agaps	AgapPct	Bgaps	BgapPct	gapJaccardSim
EST1233801101S1K	stools_11013150	na	NZ_CP063912.1	5510850	906887	16.4564	894754	98.6621	880518	98.4089	12133	1.3379	892373	98.3996	27525	3.0351	13011	47.2698	1690	6.1399	9990	36.2943	14890	54.0963	135906	90.7385	144724	70.0236	0.9812
sample1	sample2	ref	scaffold	length	common	commonPct	single	singlePct	singleAgree	singleAgreePct	multi	multiPct	sharedAlleles	sharedAllelesPct	variants	variantPct	commonVariant	commonVariantPct	variantExact	variantExactPct	AnotB	AnotBpct	BnotA	BnotApct	Agaps	AgapPct	Bgaps	BgapPct	gapJaccardSim
EST1233801101S1K	stools_11014101	na	NZ_CP063912.1	5510850	1436086	26.0592	1408518	98.0803	1391197	98.7703	27568	1.9197	1418353	98.7652	47440	3.3034	29707	62.6202	4263	8.9861	11224	23.6594	29547	62.2829	135906	35.3001	92434	66.587	0.9722
EST1233801101S1K	stools_11014101	na	NZ_CP058758.1	5117945	1402089	27.3955	1386131	98.8618	1375489	99.2323	15958	1.1382	1391246	99.2267	27532	1.9636	16689	60.6167	1542	5.6008	13857	50.3305	10485	38.083	63996	78.783	62241	63.0019	0.9885
sample1	sample2	ref	scaffold	length	common	commonPct	single	singlePct	singleAgree	singleAgreePct	multi	multiPct	sharedAlleles	sharedAllelesPct	variants	variantPct	commonVariant	commonVariantPct	variantExact	variantExactPct	AnotB	AnotBpct	BnotA	BnotApct	Agaps	AgapPct	Bgaps	BgapPct	gapJaccardSim
EST1233801101S1K	stools_11022501	na	NZ_CP063912.1	5510850	1927921	34.9841	1899635	98.5328	1883064	99.1277	28286	1.4672	1910862	99.1152	47764	2.4775	30705	64.2848	4125	8.6362	18736	39.2262	23024	48.2037	135906	75.7796	150509	78.0777	0.9823
sample1	sample2	ref	scaffold	length	common	commonPct	single	singlePct	singleAgree	singleAgreePct	multi	multiPct	sharedAlleles	sharedAllelesPct	variants	variantPct	commonVariant	commonVariantPct	variantExact	variantExactPct	AnotB	AnotBpct	BnotA	BnotApct	Agaps	AgapPct	Bgaps	BgapPct	gapJaccardSim
EST1233801101S1K	stools_11026150	na	NZ_CP063912.1	5510850	814088	14.7725	802300	98.552	786464	98.0262	11788	1.448	797899	98.0114	29247	3.5926	13058	44.6473	2046	6.9956	8995	30.7553	17250	58.9804	135906	74.3014	156082	66.0236	0.9744
sample1	sample2	ref	scaffold	length	common	commonPct	single	singlePct	singleAgree	singleAgreePct	multi	multiPct	sharedAlleles	sharedAllelesPct	variants	variantPct	commonVariant	commonVariantPct	variantExact	variantExactPct	AnotB	AnotBpct	BnotA	BnotApct	Agaps	AgapPct	Bgaps	BgapPct	gapJaccardSim
EST1233801101S1K	stools_11036150	na	NZ_CP063912.1	5510850	1322606	24	1290691	97.587	1274049	98.7106	31915	2.413	1305196	98.6837	50702	3.8335	33292	65.6621	3933	7.7571	9413	18.5653	35130	69.2872	135906	89.648	172152	88.7739	0.984
sample1	sample2	ref	scaffold	length	common	commonPct	single	singlePct	singleAgree	singleAgreePct	multi	multiPct	sharedAlleles	sharedAllelesPct	variants	variantPct	commonVariant	commonVariantPct	variantExact	variantExactPct	AnotB	AnotBpct	BnotA	BnotApct	Agaps	AgapPct	Bgaps	BgapPct	gapJaccardSim
EST1233801101S1K	stools_11042101	na	NZ_CP063912.1	5510850	1948933	35.3654	1877947	96.3577	1869438	99.5469	70986	3.6423	1940006	99.542	80584	4.1348	71657	88.9221	3230	4.0082	9275	11.5097	64537	80.0866	135906	55.1764	74341	84.2456	0.9839
sample1	sample2	ref	scaffold	length	common	commonPct	single	singlePct	singleAgree	singleAgreePct	multi	multiPct	sharedAlleles	sharedAllelesPct	variants	variantPct	commonVariant	commonVariantPct	variantExact	variantExactPct	AnotB	AnotBpct	BnotA	BnotApct	Agaps	AgapPct	Bgaps	BgapPct	gapJaccardSim
EST1233801101S1K	stools_11054102	na	NZ_CP063912.1	5510850	1367480	24.8143	1333177	97.4915	1312595	98.4562	34303	2.5085	1346181	98.4425	57436	4.2001	36137	62.917	4774	8.3119	10183	17.7293	39953	69.5609	135906	95.5572	151583	92.6133	0.9915
sample1	sample2	ref	scaffold	length	common	commonPct	single	singlePct	singleAgree	singleAgreePct	multi	multiPct	sharedAlleles	sharedAllelesPct	variants	variantPct	commonVariant	commonVariantPct	variantExact	variantExactPct	AnotB	AnotBpct	BnotA	BnotApct	Agaps	AgapPct	Bgaps	BgapPct	gapJaccardSim
EST1233801101S1K	stools_12090501	na	NZ_CP063912.1	5510850	1085433	19.6963	1067909	98.3855	1051653	98.4778	17524	1.6145	1068831	98.4705	35243	3.2469	18641	52.8928	2534	7.1901	10196	28.9306	20815	59.0614	135906	95.1812	324895	59.0052	0.9583
sample1	sample2	ref	scaffold	length	common	commonPct	single	singlePct	singleAgree	singleAgreePct	multi	multiPct	sharedAlleles	sharedAllelesPct	variants	variantPct	commonVariant	commonVariantPct	variantExact	variantExactPct	AnotB	AnotBpct	BnotA	BnotApct	Agaps	AgapPct	Bgaps	BgapPct	gapJaccardSim
EST1233801101S1K	stools_12119101	na	NZ_CP063912.1	5510850	1250407	22.6899	1234756	98.7483	1221957	98.9634	15651	1.2517	1237332	98.9543	30000	2.3992	16925	56.4167	2536	8.4533	12565	41.8833	13378	44.5933	135906	77.7994	140053	62.2736	0.978
sample1	sample2	ref	scaffold	length	common	commonPct	single	singlePct	singleAgree	singleAgreePct	multi	multiPct	sharedAlleles	sharedAllelesPct	variants	variantPct	commonVariant	commonVariantPct	variantExact	variantExactPct	AnotB	AnotBpct	BnotA	BnotApct	Agaps	AgapPct	Bgaps	BgapPct	gapJaccardSim
EST1234704101S1K	EST1238002101S1K	na	NZ_CP063912.1	5510850	682836	12.3908	671160	98.2901	658119	98.0569	11676	1.7099	669488	98.0452	26200	3.8369	12852	49.0534	2216	8.458	2076	7.9237	20356	77.6947	431931	40.2127	160506	85.6161	0.9361
sample1	sample2	ref	scaffold	length	common	commonPct	single	singlePct	singleAgree	singleAgreePct	multi	multiPct	sharedAlleles	sharedAllelesPct	variants	variantPct	commonVariant	commonVariantPct	variantExact	variantExactPct	AnotB	AnotBpct	BnotA	BnotApct	Agaps	AgapPct	Bgaps	BgapPct	gapJaccardSim
EST1234704101S1K	EST1358301101S1K	na	NZ_CP063912.1	5510850	917238	16.6442	905525	98.723	898155	99.1861	11713	1.277	909712	99.1795	20313	2.2146	12787	62.9498	2007	9.8804	2514	12.3763	14164	69.7287	431931	69.675	215302	96.9104	0.9491
sample1	sample2	ref	scaffold	length	common	commonPct	single	singlePct	singleAgree	singleAgreePct	multi	multiPct	sharedAlleles	sharedAllelesPct	variants	variantPct	commonVariant	commonVariantPct	variantExact	variantExactPct	AnotB	AnotBpct	BnotA	BnotApct	Agaps	AgapPct	Bgaps	BgapPct	gapJaccardSim
EST1234704101S1K	stools_11013150	na	NZ_CP063912.1	5510850	696747	12.6432	689807	99.0039	680042	98.5844	6940	0.9961	686860	98.581	17282	2.4804	7395	42.7902	862	4.9878	3771	21.8204	12158	70.3507	431931	48.7328	144724	94.0673	0.9369
sample1	sample2	ref	scaffold	length	common	commonPct	single	singlePct	singleAgree	singleAgreePct	multi	multiPct	sharedAlleles	sharedAllelesPct	variants	variantPct	commonVariant	commonVariantPct	variantExact	variantExactPct	AnotB	AnotBpct	BnotA	BnotApct	Agaps	AgapPct	Bgaps	BgapPct	gapJaccardSim
EST1234704101S1K	stools_11014101	na	NZ_CP063912.1	5510850	1067527	19.3714	1049636	98.3241	1036943	98.7907	17891	1.6759	1054643	98.7931	31356	2.9373	18472	58.9106	1381	4.4043	3276	10.4478	25592	81.6176	431931	31.6127	92434	100	0.9253
sample1	sample2	ref	scaffold	length	common	commonPct	single	singlePct	singleAgree	singleAgreePct	multi	multiPct	sharedAlleles	sharedAllelesPct	variants	variantPct	commonVariant	commonVariantPct	variantExact	variantExactPct	AnotB	AnotBpct	BnotA	BnotApct	Agaps	AgapPct	Bgaps	BgapPct	gapJaccardSim
EST1234704101S1K	stools_11022501	na	NZ_CP063912.1	5510850	1461902	26.5277	1443163	98.7182	1431198	99.1709	18739	1.2818	1449613	99.1594	31192	2.1337	18903	60.6021	1116	3.5778	7033	22.5474	22500	72.1339	431931	46.5868	150509	88.5528	0.9253
sample1	sample2	ref	scaffold	length	common	commonPct	single	singlePct	singleAgree	singleAgreePct	multi	multiPct	sharedAlleles	sharedAllelesPct	variants	variantPct	commonVariant	commonVariantPct	variantExact	variantExactPct	AnotB	AnotBpct	BnotA	BnotApct	Agaps	AgapPct	Bgaps	BgapPct	gapJaccardSim
EST1234704101S1K	stools_11026150	na	NZ_CP063912.1	5510850	636143	11.5435	629163	98.9028	617139	98.0889	6980	1.0972	623916	98.0779	19665	3.0913	7438	37.8235	838	4.2614	3503	17.8134	14882	75.6776	431931	47.2235	156082	75.1195	0.9329
sample1	sample2	ref	scaffold	length	common	commonPct	single	singlePct	singleAgree	singleAgreePct	multi	multiPct	sharedAlleles	sharedAllelesPct	variants	variantPct	commonVariant	commonVariantPct	variantExact	variantExactPct	AnotB	AnotBpct	BnotA	BnotApct	Agaps	AgapPct	Bgaps	BgapPct	gapJaccardSim
EST1234704101S1K	stools_11036150	na	NZ_CP063912.1	5510850	983627	17.8489	962931	97.896	951754	98.8393	20696	2.104	971973	98.8152	32571	3.3113	20917	64.2197	1298	3.9851	1730	5.3115	28436	87.3047	431931	45.9254	172152	82.6613	0.93
sample1	sample2	ref	scaffold	length	common	commonPct	single	singlePct	singleAgree	singleAgreePct	multi	multiPct	sharedAlleles	sharedAllelesPct	variants	variantPct	commonVariant	commonVariantPct	variantExact	variantExactPct	AnotB	AnotBpct	BnotA	BnotApct	Agaps	AgapPct	Bgaps	BgapPct	gapJaccardSim
EST1234704101S1K	stools_11042101	na	NZ_CP063912.1	5510850	1443213	26.1886	1393311	96.5423	1389779	99.7465	49902	3.4577	1439516	99.7438	53931	3.7369	50234	93.1449	846	1.5687	1648	3.0558	50757	94.1147	431931	28.2469	74341	100	0.9271
sample1	sample2	ref	scaffold	length	common	commonPct	single	singlePct	singleAgree	singleAgreePct	multi	multiPct	sharedAlleles	sharedAllelesPct	variants	variantPct	commonVariant	commonVariantPct	variantExact	variantExactPct	AnotB	AnotBpct	BnotA	BnotApct	Agaps	AgapPct	Bgaps	BgapPct	gapJaccardSim
EST1234704101S1K	stools_11054102	na	NZ_CP063912.1	5510850	1021283	18.5322	998590	97.778	984137	98.5527	22693	2.222	1006412	98.5439	38078	3.7284	23207	60.946	1704	4.475	2195	5.7645	32747	85.9998	431931	31.2048	151583	81.5217	0.932
sample1	sample2	ref	scaffold	length	common	commonPct	single	singlePct	singleAgree	singleAgreePct	multi	multiPct	sharedAlleles	sharedAllelesPct	variants	variantPct	commonVariant	commonVariantPct	variantExact	variantExactPct	AnotB	AnotBpct	BnotA	BnotApct	Agaps	AgapPct	Bgaps	BgapPct	gapJaccardSim
EST1234704101S1K	stools_12090501	na	NZ_CP063912.1	5510850	828072	15.0262	817361	98.7065	807653	98.8123	10711	1.2935	818251	98.814	21623	2.6112	11802	54.5808	1685	7.7926	1896	8.7684	16753	77.4777	431931	69.7429	324895	77.1529	0.9507
sample1	sample2	ref	scaffold	length	common	commonPct	single	singlePct	singleAgree	singleAgreePct	multi	multiPct	sharedAlleles	sharedAllelesPct	variants	variantPct	commonVariant	commonVariantPct	variantExact	variantExactPct	AnotB	AnotBpct	BnotA	BnotApct	Agaps	AgapPct	Bgaps	BgapPct	gapJaccardSim
EST1234704101S1K	stools_12119101	na	NZ_CP063912.1	5510850	958878	17.3998	949480	99.0199	941249	99.1331	9398	0.9801	950514	99.1277	18506	1.93	10142	54.8038	1347	7.2787	4221	22.8088	12028	64.9951	431931	66.8368	140053	95.0819	0.9372
sample1	sample2	ref	scaffold	length	common	commonPct	single	singlePct	singleAgree	singleAgreePct	multi	multiPct	sharedAlleles	sharedAllelesPct	variants	variantPct	commonVariant	commonVariantPct	variantExact	variantExactPct	AnotB	AnotBpct	BnotA	BnotApct	Agaps	AgapPct	Bgaps	BgapPct	gapJaccardSim
EST1238002101S1K	EST1358301101S1K	na	NZ_CP063912.1	5510850	897325	16.2829	874132	97.4153	857727	98.1233	23193	2.5847	880407	98.1146	42790	4.7686	25872	60.4627	5889	13.7626	21681	50.6684	10622	24.8236	160506	85.6161	215302	68.8461	0.9689
sample1	sample2	ref	scaffold	length	common	commonPct	single	singlePct	singleAgree	singleAgreePct	multi	multiPct	sharedAlleles	sharedAllelesPct	variants	variantPct	commonVariant	commonVariantPct	variantExact	variantExactPct	AnotB	AnotBpct	BnotA	BnotApct	Agaps	AgapPct	Bgaps	BgapPct	gapJaccardSim
EST1238002101S1K	stools_11013150	na	NZ_CP063912.1	5510850	677755	12.2986	662864	97.8029	646950	97.5992	14891	2.1971	661335	97.5773	33064	4.8785	16644	50.3387	3079	9.3122	18807	56.8806	9463	28.6203	160506	84.1134	144724	70.0236	0.9777
sample1	sample2	ref	scaffold	length	common	commonPct	single	singlePct	singleAgree	singleAgreePct	multi	multiPct	sharedAlleles	sharedAllelesPct	variants	variantPct	commonVariant	commonVariantPct	variantExact	variantExactPct	AnotB	AnotBpct	BnotA	BnotApct	Agaps	AgapPct	Bgaps	BgapPct	gapJaccardSim
EST1238002101S1K	stools_11014101	na	NZ_CP063912.1	5510850	1039926	18.8705	1012046	97.319	990646	97.8855	27880	2.681	1017853	97.8774	52283	5.0276	30210	57.7817	5463	10.4489	24162	46.2139	19066	36.4669	160506	43.7298	92434	66.587	0.9754
sample1	sample2	ref	scaffold	length	common	commonPct	single	singlePct	singleAgree	singleAgreePct	multi	multiPct	sharedAlleles	sharedAllelesPct	variants	variantPct	commonVariant	commonVariantPct	variantExact	variantExactPct	AnotB	AnotBpct	BnotA	BnotApct	Agaps	AgapPct	Bgaps	BgapPct	gapJaccardSim
EST1238002101S1K	stools_11022501	na	NZ_CP063912.1	5510850	1409733	25.581	1376847	97.6672	1349845	98.0389	32886	2.3328	1381710	98.0122	62446	4.4296	34423	55.1244	4467	7.1534	38762	62.0728	16858	26.9961	160506	75.3716	150509	82.233	0.9817
sample1	sample2	ref	scaffold	length	common	commonPct	single	singlePct	singleAgree	singleAgreePct	multi	multiPct	sharedAlleles	sharedAllelesPct	variants	variantPct	commonVariant	commonVariantPct	variantExact	variantExactPct	AnotB	AnotBpct	BnotA	BnotApct	Agaps	AgapPct	Bgaps	BgapPct	gapJaccardSim
EST1238002101S1K	stools_11026150	na	NZ_CP063912.1	5510850	629147	11.4165	614774	97.7155	597638	97.2126	14373	2.2845	611422	97.1827	33775	5.3684	16050	47.5204	2900	8.5862	17594	52.0918	11776	34.866	160506	70.6665	156082	56.3287	0.9694
sample1	sample2	ref	scaffold	length	common	commonPct	single	singlePct	singleAgree	singleAgreePct	multi	multiPct	sharedAlleles	sharedAllelesPct	variants	variantPct	commonVariant	commonVariantPct	variantExact	variantExactPct	AnotB	AnotBpct	BnotA	BnotApct	Agaps	AgapPct	Bgaps	BgapPct	gapJaccardSim
EST1238002101S1K	stools_11036150	na	NZ_CP063912.1	5510850	964316	17.4985	931754	96.6233	913681	98.0603	32562	3.3767	945368	98.0351	54096	5.6098	35148	64.9734	6698	12.3817	17863	33.0209	24926	46.0773	160506	88.4864	172152	81.7673	0.9895
sample1	sample2	ref	scaffold	length	common	commonPct	single	singlePct	singleAgree	singleAgreePct	multi	multiPct	sharedAlleles	sharedAllelesPct	variants	variantPct	commonVariant	commonVariantPct	variantExact	variantExactPct	AnotB	AnotBpct	BnotA	BnotApct	Agaps	AgapPct	Bgaps	BgapPct	gapJaccardSim
EST1238002101S1K	stools_11042101	na	NZ_CP063912.1	5510850	1302437	23.634	1249192	95.9119	1234928	98.8581	53245	4.0881	1287307	98.8383	68330	5.2463	53200	77.8575	3276	4.7944	18714	27.3877	41665	60.9761	160506	48.648	74341	76.2957	0.9767
sample1	sample2	ref	scaffold	length	common	commonPct	single	singlePct	singleAgree	singleAgreePct	multi	multiPct	sharedAlleles	sharedAllelesPct	variants	variantPct	commonVariant	commonVariantPct	variantExact	variantExactPct	AnotB	AnotBpct	BnotA	BnotApct	Agaps	AgapPct	Bgaps	BgapPct	gapJaccardSim
EST1238002101S1K	stools_11054102	na	NZ_CP063912.1	5510850	1019178	18.494	984734	96.6204	965582	98.0551	34444	3.3796	999245	98.0442	57878	5.6789	37945	65.5603	8059	13.9241	18189	31.4264	25635	44.2914	160506	93.8382	151583	88.3034	0.9824
sample1	sample2	ref	scaffold	length	common	commonPct	single	singlePct	singleAgree	singleAgreePct	multi	multiPct	sharedAlleles	sharedAllelesPct	variants	variantPct	commonVariant	commonVariantPct	variantExact	variantExactPct	AnotB	AnotBpct	BnotA	BnotApct	Agaps	AgapPct	Bgaps	BgapPct	gapJaccardSim
EST1238002101S1K	stools_12090501	na	NZ_CP063912.1	5510850	808455	14.6702	788396	97.5188	772166	97.9414	20059	2.4812	791813	97.9415	39968	4.9438	23326	58.3617	5716	14.3014	17607	44.0527	12404	31.0348	160506	100	324895	51.1516	0.9647
sample1	sample2	ref	scaffold	length	common	commonPct	single	singlePct	singleAgree	singleAgreePct	multi	multiPct	sharedAlleles	sharedAllelesPct	variants	variantPct	commonVariant	commonVariantPct	variantExact	variantExactPct	AnotB	AnotBpct	BnotA	BnotApct	Agaps	AgapPct	Bgaps	BgapPct	gapJaccardSim
EST1238002101S1K	stools_12119101	na	NZ_CP063912.1	5510850	928595	16.8503	909407	97.9337	891362	98.0157	19188	2.0663	910021	97.9998	39550	4.2591	20976	53.0367	3932	9.9418	24417	61.737	8675	21.9343	160506	80.7721	140053	68.7625	0.978
sample1	sample2	ref	scaffold	length	common	commonPct	single	singlePct	singleAgree	singleAgreePct	multi	multiPct	sharedAlleles	sharedAllelesPct	variants	variantPct	commonVariant	commonVariantPct	variantExact	variantExactPct	AnotB	AnotBpct	BnotA	BnotApct	Agaps	AgapPct	Bgaps	BgapPct	gapJaccardSim
EST1239204101S1K	EST1242206101S1K	na	NZ_OV753992.1	5300217	1186215	22.3805	1165070	98.2174	1150513	98.7505	21145	1.7826	1171266	98.7398	36180	3.05	21231	58.6816	1710	4.7264	17401	48.0956	14842	41.0227	52922	85.0195	156499	31.0929	0.9787
sample1	sample2	ref	scaffold	length	common	commonPct	single	singlePct	singleAgree	singleAgreePct	multi	multiPct	sharedAlleles	sharedAllelesPct	variants	variantPct	commonVariant	commonVariantPct	variantExact	variantExactPct	AnotB	AnotBpct	BnotA	BnotApct	Agaps	AgapPct	Bgaps	BgapPct	gapJaccardSim
EST1247109101S1K	stools_11021501	na	NZ_CP082936.1	5251405	2996105	57.0534	2949193	98.4342	2925751	99.2051	46912	1.5658	2972231	99.2032	76277	2.5459	52403	68.7009	9632	12.6277	34154	44.7763	30936	40.5574	126261	56.7285	164457	75.8812	0.9712
sample1	sample2	ref	scaffold	length	common	commonPct	single	singlePct	singleAgree	singleAgreePct	multi	multiPct	sharedAlleles	sharedAllelesPct	variants	variantPct	commonVariant	commonVariantPct	variantExact	variantExactPct	AnotB	AnotBpct	BnotA	BnotApct	Agaps	AgapPct	Bgaps	BgapPct	gapJaccardSim
EST1256801101S1K	stools_11024101	na	NZ_LR130539.1	5503304	232281	4.2208	230621	99.2853	225490	97.7751	1660	0.7147	227121	97.7786	7060	3.0394	1900	26.9122	275	3.8952	994	14.0793	5755	81.5156	146369	40.7381	107179	73.8811	0.9779
sample1	sample2	ref	scaffold	length	common	commonPct	single	singlePct	singleAgree	singleAgreePct	multi	multiPct	sharedAlleles	sharedAllelesPct	variants	variantPct	commonVariant	commonVariantPct	variantExact	variantExactPct	AnotB	AnotBpct	BnotA	BnotApct	Agaps	AgapPct	Bgaps	BgapPct	gapJaccardSim
EST1358301101S1K	stools_11013150	na	NZ_CP063912.1	5510850	896159	16.2617	881090	98.3185	866551	98.3499	15069	1.6815	881228	98.3339	30842	3.4416	15911	51.5887	2021	6.5528	13607	44.1184	14065	45.6034	215302	72.7903	144724	82.0133	0.971
sample1	sample2	ref	scaffold	length	common	commonPct	single	singlePct	singleAgree	singleAgreePct	multi	multiPct	sharedAlleles	sharedAllelesPct	variants	variantPct	commonVariant	commonVariantPct	variantExact	variantExactPct	AnotB	AnotBpct	BnotA	BnotApct	Agaps	AgapPct	Bgaps	BgapPct	gapJaccardSim
EST1358301101S1K	stools_11014101	na	NZ_CP063912.1	5510850	1425345	25.8643	1393638	97.7755	1373954	98.5876	31707	2.2245	1405114	98.5806	53450	3.75	33219	62.1497	4814	9.0065	16138	30.1927	29451	55.1001	215302	44.4933	92434	100	0.9669
sample1	sample2	ref	scaffold	length	common	commonPct	single	singlePct	singleAgree	singleAgreePct	multi	multiPct	sharedAlleles	sharedAllelesPct	variants	variantPct	commonVariant	commonVariantPct	variantExact	variantExactPct	AnotB	AnotBpct	BnotA	BnotApct	Agaps	AgapPct	Bgaps	BgapPct	gapJaccardSim
EST1358301101S1K	stools_11022501	na	NZ_CP063912.1	5510850	1912231	34.6994	1877450	98.1811	1856592	98.889	34781	1.8189	1890630	98.8704	57222	2.9924	35621	62.2505	3666	6.4066	27312	47.7299	24812	43.3609	215302	41.5338	150509	74.3929	0.961
sample1	sample2	ref	scaffold	length	common	commonPct	single	singlePct	singleAgree	singleAgreePct	multi	multiPct	sharedAlleles	sharedAllelesPct	variants	variantPct	commonVariant	commonVariantPct	variantExact	variantExactPct	AnotB	AnotBpct	BnotA	BnotApct	Agaps	AgapPct	Bgaps	BgapPct	gapJaccardSim
EST1358301101S1K	stools_11026150	na	NZ_CP063912.1	5510850	815758	14.8028	800461	98.1248	783908	97.9321	15297	1.8752	798705	97.9096	33352	4.0885	16299	48.8696	2225	6.6713	12959	38.8552	16881	50.6147	215302	56.1221	156082	71.2664	0.9629
sample1	sample2	ref	scaffold	length	common	commonPct	single	singlePct	singleAgree	singleAgreePct	multi	multiPct	sharedAlleles	sharedAllelesPct	variants	variantPct	commonVariant	commonVariantPct	variantExact	variantExactPct	AnotB	AnotBpct	BnotA	BnotApct	Agaps	AgapPct	Bgaps	BgapPct	gapJaccardSim
EST1358301101S1K	stools_11036150	na	NZ_CP063912.1	5510850	1316808	23.8948	1281333	97.306	1264916	98.7188	35475	2.694	1299531	98.688	54131	4.1108	36854	68.083	6052	11.1803	10404	19.22	33903	62.6314	215302	70.4838	172152	82.6613	0.9668
sample1	sample2	ref	scaffold	length	common	commonPct	single	singlePct	singleAgree	singleAgreePct	multi	multiPct	sharedAlleles	sharedAllelesPct	variants	variantPct	commonVariant	commonVariantPct	variantExact	variantExactPct	AnotB	AnotBpct	BnotA	BnotApct	Agaps	AgapPct	Bgaps	BgapPct	gapJaccardSim
EST1358301101S1K	stools_11042101	na	NZ_CP063912.1	5510850	1911887	34.6931	1841002	96.2924	1833602	99.598	70885	3.7076	1903980	99.5864	79092	4.1369	71185	90.0028	3605	4.558	8579	10.8469	63807	80.6744	215302	43.5426	74341	100	0.9687
sample1	sample2	ref	scaffold	length	common	commonPct	single	singlePct	singleAgree	singleAgreePct	multi	multiPct	sharedAlleles	sharedAllelesPct	variants	variantPct	commonVariant	commonVariantPct	variantExact	variantExactPct	AnotB	AnotBpct	BnotA	BnotApct	Agaps	AgapPct	Bgaps	BgapPct	gapJaccardSim
EST1358301101S1K	stools_11054102	na	NZ_CP063912.1	5510850	1358854	24.6578	1319352	97.093	1299033	98.4599	39502	2.907	1337741	98.4463	62335	4.5873	41222	66.1298	6580	10.5559	11828	18.9749	39495	63.3593	215302	54.5754	151583	77.8188	0.968
sample1	sample2	ref	scaffold	length	common	commonPct	single	singlePct	singleAgree	singleAgreePct	multi	multiPct	sharedAlleles	sharedAllelesPct	variants	variantPct	commonVariant	commonVariantPct	variantExact	variantExactPct	AnotB	AnotBpct	BnotA	BnotApct	Agaps	AgapPct	Bgaps	BgapPct	gapJaccardSim
EST1358301101S1K	stools_12090501	na	NZ_CP063912.1	5510850	1091542	19.8071	1070029	98.0291	1055700	98.6609	21513	1.9709	1076835	98.6526	38728	3.548	24021	62.0249	5146	13.2875	11223	28.979	18483	47.7252	215302	94.5184	324895	79.4374	0.9687
sample1	sample2	ref	scaffold	length	common	commonPct	single	singlePct	singleAgree	singleAgreePct	multi	multiPct	sharedAlleles	sharedAllelesPct	variants	variantPct	commonVariant	commonVariantPct	variantExact	variantExactPct	AnotB	AnotBpct	BnotA	BnotApct	Agaps	AgapPct	Bgaps	BgapPct	gapJaccardSim
EST1358301101S1K	stools_12119101	na	NZ_CP063912.1	5510850	1257489	22.8184	1237335	98.3973	1223532	98.8845	20154	1.6027	1243258	98.8683	35678	2.8372	21447	60.1127	3356	9.4064	17297	48.4809	12841	35.9914	215302	100	140053	100	0.9753
sample1	sample2	ref	scaffold	length	common	commonPct	single	singlePct	singleAgree	singleAgreePct	multi	multiPct	sharedAlleles	sharedAllelesPct	variants	variantPct	commonVariant	commonVariantPct	variantExact	variantExactPct	AnotB	AnotBpct	BnotA	BnotApct	Agaps	AgapPct	Bgaps	BgapPct	gapJaccardSim
stools_11006101	stools_11008150	na	NZ_CP058758.1	5117945	523759	10.2338	517483	98.8017	505981	97.7773	6276	1.1983	512010	97.7568	19218	3.6692	7469	38.8646	1724	8.9708	4214	21.9274	12657	65.8601	144228	69.9705	147821	57.7699	0.9732
sample1	sample2	ref	scaffold	length	common	commonPct	single	singlePct	singleAgree	singleAgreePct	multi	multiPct	sharedAlleles	sharedAllelesPct	variants	variantPct	commonVariant	commonVariantPct	variantExact	variantExactPct	AnotB	AnotBpct	BnotA	BnotApct	Agaps	AgapPct	Bgaps	BgapPct	gapJaccardSim
stools_11006101	stools_11014101	na	NZ_CP058758.1	5117945	1627231	31.7946	1611267	99.0189	1599170	99.2492	15964	0.9811	1614992	99.2479	29068	1.7863	16829	57.8953	1435	4.9367	13940	47.9565	12081	41.5612	144228	56.6617	62241	100	0.9779
sample1	sample2	ref	scaffold	length	common	commonPct	single	singlePct	singleAgree	singleAgreePct	multi	multiPct	sharedAlleles	sharedAllelesPct	variants	variantPct	commonVariant	commonVariantPct	variantExact	variantExactPct	AnotB	AnotBpct	BnotA	BnotApct	Agaps	AgapPct	Bgaps	BgapPct	gapJaccardSim
stools_11007150	stools_11013150	na	NZ_CP022823.1	5540188	392200	7.0792	389671	99.3552	383223	98.3453	2529	0.6448	385672	98.3355	9501	2.4225	2973	31.2914	577	6.073	1739	18.3033	7041	74.108	79546	88.2093	184407	30.0043	0.972
sample1	sample2	ref	scaffold	length	common	commonPct	single	singlePct	singleAgree	singleAgreePct	multi	multiPct	sharedAlleles	sharedAllelesPct	variants	variantPct	commonVariant	commonVariantPct	variantExact	variantExactPct	AnotB	AnotBpct	BnotA	BnotApct	Agaps	AgapPct	Bgaps	BgapPct	gapJaccardSim
stools_11007150	stools_11049150	na	NZ_CP022823.1	5540188	617361	11.1433	608965	98.64	593768	97.5045	8396	1.36	601956	97.5047	24439	3.9586	9034	36.9655	1008	4.1246	2388	9.7713	20581	84.2138	79546	88.2093	342854	14.7798	0.9438
sample1	sample2	ref	scaffold	length	common	commonPct	single	singlePct	singleAgree	singleAgreePct	multi	multiPct	sharedAlleles	sharedAllelesPct	variants	variantPct	commonVariant	commonVariantPct	variantExact	variantExactPct	AnotB	AnotBpct	BnotA	BnotApct	Agaps	AgapPct	Bgaps	BgapPct	gapJaccardSim
stools_11007150	stools_12099150	na	NZ_CP132603.1	5045819	2772894	54.9543	2719926	98.0898	2711145	99.6772	52968	1.9102	2763908	99.6759	64340	2.3203	55354	86.0336	4077	6.3366	7348	11.4206	50685	78.7768	32711	100	55471	60.0097	0.9946
sample1	sample2	ref	scaffold	length	common	commonPct	single	singlePct	singleAgree	singleAgreePct	multi	multiPct	sharedAlleles	sharedAllelesPct	variants	variantPct	commonVariant	commonVariantPct	variantExact	variantExactPct	AnotB	AnotBpct	BnotA	BnotApct	Agaps	AgapPct	Bgaps	BgapPct	gapJaccardSim
stools_11008150	stools_11014101	na	NZ_CP058758.1	5117945	694402	13.568	684943	98.6378	673137	98.2764	9459	1.3622	682322	98.2604	21807	3.1404	9727	44.6049	836	3.8336	14238	65.291	5681	26.0513	147821	45.0788	62241	82.7847	0.9745
sample1	sample2	ref	scaffold	length	common	commonPct	single	singlePct	singleAgree	singleAgreePct	multi	multiPct	sharedAlleles	sharedAllelesPct	variants	variantPct	commonVariant	commonVariantPct	variantExact	variantExactPct	AnotB	AnotBpct	BnotA	BnotApct	Agaps	AgapPct	Bgaps	BgapPct	gapJaccardSim
stools_11013150	stools_11014101	na	NZ_CP063912.1	5510850	1102485	20.0057	1079418	97.9077	1060327	98.2314	23067	2.0923	1082938	98.227	44013	3.9922	24466	55.5881	2942	6.6844	15478	35.1669	23787	54.0454	144724	52.5987	92434	81.1693	0.9777
sample1	sample2	ref	scaffold	length	common	commonPct	single	singlePct	singleAgree	singleAgreePct	multi	multiPct	sharedAlleles	sharedAllelesPct	variants	variantPct	commonVariant	commonVariantPct	variantExact	variantExactPct	AnotB	AnotBpct	BnotA	BnotApct	Agaps	AgapPct	Bgaps	BgapPct	gapJaccardSim
stools_11013150	stools_11022501	na	NZ_CP063912.1	5510850	1485698	26.9595	1461181	98.3498	1439992	98.5499	24517	1.6502	1463993	98.5391	47355	3.1874	25650	54.1653	2836	5.9888	23928	50.529	19263	40.6779	144724	59.3336	150509	73.858	0.9799
sample1	sample2	ref	scaffold	length	common	commonPct	single	singlePct	singleAgree	singleAgreePct	multi	multiPct	sharedAlleles	sharedAllelesPct	variants	variantPct	commonVariant	commonVariantPct	variantExact	variantExactPct	AnotB	AnotBpct	BnotA	BnotApct	Agaps	AgapPct	Bgaps	BgapPct	gapJaccardSim
stools_11013150	stools_11026150	na	NZ_CP063912.1	5510850	631542	11.46	621965	98.4836	607275	97.6381	9577	1.5164	616533	97.6234	25729	4.074	10720	41.665	1786	6.9416	10189	39.6012	12922	50.2235	144724	54.5065	156082	62.9759	0.9709
sample1	sample2	ref	scaffold	length	common	commonPct	single	singlePct	singleAgree	singleAgreePct	multi	multiPct	sharedAlleles	sharedAllelesPct	variants	variantPct	commonVariant	commonVariantPct	variantExact	variantExactPct	AnotB	AnotBpct	BnotA	BnotApct	Agaps	AgapPct	Bgaps	BgapPct	gapJaccardSim
stools_11013150	stools_11036150	na	NZ_CP063912.1	5510850	1004310	18.2242	977922	97.3725	960347	98.2028	26388	2.6275	985915	98.1684	45525	4.533	27130	59.5936	2621	5.7573	13554	29.7727	27936	61.3641	144724	76.5091	172152	88.9104	0.9773
sample1	sample2	ref	scaffold	length	common	commonPct	single	singlePct	singleAgree	singleAgreePct	multi	multiPct	sharedAlleles	sharedAllelesPct	variants	variantPct	commonVariant	commonVariantPct	variantExact	variantExactPct	AnotB	AnotBpct	BnotA	BnotApct	Agaps	AgapPct	Bgaps	BgapPct	gapJaccardSim
stools_11013150	stools_11042101	na	NZ_CP063912.1	5510850	1477136	26.8041	1420603	96.1728	1407760	99.0959	56533	3.8272	1463657	99.0875	70077	4.7441	56598	80.7654	2423	3.4576	15864	22.638	48686	69.475	144724	59.2936	74341	92.6635	0.9793
sample1	sample2	ref	scaffold	length	common	commonPct	single	singlePct	singleAgree	singleAgreePct	multi	multiPct	sharedAlleles	sharedAllelesPct	variants	variantPct	commonVariant	commonVariantPct	variantExact	variantExactPct	AnotB	AnotBpct	BnotA	BnotApct	Agaps	AgapPct	Bgaps	BgapPct	gapJaccardSim
stools_11013150	stools_11049150	na	NZ_CP022823.1	5540188	568793	10.2667	558868	98.2551	543081	97.1752	9925	1.7449	552675	97.1663	28010	4.9245	11892	42.4563	2650	9.4609	7543	26.9297	16877	60.2535	184407	81.9421	342854	54.1157	0.9539
sample1	sample2	ref	scaffold	length	common	commonPct	single	singlePct	singleAgree	singleAgreePct	multi	multiPct	sharedAlleles	sharedAllelesPct	variants	variantPct	commonVariant	commonVariantPct	variantExact	variantExactPct	AnotB	AnotBpct	BnotA	BnotApct	Agaps	AgapPct	Bgaps	BgapPct	gapJaccardSim
stools_11013150	stools_11054102	na	NZ_CP063912.1	5510850	1045435	18.9705	1017381	97.3165	997882	98.0834	28054	2.6835	1025223	98.0666	49588	4.7433	29376	59.2401	3388	6.8323	13157	26.5326	30650	61.8093	144724	70.0236	151583	92.6133	0.9756
sample1	sample2	ref	scaffold	length	common	commonPct	single	singlePct	singleAgree	singleAgreePct	multi	multiPct	sharedAlleles	sharedAllelesPct	variants	variantPct	commonVariant	commonVariantPct	variantExact	variantExactPct	AnotB	AnotBpct	BnotA	BnotApct	Agaps	AgapPct	Bgaps	BgapPct	gapJaccardSim
stools_11013150	stools_12090501	na	NZ_CP063912.1	5510850	837039	15.1889	822406	98.2518	806238	98.0341	14633	1.7482	820529	98.0276	32255	3.8535	15745	48.8141	2083	6.4579	12816	39.7334	16168	50.1256	144724	93.9844	324895	56.1166	0.9618
sample1	sample2	ref	scaffold	length	common	commonPct	single	singlePct	singleAgree	singleAgreePct	multi	multiPct	sharedAlleles	sharedAllelesPct	variants	variantPct	commonVariant	commonVariantPct	variantExact	variantExactPct	AnotB	AnotBpct	BnotA	BnotApct	Agaps	AgapPct	Bgaps	BgapPct	gapJaccardSim
stools_11013150	stools_12119101	na	NZ_CP063912.1	5510850	966890	17.5452	953214	98.5856	938472	98.4534	13676	1.4144	951869	98.4465	29565	3.0577	14544	49.1933	1764	5.9665	15468	52.3186	11188	37.842	144724	82.0133	140053	73.3022	0.9775
sample1	sample2	ref	scaffold	length	common	commonPct	single	singlePct	singleAgree	singleAgreePct	multi	multiPct	sharedAlleles	sharedAllelesPct	variants	variantPct	commonVariant	commonVariantPct	variantExact	variantExactPct	AnotB	AnotBpct	BnotA	BnotApct	Agaps	AgapPct	Bgaps	BgapPct	gapJaccardSim
stools_11014101	stools_11022501	na	NZ_CP063912.1	5510850	2328976	42.2616	2278351	97.8263	2251479	98.8206	50625	2.1737	2301343	98.8135	81594	3.5034	53961	66.1335	6554	8.0325	48210	59.0852	24554	30.0929	92434	60.4713	150509	45.7481	0.9756
sample1	sample2	ref	scaffold	length	common	commonPct	single	singlePct	singleAgree	singleAgreePct	multi	multiPct	sharedAlleles	sharedAllelesPct	variants	variantPct	commonVariant	commonVariantPct	variantExact	variantExactPct	AnotB	AnotBpct	BnotA	BnotApct	Agaps	AgapPct	Bgaps	BgapPct	gapJaccardSim
stools_11014101	stools_11026150	na	NZ_CP063912.1	5510850	976716	17.7235	955656	97.8438	936083	97.9519	21060	2.1562	956571	97.9375	43003	4.4028	22858	53.1544	3244	7.5437	20091	46.72	17718	41.2018	92434	63.7568	156082	38.0563	0.9751
sample1	sample2	ref	scaffold	length	common	commonPct	single	singlePct	singleAgree	singleAgreePct	multi	multiPct	sharedAlleles	sharedAllelesPct	variants	variantPct	commonVariant	commonVariantPct	variantExact	variantExactPct	AnotB	AnotBpct	BnotA	BnotApct	Agaps	AgapPct	Bgaps	BgapPct	gapJaccardSim
stools_11014101	stools_11036150	na	NZ_CP063912.1	5510850	1616694	29.3366	1567311	96.9454	1543139	98.4577	49383	3.0546	1591445	98.4382	76710	4.7449	51461	67.0851	7358	9.592	27637	36.0279	38262	49.8788	92434	66.587	172152	42.6001	0.9738
sample1	sample2	ref	scaffold	length	common	commonPct	single	singlePct	singleAgree	singleAgreePct	multi	multiPct	sharedAlleles	sharedAllelesPct	variants	variantPct	commonVariant	commonVariantPct	variantExact	variantExactPct	AnotB	AnotBpct	BnotA	BnotApct	Agaps	AgapPct	Bgaps	BgapPct	gapJaccardSim
stools_11014101	stools_11042101	na	NZ_CP063912.1	5510850	2438086	44.2416	2337516	95.875	2319560	99.2318	100570	4.125	2419283	99.2288	120412	4.9388	101609	84.3844	9505	7.8937	30852	25.622	73130	60.7331	92434	76.7239	74341	64.4288	0.9842
sample1	sample2	ref	scaffold	length	common	commonPct	single	singlePct	singleAgree	singleAgreePct	multi	multiPct	sharedAlleles	sharedAllelesPct	variants	variantPct	commonVariant	commonVariantPct	variantExact	variantExactPct	AnotB	AnotBpct	BnotA	BnotApct	Agaps	AgapPct	Bgaps	BgapPct	gapJaccardSim
stools_11014101	stools_11054102	na	NZ_CP063912.1	5510850	1659835	30.1194	1607607	96.8534	1579828	98.272	52228	3.1466	1631031	98.2646	83672	5.041	54868	65.5751	8062	9.6352	28524	34.0903	42677	51.0051	92434	66.587	151583	51.2564	0.9718
sample1	sample2	ref	scaffold	length	common	commonPct	single	singlePct	singleAgree	singleAgreePct	multi	multiPct	sharedAlleles	sharedAllelesPct	variants	variantPct	commonVariant	commonVariantPct	variantExact	variantExactPct	AnotB	AnotBpct	BnotA	BnotApct	Agaps	AgapPct	Bgaps	BgapPct	gapJaccardSim
stools_11014101	stools_12090501	na	NZ_CP063912.1	5510850	1303890	23.6604	1273560	97.6739	1252268	98.3282	30330	2.3261	1282088	98.3279	54194	4.1563	32392	59.7705	5016	9.2556	24937	46.0143	20543	37.9064	92434	88.1321	324895	31.6508	0.9484
sample1	sample2	ref	scaffold	length	common	commonPct	single	singlePct	singleAgree	singleAgreePct	multi	multiPct	sharedAlleles	sharedAllelesPct	variants	variantPct	commonVariant	commonVariantPct	variantExact	variantExactPct	AnotB	AnotBpct	BnotA	BnotApct	Agaps	AgapPct	Bgaps	BgapPct	gapJaccardSim
stools_11014101	stools_12119101	na	NZ_CP063912.1	5510850	1503672	27.2857	1474350	98.05	1455118	98.6956	29322	1.95	1483994	98.6913	50889	3.3843	31211	61.3315	4026	7.9113	31470	61.8405	13168	25.8759	92434	92.2691	140053	54.0581	0.9796
sample1	sample2	ref	scaffold	length	common	commonPct	single	singlePct	singleAgree	singleAgreePct	multi	multiPct	sharedAlleles	sharedAllelesPct	variants	variantPct	commonVariant	commonVariantPct	variantExact	variantExactPct	AnotB	AnotBpct	BnotA	BnotApct	Agaps	AgapPct	Bgaps	BgapPct	gapJaccardSim
stools_11022501	stools_11026150	na	NZ_CP063912.1	5510850	1324854	24.0408	1301402	98.2298	1279063	98.2835	23452	1.7702	1301897	98.2672	48227	3.6402	25270	52.398	3551	7.3631	16131	33.4481	26668	55.2968	150509	66.4977	156082	72.6227	0.9777
sample1	sample2	ref	scaffold	length	common	commonPct	single	singlePct	singleAgree	singleAgreePct	multi	multiPct	sharedAlleles	sharedAllelesPct	variants	variantPct	commonVariant	commonVariantPct	variantExact	variantExactPct	AnotB	AnotBpct	BnotA	BnotApct	Agaps	AgapPct	Bgaps	BgapPct	gapJaccardSim
stools_11022501	stools_11036150	na	NZ_CP063912.1	5510850	2165830	39.3012	2110157	97.4295	2084346	98.7768	55673	2.5705	2138638	98.7445	84988	3.924	57796	68.0049	6565	7.7246	20978	24.6835	54973	64.6832	150509	82.233	172152	77.1179	0.9828
sample1	sample2	ref	scaffold	length	common	commonPct	single	singlePct	singleAgree	singleAgreePct	multi	multiPct	sharedAlleles	sharedAllelesPct	variants	variantPct	commonVariant	commonVariantPct	variantExact	variantExactPct	AnotB	AnotBpct	BnotA	BnotApct	Agaps	AgapPct	Bgaps	BgapPct	gapJaccardSim
stools_11022501	stools_11042101	na	NZ_CP063912.1	5510850	3260754	59.1697	3139788	96.2902	3125215	99.5359	120966	3.7098	3245505	99.5323	137633	4.2209	122384	88.9205	7297	5.3018	22442	16.3057	101842	73.9953	150509	50.2913	74341	60.0126	0.9752
sample1	sample2	ref	scaffold	length	common	commonPct	single	singlePct	singleAgree	singleAgreePct	multi	multiPct	sharedAlleles	sharedAllelesPct	variants	variantPct	commonVariant	commonVariantPct	variantExact	variantExactPct	AnotB	AnotBpct	BnotA	BnotApct	Agaps	AgapPct	Bgaps	BgapPct	gapJaccardSim
stools_11022501	stools_11054102	na	NZ_CP063912.1	5510850	2225777	40.389	2165724	97.3019	2134025	98.5363	60053	2.6981	2192837	98.5201	95715	4.3003	62775	65.5853	7501	7.8368	21927	22.9086	63544	66.3888	150509	82.233	151583	79.2055	0.9843
sample1	sample2	ref	scaffold	length	common	commonPct	single	singlePct	singleAgree	singleAgreePct	multi	multiPct	sharedAlleles	sharedAllelesPct	variants	variantPct	commonVariant	commonVariantPct	variantExact	variantExactPct	AnotB	AnotBpct	BnotA	BnotApct	Agaps	AgapPct	Bgaps	BgapPct	gapJaccardSim
stools_11022501	stools_12090501	na	NZ_CP063912.1	5510850	1760759	31.9508	1727732	98.1243	1701403	98.4761	33027	1.8757	1733622	98.4588	60887	3.458	33750	55.4306	2930	4.8122	22025	36.1736	34565	56.7691	150509	95.4136	324895	55.4816	0.9519
sample1	sample2	ref	scaffold	length	common	commonPct	single	singlePct	singleAgree	singleAgreePct	multi	multiPct	sharedAlleles	sharedAllelesPct	variants	variantPct	commonVariant	commonVariantPct	variantExact	variantExactPct	AnotB	AnotBpct	BnotA	BnotApct	Agaps	AgapPct	Bgaps	BgapPct	gapJaccardSim
stools_11022501	stools_12119101	na	NZ_CP063912.1	5510850	2042773	37.0682	2011233	98.456	1993048	99.0958	31540	1.544	2024118	99.0868	52254	2.558	33599	64.2994	4211	8.0587	24837	47.5313	21346	40.8505	150509	63.8028	140053	48.6352	0.9708
sample1	sample2	ref	scaffold	length	common	commonPct	single	singlePct	singleAgree	singleAgreePct	multi	multiPct	sharedAlleles	sharedAllelesPct	variants	variantPct	commonVariant	commonVariantPct	variantExact	variantExactPct	AnotB	AnotBpct	BnotA	BnotApct	Agaps	AgapPct	Bgaps	BgapPct	gapJaccardSim
stools_11026150	stools_11036150	na	NZ_CP063912.1	5510850	903115	16.3879	877601	97.1749	858836	97.8618	25514	2.8251	883431	97.8204	46282	5.1247	26598	57.4694	3203	6.9206	15868	34.2855	25550	55.205	156082	79.2699	172152	74.3581	0.9735
sample1	sample2	ref	scaffold	length	common	commonPct	single	singlePct	singleAgree	singleAgreePct	multi	multiPct	sharedAlleles	sharedAllelesPct	variants	variantPct	commonVariant	commonVariantPct	variantExact	variantExactPct	AnotB	AnotBpct	BnotA	BnotApct	Agaps	AgapPct	Bgaps	BgapPct	gapJaccardSim
stools_11026150	stools_11042101	na	NZ_CP063912.1	5510850	1274327	23.124	1223221	95.9896	1208957	98.8339	51106	4.0104	1259305	98.8212	66123	5.1889	51101	77.2817	2251	3.4043	17875	27.033	42081	63.6405	156082	41.2616	74341	67.3491	0.9759
sample1	sample2	ref	scaffold	length	common	commonPct	single	singlePct	singleAgree	singleAgreePct	multi	multiPct	sharedAlleles	sharedAllelesPct	variants	variantPct	commonVariant	commonVariantPct	variantExact	variantExactPct	AnotB	AnotBpct	BnotA	BnotApct	Agaps	AgapPct	Bgaps	BgapPct	gapJaccardSim
stools_11026150	stools_11054102	na	NZ_CP063912.1	5510850	933091	16.9319	906359	97.1351	885808	97.7326	26732	2.8649	911705	97.708	49963	5.3546	28577	57.1963	3884	7.7738	16219	32.462	27759	55.5591	156082	56.3287	151583	72.3326	0.9707
sample1	sample2	ref	scaffold	length	common	commonPct	single	singlePct	singleAgree	singleAgreePct	multi	multiPct	sharedAlleles	sharedAllelesPct	variants	variantPct	commonVariant	commonVariantPct	variantExact	variantExactPct	AnotB	AnotBpct	BnotA	BnotApct	Agaps	AgapPct	Bgaps	BgapPct	gapJaccardSim
stools_11026150	stools_12090501	na	NZ_CP063912.1	5510850	750599	13.6204	736373	98.1047	718439	97.5645	14226	1.8953	732172	97.545	33818	4.5055	15391	45.5113	2189	6.4729	15154	44.8105	15461	45.7183	156082	89.6875	324895	51.0636	0.9618
sample1	sample2	ref	scaffold	length	common	commonPct	single	singlePct	singleAgree	singleAgreePct	multi	multiPct	sharedAlleles	sharedAllelesPct	variants	variantPct	commonVariant	commonVariantPct	variantExact	variantExactPct	AnotB	AnotBpct	BnotA	BnotApct	Agaps	AgapPct	Bgaps	BgapPct	gapJaccardSim
stools_11026150	stools_12119101	na	NZ_CP063912.1	5510850	866924	15.7312	853913	98.4992	837219	98.045	13011	1.5008	849823	98.0274	31129	3.5907	14028	45.0641	1893	6.0811	18330	58.884	9774	31.3984	156082	69.5564	140053	55.0063	0.9714
sample1	sample2	ref	scaffold	length	common	commonPct	single	singlePct	singleAgree	singleAgreePct	multi	multiPct	sharedAlleles	sharedAllelesPct	variants	variantPct	commonVariant	commonVariantPct	variantExact	variantExactPct	AnotB	AnotBpct	BnotA	BnotApct	Agaps	AgapPct	Bgaps	BgapPct	gapJaccardSim
stools_11027150	stools_11027501	na	NZ_LR134333.1	5857964	1609617	27.4774	1591314	98.8629	1586393	99.6908	18303	1.1371	1604542	99.6847	26406	1.6405	21331	80.7809	3862	14.6255	6922	26.2137	14016	53.0788	235638	100	233383	100	0.9973
sample1	sample2	ref	scaffold	length	common	commonPct	single	singlePct	singleAgree	singleAgreePct	multi	multiPct	sharedAlleles	sharedAllelesPct	variants	variantPct	commonVariant	commonVariantPct	variantExact	variantExactPct	AnotB	AnotBpct	BnotA	BnotApct	Agaps	AgapPct	Bgaps	BgapPct	gapJaccardSim
stools_11036150	stools_11042101	na	NZ_CP063912.1	5510850	2245444	40.7459	2150373	95.766	2136576	99.3584	95071	4.234	2230585	99.3383	110202	4.9078	95343	86.5166	9627	8.7358	25166	22.8362	69244	62.8337	172152	45.3628	74341	84.2456	0.9728
sample1	sample2	ref	scaffold	length	common	commonPct	single	singlePct	singleAgree	singleAgreePct	multi	multiPct	sharedAlleles	sharedAllelesPct	variants	variantPct	commonVariant	commonVariantPct	variantExact	variantExactPct	AnotB	AnotBpct	BnotA	BnotApct	Agaps	AgapPct	Bgaps	BgapPct	gapJaccardSim
stools_11036150	stools_11054102	na	NZ_CP063912.1	5510850	1569502	28.4802	1512637	96.3769	1487817	98.3592	56865	3.6231	1543431	98.3389	85572	5.4522	59501	69.5333	10897	12.7343	32984	38.5453	35787	41.8209	172152	85.5314	151583	96.3162	0.9864
sample1	sample2	ref	scaffold	length	common	commonPct	single	singlePct	singleAgree	singleAgreePct	multi	multiPct	sharedAlleles	sharedAllelesPct	variants	variantPct	commonVariant	commonVariantPct	variantExact	variantExactPct	AnotB	AnotBpct	BnotA	BnotApct	Agaps	AgapPct	Bgaps	BgapPct	gapJaccardSim
stools_11036150	stools_12090501	na	NZ_CP063912.1	5510850	1239601	22.4938	1203439	97.0828	1184940	98.4628	36162	2.9172	1220265	98.4401	57323	4.6243	37987	66.2683	6080	10.6066	30415	53.059	15886	27.7131	172152	95.7967	324895	69.9521	0.9597
sample1	sample2	ref	scaffold	length	common	commonPct	single	singlePct	singleAgree	singleAgreePct	multi	multiPct	sharedAlleles	sharedAllelesPct	variants	variantPct	commonVariant	commonVariantPct	variantExact	variantExactPct	AnotB	AnotBpct	BnotA	BnotApct	Agaps	AgapPct	Bgaps	BgapPct	gapJaccardSim
stools_11036150	stools_12119101	na	NZ_CP063912.1	5510850	1396406	25.3392	1363060	97.612	1345272	98.695	33346	2.388	1377725	98.6622	53230	3.8119	34549	64.9051	4047	7.6029	36449	68.4745	10525	19.7727	172152	82.6613	140053	66.5305	0.9739
sample1	sample2	ref	scaffold	length	common	commonPct	single	singlePct	singleAgree	singleAgreePct	multi	multiPct	sharedAlleles	sharedAllelesPct	variants	variantPct	commonVariant	commonVariantPct	variantExact	variantExactPct	AnotB	AnotBpct	BnotA	BnotApct	Agaps	AgapPct	Bgaps	BgapPct	gapJaccardSim
stools_11039101	stools_11108501	na	NZ_CP132713.1	5215912	1566685	30.0366	1547412	98.7698	1530921	98.9343	19273	1.2302	1549843	98.925	36434	2.3255	19592	53.7739	1522	4.1774	25003	68.6255	8936	24.5265	218004	63.0048	84550	92.9095	0.9685
sample1	sample2	ref	scaffold	length	common	commonPct	single	singlePct	singleAgree	singleAgreePct	multi	multiPct	sharedAlleles	sharedAllelesPct	variants	variantPct	commonVariant	commonVariantPct	variantExact	variantExactPct	AnotB	AnotBpct	BnotA	BnotApct	Agaps	AgapPct	Bgaps	BgapPct	gapJaccardSim
stools_11039101	stools_12065150	na	NZ_CP132713.1	5215912	505061	9.6831	500058	99.0094	491957	98.38	5003	0.9906	496805	98.3653	14286	2.8286	6030	42.2092	1317	9.2188	8362	58.5328	3952	27.6634	218004	72.4377	212474	69.3892	0.9691
sample1	sample2	ref	scaffold	length	common	commonPct	single	singlePct	singleAgree	singleAgreePct	multi	multiPct	sharedAlleles	sharedAllelesPct	variants	variantPct	commonVariant	commonVariantPct	variantExact	variantExactPct	AnotB	AnotBpct	BnotA	BnotApct	Agaps	AgapPct	Bgaps	BgapPct	gapJaccardSim
stools_11042101	stools_11054102	na	NZ_CP063912.1	5510850	2266767	41.1328	2166475	95.5755	2145712	99.0416	100292	4.4245	2244742	99.0284	122533	5.4056	100508	82.0253	9322	7.6077	69334	56.5839	37553	30.6473	74341	84.2456	151583	46.7249	0.9765
sample1	sample2	ref	scaffold	length	common	commonPct	single	singlePct	singleAgree	singleAgreePct	multi	multiPct	sharedAlleles	sharedAllelesPct	variants	variantPct	commonVariant	commonVariantPct	variantExact	variantExactPct	AnotB	AnotBpct	BnotA	BnotApct	Agaps	AgapPct	Bgaps	BgapPct	gapJaccardSim
stools_11042101	stools_12090501	na	NZ_CP063912.1	5510850	1785311	32.3963	1714550	96.0365	1703050	99.3293	70761	3.9635	1773111	99.3166	83146	4.6572	70946	85.327	4057	4.8794	58997	70.9559	16677	20.0575	74341	92.6635	324895	27.3747	0.9483
sample1	sample2	ref	scaffold	length	common	commonPct	single	singlePct	singleAgree	singleAgreePct	multi	multiPct	sharedAlleles	sharedAllelesPct	variants	variantPct	commonVariant	commonVariantPct	variantExact	variantExactPct	AnotB	AnotBpct	BnotA	BnotApct	Agaps	AgapPct	Bgaps	BgapPct	gapJaccardSim
stools_11042101	stools_12119101	na	NZ_CP063912.1	5510850	2086857	37.8682	2011111	96.3703	2001532	99.5237	75746	3.6297	2076864	99.5211	86393	4.1399	76400	88.4331	3743	4.3325	68050	78.768	11481	13.2893	74341	100	140053	54.0817	0.9813
sample1	sample2	ref	scaffold	length	common	commonPct	single	singlePct	singleAgree	singleAgreePct	multi	multiPct	sharedAlleles	sharedAllelesPct	variants	variantPct	commonVariant	commonVariantPct	variantExact	variantExactPct	AnotB	AnotBpct	BnotA	BnotApct	Agaps	AgapPct	Bgaps	BgapPct	gapJaccardSim
stools_11051150	stools_11051501	na	NZ_CP093458.1	5176823	3116157	60.1944	3004338	96.4116	2987982	99.4556	111819	3.5884	3099410	99.4626	130284	4.1809	113537	87.1458	27358	20.9987	49029	37.6324	44330	34.0257	83438	72.9644	76218	85.9141	0.9917
sample1	sample2	ref	scaffold	length	common	commonPct	single	singlePct	singleAgree	singleAgreePct	multi	multiPct	sharedAlleles	sharedAllelesPct	variants	variantPct	commonVariant	commonVariantPct	variantExact	variantExactPct	AnotB	AnotBpct	BnotA	BnotApct	Agaps	AgapPct	Bgaps	BgapPct	gapJaccardSim
stools_11054102	stools_12090501	na	NZ_CP063912.1	5510850	1269254	23.0319	1231049	96.99	1210257	98.311	38205	3.01	1247716	98.3031	62277	4.9066	40739	65.4158	7005	11.2481	33351	53.5527	16183	25.9855	151583	96.3162	324895	45.9856	0.9576
sample1	sample2	ref	scaffold	length	common	commonPct	single	singlePct	singleAgree	singleAgreePct	multi	multiPct	sharedAlleles	sharedAllelesPct	variants	variantPct	commonVariant	commonVariantPct	variantExact	variantExactPct	AnotB	AnotBpct	BnotA	BnotApct	Agaps	AgapPct	Bgaps	BgapPct	gapJaccardSim
stools_11054102	stools_12119101	na	NZ_CP063912.1	5510850	1439860	26.1277	1403383	97.4666	1382507	98.5125	36477	2.5334	1418279	98.5012	59935	4.1626	38354	63.9927	4857	8.1038	41718	69.6054	10506	17.529	151583	81.5217	140053	58.0066	0.9749
sample1	sample2	ref	scaffold	length	common	commonPct	single	singlePct	singleAgree	singleAgreePct	multi	multiPct	sharedAlleles	sharedAllelesPct	variants	variantPct	commonVariant	commonVariantPct	variantExact	variantExactPct	AnotB	AnotBpct	BnotA	BnotApct	Agaps	AgapPct	Bgaps	BgapPct	gapJaccardSim
stools_11108501	stools_12065150	na	NZ_CP132713.1	5215912	844434	16.1896	837235	99.1475	828045	98.9023	7199	0.8525	835091	98.8936	17023	2.0159	7680	45.1154	828	4.864	5872	34.4945	9227	54.2031	84550	92.9095	212474	53.1877	0.9668
sample1	sample2	ref	scaffold	length	common	commonPct	single	singlePct	singleAgree	singleAgreePct	multi	multiPct	sharedAlleles	sharedAllelesPct	variants	variantPct	commonVariant	commonVariantPct	variantExact	variantExactPct	AnotB	AnotBpct	BnotA	BnotApct	Agaps	AgapPct	Bgaps	BgapPct	gapJaccardSim
stools_12088501	stools_12099101	na	NZ_CP050845.1	5126042	593488	11.5779	578952	97.5508	561917	97.0576	14536	2.4492	575925	97.0407	36204	6.1002	18641	51.4888	5493	15.1724	12639	34.9105	15332	42.3489	94635	100	149304	54.4473	0.988
sample1	sample2	ref	scaffold	length	common	commonPct	single	singlePct	singleAgree	singleAgreePct	multi	multiPct	sharedAlleles	sharedAllelesPct	variants	variantPct	commonVariant	commonVariantPct	variantExact	variantExactPct	AnotB	AnotBpct	BnotA	BnotApct	Agaps	AgapPct	Bgaps	BgapPct	gapJaccardSim
stools_12090501	stools_12119101	na	NZ_CP063912.1	5510850	1146671	20.8075	1127423	98.3214	1110579	98.506	19248	1.6786	1129482	98.501	37744	3.2916	20555	54.459	2904	7.6939	21854	57.9006	10907	28.8973	324895	75.3363	140053	93.2433	0.9542
sample1	sample2	ref	scaffold	length	common	commonPct	single	singlePct	singleAgree	singleAgreePct	multi	multiPct	sharedAlleles	sharedAllelesPct	variants	variantPct	commonVariant	commonVariantPct	variantExact	variantExactPct	AnotB	AnotBpct	BnotA	BnotApct	Agaps	AgapPct	Bgaps	BgapPct	gapJaccardSim
stools_12093101_SM-NA1P5	stools_12093101_SM-NAWYG	na	NZ_LR130543.1	5368944	435218	8.1062	428318	98.4146	421475	98.4024	6900	1.5854	428211	98.39	18629	4.2804	11622	62.3866	5360	28.7723	5072	27.2264	6187	33.2117	204306	94.8685	209995	90.8179	0.9894