ESC1212206001S1K	0	Esch_coli_Res13-Lact-PEA14-20.fa.gz	47901	47854	61733	0.906	129.814	114.045	0.841	0.906	0.991	2.373	2.483	0.620	0.626
ESC1212206001S1K	1	Esch_coli_LD22-1.fa.gz	46889	9012	18375	0.595	50.941	30.025	0.257	0.595	0.679	0.579	0.121	0.037	0.054
ESC1232905001S1K	0	Esch_coli_RM10042.fa.gz	49329	49303	62029	0.818	4.838	3.870	0.762	0.835	0.742	0.142	0.167	0.322	0.435
ESC1232905001S1K	1	Esch_coli_Z0117EC0005.fa.gz	47656	26176	21720	0.463	2.569	1.174	0.513	0.671	0.927	0.077	0.027	0.099	0.107
ESC1234702001S1K	0	Esch_coli_2018-06-4CC.fa.gz	46573	46560	7676	0.127	2.036	0.254	0.694	0.567	1.011	0.026	0.018	0.028	0.028
ESC1234707001S1K	0	Esch_coli_90-9272.fa.gz	47367	47352	7804	0.120	1.855	0.216	0.515	0.620	0.977	0.013	0.007	0.023	0.024
ESC1247104001S1K	0	Esch_coli_ST540.fa.gz	46341	46331	10805	0.181	2.102	0.369	0.768	0.588	1.131	0.151	0.116	0.043	0.048
ESC1358302001S1K	0	Esch_coli_RM9322.fa.gz	49554	49489	67601	0.879	6.364	5.383	0.765	0.883	0.808	0.340	0.325	0.424	0.524
ESC1358302001S1K	1	Esch_coli_WP7-S17-ESBL-04.fa.gz	45767	13071	24090	0.544	3.390	1.768	0.283	0.656	0.981	0.085	0.028	0.065	0.066
ESO1212204120S1K	0	Esch_coli_Quinolone_resistant.fa.gz	44803	44781	33669	0.610	2.711	1.630	0.781	0.759	1.034	0.049	0.039	0.265	0.274
ESO1212206220S1K	0	Esch_coli_NCTC9087.fa.gz	45206	45158	64587	0.952	8.303	7.821	0.825	0.952	0.929	0.279	0.308	0.661	0.712
ESO1212206220S1K	1	Esch_coli_LH09-a.fa.gz	45993	12538	21603	0.384	2.772	1.047	0.176	0.592	0.790	0.094	0.012	0.019	0.024
ESO1212703120S1K	0	Esch_coli_NCTC9087.fa.gz	45206	45189	47969	0.720	3.626	2.576	0.740	0.779	0.921	0.116	0.149	0.298	0.324
ESO1212703120S1K	1	Esch_coli_FDAARGOS_348.fa.gz	50818	17383	15424	0.279	2.985	0.791	0.349	0.511	1.035	0.085	0.018	0.025	0.025
ESO1212705120S1K	0	Esch_coli_30COLEC.fa.gz	45626	45606	50287	0.897	73.377	64.534	0.820	0.897	1.003	1.780	1.461	0.591	0.592
ESO1213402120S1K	0	Esch_coli_MSB1_1D-sc-2280324.fa.gz	43854	43816	49920	0.745	3.406	2.468	0.736	0.814	1.036	0.048	0.070	0.350	0.363
ESO1213402120S1K	1	Esch_coli_63-2.fa.gz	43909	8036	17294	0.465	2.554	1.167	0.240	0.676	0.817	0.030	0.006	0.042	0.051
ESO1213402120S1K	2	Esch_coli_EC21Z-014.fa.gz	47495	12293	13554	0.253	2.224	0.532	0.228	0.613	0.898	0.017	0.004	0.019	0.022
ESO1213404120S1K	0	Esch_coli_LD91-1.fa.gz	46577	46555	27056	0.431	2.362	1.003	0.721	0.681	0.985	0.045	0.032	0.142	0.144
ESO1213404320S1K	0	Esch_coli_NCTC9087.fa.gz	45206	45174	53329	0.822	4.399	3.572	0.756	0.846	0.918	0.207	0.329	0.408	0.445
ESO1213404320S1K	1	Esch_coli_NCTC11023.fa.gz	45959	8037	16198	0.486	3.518	1.682	0.261	0.597	0.910	0.229	0.028	0.041	0.045
ESO1213405120S1K	0	Esch_coli_VCSW8.fa.gz	46034	45955	118483	0.981	32.365	31.534	0.764	0.981	0.728	0.668	1.615	0.524	0.720
ESO1213405120S1K	1	Esch_coli_Res13-Lact-EB12-05.fa.gz	46223	12728	73421	0.855	12.635	10.481	0.305	0.855	0.627	0.596	0.152	0.120	0.191
ESO1213405120S1K	2	Esch_coli_S42.fa.gz	47472	5483	62533	0.703	11.160	7.812	0.137	0.703	1.157	0.251	0.048	0.041	0.048
ESO1213405120S1K	3	Esch_coli_NCTC9008.fa.gz	46540	5885	58678	0.667	6.897	4.468	0.100	0.675	0.675	0.598	0.030	0.021	0.030
ESO1228703120S1K	0	Esch_coli_EC21Z-048.fa.gz	46411	46389	18591	0.242	2.121	0.497	0.585	0.619	0.969	0.037	0.021	0.053	0.054
ESO1232702120S1K	0	Esch_coli_362.fa.gz	47856	47838	9233	0.128	1.751	0.222	0.579	0.646	1.046	0.030	0.017	0.030	0.031
ESO1232711120S1K	0	Esch_coli_Quinolone_resistant.fa.gz	44803	44759	65788	0.972	22.040	21.180	0.813	0.972	0.873	0.285	0.507	0.651	0.746
ESO1232711120S1K	1	Esch_coli_SCU-104.fa.gz	49924	8137	22299	0.564	17.289	8.262	0.360	0.564	0.935	0.338	0.042	0.060	0.065
ESO1233801120S1K	0	Esch_coli_81.fa.gz	46235	46220	13470	0.254	2.418	0.594	0.814	0.567	1.076	0.034	0.028	0.062	0.066
ESO1233804120S1K	0	Esch_coli_RIVM_C019217.fa.gz	51128	51109	31735	0.488	3.030	1.447	0.783	0.638	0.931	0.024	0.062	0.145	0.155
ESO1233804120S1K	1	Esch_coli_2017_01_04CC.fa.gz	44976	18554	6796	0.213	2.511	0.525	0.473	0.522	1.074	0.055	0.008	0.026	0.027
ESO1233807120S1K	0	Esch_coli_WP8-S18-ESBL-07.fa.gz	47916	47869	77410	0.935	10.248	9.397	0.724	0.935	0.724	0.385	0.458	0.429	0.592
ESO1233807120S1K	1	Esch_coli_NCTC9087.fa.gz	45206	18906	32647	0.727	5.305	3.819	0.417	0.743	0.848	0.248	0.073	0.142	0.167
ESO1233822120S1K	0	Esch_coli_AR_0069.fa.gz	45888	45791	93708	0.956	134.085	127.362	0.772	0.956	0.779	2.102	4.596	0.525	0.674
ESO1233822120S1K	1	Esch_coli_NCTC10973.fa.gz	45616	11293	49946	0.874	54.051	46.600	0.308	0.874	0.865	1.729	0.418	0.178	0.206
ESO1233822120S1K	2	Esch_coli_SCU-105.fa.gz	50553	21085	40078	0.755	11.808	8.728	0.157	0.755	0.610	0.699	0.147	0.041	0.068
ESO1233822120S1K	3	Esch_coli_2_HS-C.fa.gz	44403	5250	24153	0.709	29.843	20.623	0.110	0.709	0.557	1.421	0.087	0.022	0.039
ESO1233822220S1K	0	Esch_coli_AR_0069.fa.gz	45888	45853	46148	0.759	4.473	3.360	0.781	0.787	0.927	0.076	0.142	0.340	0.367
ESO1233822220S1K	1	Esch_coli_NCTC9008.fa.gz	46540	12723	11329	0.310	2.959	0.897	0.267	0.523	0.904	0.106	0.011	0.020	0.023
ESO1234703120S1K	0	Esch_coli_BEC1-S17-ESBL-09.fa.gz	49682	49672	6652	0.107	1.789	0.185	0.719	0.630	1.002	0.044	0.031	0.030	0.030
ESO1234704120S1K	0	Esch_coli_AR_0374.fa.gz	47293	47268	44620	0.621	2.674	1.615	0.698	0.775	0.853	0.020	0.037	0.222	0.260
ESO1234704120S1K	1	Esch_coli_WP7-S17-ESBL-04.fa.gz	45767	12407	15280	0.352	2.073	0.685	0.266	0.709	1.027	0.033	0.004	0.046	0.047
ESO1234708120S1K	0	Esch_coli_EcPF15.fa.gz	47184	47161	49569	0.790	3.603	2.805	0.773	0.841	0.944	0.127	0.098	0.407	0.431
ESO1236801120S1K	0	Esch_coli_S50.fa.gz	46646	46629	45301	0.763	4.885	3.628	0.825	0.784	1.057	0.231	0.190	0.366	0.386
ESO1236802120S1K	0	Esch_coli_N3.fa.gz	47412	47358	85761	0.852	20.643	17.399	0.663	0.852	0.818	0.516	0.836	0.335	0.410
ESO1236802120S1K	1	Esch_coli_MS1170.fa.gz	46828	22684	45413	0.694	7.096	4.900	0.264	0.699	0.573	0.139	0.112	0.051	0.090
ESO1236802120S1K	2	Esch_coli_AR_0069.fa.gz	45888	14865	29667	0.562	7.863	4.367	0.211	0.569	0.791	0.167	0.066	0.030	0.038
ESO1236802120S1K	3	Esch_coli_SCU-105.fa.gz	50553	13413	21316	0.462	9.045	4.086	0.228	0.470	1.087	0.438	0.056	0.021	0.023
ESO1236806120S1K	0	Esch_coli_ST540.fa.gz	46341	46312	43891	0.799	5.434	4.214	0.854	0.811	1.443	0.360	0.307	0.311	0.449
ESO1237103220S1K	0	Esch_coli_S50.fa.gz	46646	46616	49088	0.916	6.796	6.070	0.889	0.918	1.074	0.937	1.083	0.639	0.686
ESO1237103220S1K	1	Esch_coli_600468.fa.gz	47174	4299	6395	0.445	6.075	2.664	0.322	0.478	0.979	0.281	0.043	0.032	0.033
ESO1238001120S1K	0	Esch_coli_Quinolone_resistant.fa.gz	44803	44762	75326	0.959	9.556	9.061	0.778	0.959	0.754	0.170	0.270	0.517	0.686
ESO1238001120S1K	1	Esch_coli_EcPF20.fa.gz	47166	14071	32404	0.707	4.424	3.006	0.375	0.743	0.697	0.090	0.029	0.102	0.147
ESO1238001120S1K	2	Esch_coli_EC1722-1.fa.gz	49207	7911	22460	0.527	3.668	1.858	0.209	0.624	0.734	0.051	0.010	0.031	0.043
ESO1238001120S1K	3	Esch_coli_RIVM_C018576.fa.gz	49656	17681	18293	0.352	2.564	0.883	0.275	0.600	0.928	0.036	0.010	0.032	0.035
ESO1238002120S1K	0	Esch_coli_NCTC10973.fa.gz	45616	45571	53498	0.800	3.703	2.922	0.751	0.846	0.915	0.092	0.115	0.393	0.430
ESO1238002120S1K	1	Esch_coli_FDAARGOS_348.fa.gz	50818	17304	17028	0.288	2.733	0.752	0.303	0.545	1.120	0.061	0.012	0.023	0.026
ESO1238004220S1K	0	Esch_coli_2011C-3911.fa.gz	47705	47679	55875	0.756	4.008	2.981	0.749	0.796	0.820	0.028	0.093	0.294	0.359
ESO1238004220S1K	1	Esch_coli_JCC-EE_7.fa.gz	44679	12383	19831	0.422	2.750	1.109	0.296	0.630	0.787	0.097	0.009	0.039	0.050
ESO1238006120S1K	0	Esch_coli_NCTC9087.fa.gz	45206	45196	9073	0.140	2.081	0.288	0.541	0.561	0.961	0.026	0.014	0.023	0.024
ESO1238010120S1K	0	Esch_coli_2011C-3911.fa.gz	47705	47676	51133	0.800	3.900	3.070	0.816	0.839	0.949	0.060	0.087	0.436	0.459
ESO1238010120S1K	1	Esch_coli_N18-04097.fa.gz	46481	12368	12985	0.289	2.235	0.616	0.238	0.629	0.932	0.047	0.005	0.025	0.027
ESO1239204120S1K	0	Esch_coli_CT29.fa.gz	44924	44905	22803	0.290	2.429	0.686	0.556	0.584	0.961	0.039	0.022	0.053	0.055
ESO1241101120S2K	0	Esch_coli_HS30-1.fa.gz	43127	43062	79793	0.934	8.355	7.727	0.715	0.935	0.814	0.277	0.460	0.475	0.583
ESO1241101120S2K	1	Esch_coli_LD22-1.fa.gz	46889	14337	39563	0.740	4.958	3.595	0.392	0.761	0.767	0.166	0.072	0.129	0.168
ESO1241101120S2K	2	Esch_coli_A27.fa.gz	46980	6507	28954	0.522	3.956	1.971	0.164	0.606	0.725	0.098	0.018	0.023	0.032
ESO1241101120S2K	3	Esch_coli_11368.fa.gz	52803	10872	25560	0.352	3.058	0.889	0.172	0.598	0.950	0.103	0.016	0.021	0.022
ESO1241104120S1K	0	Esch_coli_NCTC9008.fa.gz	46540	46494	69593	0.866	6.786	5.794	0.712	0.869	0.867	0.269	0.224	0.404	0.466
ESO1241104120S1K	1	Esch_fergusonii_FDAARGOS_1438.fa.gz	44928	35099	29306	0.400	2.886	1.152	0.367	0.585	0.960	0.045	0.033	0.048	0.050
ESO1241105120S1K	0	Esch_coli_SA31-1.fa.gz	47640	47620	20287	0.267	2.449	0.641	0.609	0.564	1.213	0.069	0.042	0.043	0.052
ESO1241108120S1K	0	Esch_coli_CPww7.fa.gz	47344	47304	61729	0.908	6.827	6.067	0.775	0.910	0.719	0.222	0.298	0.420	0.584
ESO1241108120S1K	1	Esch_coli_BE311.fa.gz	47354	14278	18766	0.560	4.205	2.298	0.396	0.623	3.064	0.162	0.034	0.028	0.086
ESO1241108220S1K	0	Esch_coli_VR50.fa.gz	48478	48459	30501	0.375	2.219	0.810	0.571	0.676	0.968	0.059	0.034	0.095	0.098
ESO1241110120S1K	0	Esch_coli_NCTC10973.fa.gz	45616	45577	58837	0.955	14.974	14.108	0.823	0.955	0.835	0.227	0.390	0.599	0.718
ESO1241110120S1K	1	Esch_coli_NCTC9008.fa.gz	46540	9948	15302	0.599	7.599	4.494	0.324	0.606	0.952	0.247	0.027	0.068	0.071
ESO1242101120S1K	0	Esch_coli_QA-1986_83.fa.gz	47143	47120	51456	0.843	5.473	4.559	0.817	0.852	0.933	0.325	0.526	0.466	0.500
ESO1242101120S1K	1	Esch_coli_EC21Z-014.fa.gz	47495	8727	11742	0.469	3.844	1.680	0.324	0.577	1.022	0.319	0.038	0.049	0.051
ESO1242103120S1K	0	Esch_coli_U1.fa.gz	51721	51710	6848	0.094	1.617	0.147	0.623	0.684	1.014	0.048	0.030	0.027	0.027
ESO1242206120S1K	0	Esch_coli_STEC299.fa.gz	47757	47733	43501	0.701	3.324	2.271	0.749	0.781	0.950	0.092	0.069	0.304	0.321
ESO1242207120S1K	0	Esch_coli_2018-18_25PC.fa.gz	45938	45922	11438	0.182	1.753	0.312	0.642	0.678	1.038	0.022	0.014	0.052	0.054
ESO1242208120S1K	0	Esch_coli_WY517-2.fa.gz	46953	46914	73137	0.914	6.854	6.141	0.740	0.916	0.803	0.124	0.160	0.455	0.567
ESO1242208120S1K	1	Esch_coli_N18-04097.fa.gz	46481	12708	30271	0.694	3.911	2.633	0.333	0.748	0.886	0.092	0.019	0.115	0.129
ESO1242209120S1K	0	Esch_coli_NCTC9087.fa.gz	45206	45173	66090	0.909	5.446	4.888	0.742	0.915	0.867	0.092	0.127	0.490	0.565
ESO1242209120S1K	1	Esch_coli_BEC1-S17-ESBL-07.fa.gz	45888	12526	25047	0.711	3.356	2.353	0.385	0.786	0.784	0.048	0.017	0.133	0.169
ESO1242209120S1K	2	Esch_coli_VCSW8.fa.gz	46034	4455	16137	0.507	2.458	1.244	0.116	0.713	0.975	0.031	0.003	0.029	0.030
ESO1242704120S1K	0	Esch_coli_H14.fa.gz	46582	46562	37681	0.633	2.700	1.686	0.776	0.777	0.882	0.058	0.045	0.262	0.297
ESO1242705120S1K	0	Esch_coli_ML35.fa.gz	47425	47348	65340	0.877	5.516	4.708	0.761	0.885	0.917	0.329	0.321	0.480	0.523
ESO1242705120S1K	1	Esch_coli_AR_0374.fa.gz	47293	14737	23805	0.521	3.089	1.530	0.331	0.665	0.800	0.092	0.033	0.061	0.076
ESO1242801120S1K	0	Esch_coli_BL21.fa.gz	44349	44326	18667	0.237	2.044	0.475	0.524	0.626	0.980	0.027	0.014	0.048	0.049
ESO1242802120S1K	0	Esch_coli_AW1_7.fa.gz	48149	48119	49505	0.734	4.183	2.999	0.755	0.773	1.011	0.110	0.123	0.327	0.331
ESO1242802120S1K	1	Esch_coli_1190.fa.gz	48261	21767	14181	0.349	2.419	0.833	0.383	0.617	0.870	0.053	0.015	0.044	0.051
ESO1242804120S1K	0	Esch_coli_1190.fa.gz	48261	48241	30754	0.424	2.091	0.874	0.685	0.727	0.894	0.053	0.063	0.137	0.153
ESO1242804120S1K	1	Esch_coli_EC21Z-014.fa.gz	47495	20526	10321	0.195	1.792	0.337	0.366	0.682	0.965	0.039	0.011	0.032	0.033
ESO1242805120S1K	0	Esch_coli_NCTC10973.fa.gz	45616	45575	49166	0.756	3.717	2.770	0.732	0.806	0.904	0.093	0.114	0.325	0.359
ESO1242805120S1K	1	Esch_coli_EC21Z-014.fa.gz	47495	14218	14727	0.403	2.674	1.014	0.327	0.633	0.974	0.063	0.014	0.051	0.053
ESO1247101120S1K	0	Esch_coli_NCTC9087.fa.gz	45206	45165	71588	0.975	167.503	161.603	0.824	0.975	0.782	6.048	6.134	0.596	0.763
ESO1247101120S1K	1	Esch_coli_QA-1986_83.fa.gz	47143	13637	27574	0.753	34.771	25.891	0.227	0.753	0.807	1.393	0.297	0.078	0.097
ESO1247108120S1K	0	Esch_coli_LD22-1.fa.gz	46889	46831	78459	0.959	16.706	15.867	0.783	0.959	0.755	0.187	0.504	0.522	0.691
ESO1247108120S1K	1	Esch_coli_L725.fa.gz	47617	8975	33532	0.726	11.319	8.090	0.355	0.726	0.866	0.277	0.050	0.118	0.136
ESO1247108120S1K	2	Esch_coli_IDR1900005638-01-02.fa.gz	46294	4736	27014	0.647	6.378	4.094	0.146	0.658	0.761	0.179	0.013	0.031	0.041
ESO1247109120S1K	0	Esch_coli_2018-02-2CC.fa.gz	44497	44433	73104	0.949	76.848	72.359	0.782	0.949	0.859	1.216	2.270	0.574	0.668
ESO1247109120S1K	1	Esch_coli_EC21Z-014.fa.gz	47495	15078	30947	0.855	22.912	18.555	0.327	0.855	0.810	0.582	0.207	0.165	0.204
ESO1247109120S1K	2	Esch_coli_NCTC9008.fa.gz	46540	7476	18057	0.661	23.791	15.522	0.193	0.661	0.810	1.106	0.082	0.045	0.056
ESO1247203120S1K	0	Esch_coli_E110019.fa.gz	49827	49804	15169	0.259	2.159	0.533	0.749	0.626	0.918	0.023	0.017	0.070	0.076
ESO1247204120S1K	0	Esch_coli_STEC299.fa.gz	47757	47723	71279	0.855	5.958	4.978	0.670	0.861	0.795	0.209	0.237	0.338	0.425
ESO1247204120S1K	1	Esch_coli_WP8-S18-ESBL-07.fa.gz	47916	23507	30465	0.759	3.611	2.676	0.537	0.816	0.900	0.144	0.063	0.244	0.271
ESO1247206120S1K	0	Esch_coli_Quinolone_resistant.fa.gz	44803	44777	44944	0.848	4.582	3.830	0.828	0.867	0.988	0.169	0.140	0.522	0.528
ESO1247208120S1K	0	Esch_coli_2018-11-3CC.fa.gz	44482	44453	23088	0.408	2.255	0.902	0.758	0.687	1.051	0.036	0.028	0.139	0.146
ESO1247210120S1K	0	Esch_coli_STEC299.fa.gz	47757	47745	7750	0.117	2.100	0.239	0.615	0.549	0.961	0.020	0.013	0.021	0.022
ESO1247211120S1K	0	Esch_coli_BE2-5.fa.gz	45963	45944	10917	0.162	2.067	0.331	0.516	0.576	0.956	0.016	0.008	0.027	0.028
ESO1254201120S1K	0	Esch_coli_IDR1900005638-01-02.fa.gz	46294	46282	21992	0.377	1.943	0.722	0.779	0.733	1.000	0.188	0.146	0.158	0.158
ESO1254203120S1K	0	Esch_coli_BEC1-S17-ESBL-09.fa.gz	49682	49655	55397	0.824	4.166	3.335	0.808	0.854	0.852	0.091	0.140	0.414	0.486
ESO1254203120S1K	1	Esch_coli_SCU-105.fa.gz	50553	13755	14496	0.396	2.509	0.972	0.338	0.637	0.878	0.083	0.011	0.048	0.054
ESO1254204120S1K	0	Esch_coli_NCTC9087.fa.gz	45206	45166	71266	0.899	6.278	5.582	0.713	0.902	0.841	0.180	0.304	0.439	0.522
ESO1254204120S1K	1	Esch_coli_EcPF20.fa.gz	47166	13892	30670	0.676	3.970	2.592	0.363	0.731	0.778	0.156	0.044	0.102	0.131
ESO1254204120S1K	2	Esch_coli_WP8-S17-ESBL-05.fa.gz	47199	5863	21277	0.449	2.989	1.312	0.120	0.614	0.850	0.091	0.009	0.017	0.020
ESO1254206120S1K	0	Esch_coli_SA31-1.fa.gz	47640	47600	64453	0.919	12.223	11.061	0.778	0.919	0.810	0.985	1.416	0.489	0.604
ESO1254206120S1K	1	Esch_coli_Quinolone_resistant_GCF_904426485.1.fa.gz	45397	12919	20693	0.685	5.555	3.706	0.322	0.702	0.820	0.836	0.130	0.089	0.109
ESO1254306120S1K	0	Esch_coli_H3_GCF_001900815.1.fa.gz	45610	45577	69646	0.950	14.238	13.374	0.724	0.950	0.737	0.214	0.559	0.457	0.620
ESO1254306120S1K	1	Esch_coli_STEC409.fa.gz	45580	12744	26370	0.775	10.413	7.842	0.438	0.775	0.683	0.254	0.093	0.140	0.204
ESO1254306120S1K	2	Esch_coli_NCTC9008.fa.gz	46540	7709	16492	0.580	7.256	4.070	0.246	0.590	0.877	0.304	0.029	0.044	0.050
ESO1256801120S1K	0	Esch_coli_IAI1.fa.gz	46087	46068	45032	0.719	3.947	2.789	0.715	0.766	0.981	0.036	0.124	0.296	0.302
ESO1256801120S1K	1	Esch_coli_FDAARGOS_348.fa.gz	50818	12113	11916	0.359	4.520	1.516	0.377	0.460	0.972	0.137	0.019	0.028	0.029
ESO1256804120S1K	0	Esch_coli_SCU-104.fa.gz	49924	49899	17121	0.213	1.854	0.377	0.578	0.678	0.821	0.018	0.020	0.046	0.056
ESO1256804120S1K	1	Esch_coli_Z0117EC0005.fa.gz	47656	25952	6512	0.146	1.724	0.249	0.455	0.663	1.012	0.017	0.007	0.029	0.029
ESO1256805120S1K	0	Esch_coli_FDAARGOS_1277.fa.gz	46147	46117	46675	0.851	5.299	4.436	0.830	0.862	0.965	0.264	0.219	0.507	0.525
ESO1256810120S1K	0	Esch_coli_DLI_6n.fa.gz	48024	48014	10162	0.152	2.223	0.325	0.576	0.548	0.993	0.028	0.016	0.026	0.026
ESO1256811120S1K	0	Esch_coli_E110019.fa.gz	49827	49787	66000	0.822	4.837	3.809	0.709	0.840	0.595	0.116	0.179	0.245	0.411
ESO1256811120S1K	1	Esch_coli_AH04.fa.gz	46945	14688	25087	0.468	3.609	1.597	0.305	0.586	0.861	0.102	0.022	0.042	0.049
ESO1256811120S1K	2	Esch_coli_Res13-Sevr-PER07-33.fa.gz	49217	15265	18220	0.333	2.278	0.752	0.205	0.630	0.854	0.034	0.010	0.023	0.027
ESO1350502120S1K	0	Esch_coli_NCTC10973.fa.gz	45616	45598	28287	0.461	2.462	1.118	0.743	0.685	0.963	0.083	0.062	0.155	0.161
ESO1350507120S1K	0	Esch_coli_LD22-1.fa.gz	46889	46846	55029	0.932	48.372	44.562	0.874	0.932	0.984	2.386	2.085	0.696	0.708
ESO1350510120S1K	0	Esch_coli_UMB200201_11.fa.gz	46275	46257	35922	0.593	3.065	1.789	0.787	0.712	0.910	0.028	0.096	0.215	0.236
ESO1350510120S1K	1	Esch_coli_19SZHZ886Rt.fa.gz	44396	12136	8498	0.274	2.408	0.631	0.352	0.586	1.015	0.094	0.009	0.033	0.033
ESO1350511120S1K	0	Esch_coli_30COLEC.fa.gz	45626	45596	53835	0.874	6.724	5.761	0.798	0.876	0.945	0.142	0.160	0.506	0.535
ESO1350511120S1K	1	Esch_coli_442_2.fa.gz	47236	14282	14002	0.387	2.963	1.107	0.241	0.578	0.890	0.058	0.010	0.028	0.031
ESO1350804120S1K	0	Esch_coli_UPEC-245U_190328.fa.gz	49150	49127	28215	0.494	2.543	1.235	0.841	0.697	0.954	0.074	0.062	0.193	0.202
ESO1356601120S1K	0	Esch_coli_SC475.fa.gz	46535	46512	22224	0.339	2.153	0.721	0.708	0.661	0.969	0.048	0.034	0.102	0.105
ESO1356602120S1K	0	Esch_coli_NCTC9087.fa.gz	45206	45150	86075	0.917	8.396	7.624	0.693	0.917	0.855	0.121	0.277	0.458	0.535
ESO1356602120S1K	1	Esch_coli_1585m1.fa.gz	46840	13122	44671	0.597	4.618	2.627	0.235	0.643	0.887	0.124	0.029	0.051	0.058
ESO1356602120S1K	2	Esch_coli_STEC409.fa.gz	45580	5520	36843	0.524	4.748	2.384	0.117	0.577	0.866	0.156	0.011	0.018	0.020
ESO1356604120S1K	0	Esch_coli_EA2.fa.gz	46730	46706	39968	0.678	4.079	2.725	0.771	0.726	0.942	0.165	0.127	0.260	0.276
ESO1356611120S1K	0	Esch_coli_EC21Z-014.fa.gz	47495	47475	16431	0.210	2.088	0.427	0.581	0.605	0.972	0.039	0.022	0.044	0.045
ESO1356618120S1K	0	Esch_coli_30COLEC.fa.gz	45626	45602	33344	0.617	2.986	1.805	0.794	0.738	0.992	0.101	0.080	0.265	0.267
ESO1356803120S1K	0	Esch_coli_382634_2f.fa.gz	46453	46434	43277	0.681	4.778	3.221	0.738	0.709	0.910	0.211	0.156	0.230	0.252
ESO1357102120S1K	0	Esch_coli_E110019.fa.gz	49827	49768	68138	0.963	10.247	9.484	0.852	0.963	0.822	0.512	0.625	0.625	0.761
ESO1357102120S1K	1	Esch_coli_LC-1302-2020.fa.gz	48527	14516	20221	0.552	3.050	1.650	0.286	0.683	0.902	0.221	0.031	0.066	0.074
ESO1357103120S1K	0	Esch_coli_382634_2f.fa.gz	46453	46439	29824	0.455	3.009	1.354	0.707	0.613	1.009	0.135	0.096	0.120	0.121
ESO1357104120S1K	0	Esch_coli_BEC1-S17-ESBL-07.fa.gz	45888	45834	72426	0.815	5.525	4.454	0.617	0.824	0.957	0.228	0.287	0.327	0.342
ESO1357104120S1K	1	Esch_coli_PAR.fa.gz	48097	24789	35084	0.622	3.647	2.254	0.440	0.695	0.867	0.134	0.078	0.115	0.132
ESO1357104120S1K	2	Esch_coli_RIVM_C029494.fa.gz	48426	14961	19660	0.357	2.758	0.964	0.205	0.576	0.798	0.102	0.020	0.019	0.024
ESO1357107120S1K	0	Esch_coli_JE86-ST02.fa.gz	50374	50357	10436	0.179	1.997	0.343	0.733	0.618	0.928	0.022	0.016	0.047	0.050
ESO1358301120S1K	0	Esch_coli_WG5.fa.gz	44789	44623	87608	0.867	6.971	5.971	0.480	0.869	1.064	0.509	0.351	0.295	0.314
ESO1358301120S1K	1	Esch_coli_NCTC11129.fa.gz	49027	15876	48930	0.614	5.545	3.341	0.185	0.636	2.739	0.223	0.070	0.017	0.046
ESO1358301220S1K	0	Esch_coli_N18-04097.fa.gz	46481	46439	42201	0.529	2.864	1.485	0.625	0.685	0.954	0.145	0.116	0.148	0.155
ESO1358301220S1K	1	Esch_coli_BEC1-S17-ESBL-09.fa.gz	49682	22445	17612	0.290	2.287	0.639	0.352	0.614	0.957	0.042	0.025	0.037	0.039
ESO1358303120S1K	0	Esch_coli_AR_0374.fa.gz	47293	47279	23716	0.435	2.925	1.238	0.876	0.613	0.965	1.509	1.322	0.138	0.143
ESO1358401120S1K	0	Esch_coli_NCTC9008.fa.gz	46540	46521	28067	0.498	2.539	1.239	0.803	0.701	0.945	0.064	0.052	0.185	0.196
ESO1358602120S1K	0	Esch_coli_A17.fa.gz	47329	47315	14391	0.200	2.263	0.445	0.615	0.557	0.972	0.047	0.029	0.037	0.038
ESO1359003120S1K	0	Esch_coli_NCTC10973.fa.gz	45616	45568	59420	0.967	11.988	11.439	0.829	0.967	0.639	0.223	0.390	0.480	0.750
ESO1359003120S1K	1	Esch_coli_ML35.fa.gz	47425	6665	15336	0.485	8.769	3.889	0.259	0.495	1.119	0.248	0.021	0.028	0.031
ESO1359006120S1K	0	Esch_coli_DLI_5a.fa.gz	48277	48245	52106	0.898	6.056	5.333	0.888	0.902	0.784	0.301	0.267	0.509	0.649
ESO1361001120S1K	0	Esch_coli_H3.fa.gz	47946	47908	65248	0.939	10.367	9.555	0.831	0.939	0.895	0.394	0.403	0.616	0.688
ESO1361001120S1K	1	Esch_coli_EcPF15.fa.gz	47184	21411	20255	0.594	3.297	1.927	0.442	0.695	0.849	0.090	0.036	0.108	0.127
ESO1361004120S1K	0	Esch_coli_NCTC10973.fa.gz	45616	45565	47080	0.890	5.640	4.954	0.848	0.897	0.993	0.439	0.372	0.602	0.607
ESO1361008120S1K	0	Esch_coli_C2.fa.gz	47125	47100	47830	0.862	4.554	3.858	0.881	0.881	0.906	0.305	0.269	0.534	0.589
ESO1361010120S1K	0	Esch_coli_VCSW8.fa.gz	46034	45977	71918	0.895	14.721	13.074	0.756	0.895	0.907	0.471	1.301	0.492	0.542
ESO1361010120S1K	1	Esch_coli_EC42405.fa.gz	50384	28371	30765	0.540	5.291	2.824	0.414	0.574	0.792	0.259	0.174	0.058	0.074
ESO1361010120S1K	2	Esch_coli_S56.fa.gz	46411	5809	15448	0.475	11.732	5.433	0.282	0.477	0.950	0.993	0.070	0.029	0.031
EST1212204101S1K	0	Esch_coli_1500.fa.gz	46598	46574	56836	0.798	4.471	3.521	0.758	0.822	0.746	0.059	0.118	0.305	0.409
EST1212204101S1K	1	Esch_coli_N18-04097.fa.gz	46481	12807	19680	0.388	2.982	1.093	0.280	0.583	0.986	0.066	0.011	0.036	0.037
EST1212204101S1K	2	Esch_coli_Combat11I9.fa.gz	49124	14582	14715	0.272	2.559	0.678	0.267	0.553	0.939	0.031	0.007	0.021	0.022
EST1212206101S1K	0	Esch_coli_LD22-1.fa.gz	46889	46840	67150	0.961	29.392	27.937	0.796	0.961	0.880	0.738	1.513	0.622	0.707
EST1212206101S1K	1	Esch_coli_Res13-Lact-PEA14-20.fa.gz	47901	10024	22130	0.610	13.110	7.268	0.237	0.610	0.954	1.161	0.092	0.051	0.054
EST1212206201S1K	0	Esch_coli_Res13-Lact-PEA14-20.fa.gz	47901	47862	59279	0.915	48.003	42.535	0.836	0.915	0.938	2.082	1.741	0.601	0.640
EST1212703101S1K	0	Esch_coli_BL21.fa.gz	44349	44263	163560	0.989	78.033	76.639	0.678	0.989	0.560	0.802	2.744	0.368	0.657
EST1212703101S1K	1	Esch_coli_SCU-105.fa.gz	50553	24533	119772	0.941	32.257	29.897	0.459	0.941	0.699	0.970	0.598	0.267	0.382
EST1212703101S1K	2	Esch_coli_UMB200201_11.fa.gz	46275	9514	96694	0.919	19.246	17.232	0.192	0.919	0.406	0.340	0.135	0.061	0.149
EST1212703101S1K	3	Esch_coli_14EC033.fa.gz	45189	10250	87949	0.894	10.577	9.325	0.137	0.894	0.611	0.661	0.078	0.060	0.098
EST1212703101S1K	4	Esch_coli_14EC007.fa.gz	48636	7379	78788	0.782	14.194	10.429	0.134	0.783	0.645	0.721	0.066	0.042	0.064
EST1212703101S1K	5	Esch_coli_FDAARGOS_1259.fa.gz	49040	16804	73014	0.754	5.169	3.847	0.124	0.770	0.732	0.177	0.053	0.041	0.055
EST1212703101S1K	6	Esch_coli_EC15.fa.gz	48384	5252	60350	0.633	17.921	11.047	0.129	0.633	0.992	0.373	0.048	0.032	0.033
EST1212705101S1K	0	Esch_coli_30COLEC.fa.gz	45626	45575	69533	0.932	87.938	80.715	0.825	0.932	0.958	1.890	2.936	0.641	0.669
EST1212705101S1K	1	Esch_coli_NCTC9008.fa.gz	46540	7543	27037	0.531	30.539	15.705	0.154	0.531	0.561	1.670	0.096	0.013	0.023
EST1213402101S1K	0	Esch_coli_MB19.fa.gz	46620	46560	55226	0.908	18.066	16.115	0.880	0.908	0.862	1.885	2.004	0.568	0.660
EST1213402101S1K	1	Esch_coli_J-8.fa.gz	47441	13798	12935	0.456	4.741	2.130	0.288	0.518	0.708	0.391	0.078	0.025	0.035
EST1213404101S1K	0	Esch_coli_NCTC9107.fa.gz	46037	46017	29579	0.428	2.820	1.175	0.689	0.619	0.878	0.099	0.068	0.099	0.113
EST1213404301S1K	0	Esch_coli_NCTC9087.fa.gz	45206	45191	30501	0.530	2.748	1.436	0.787	0.695	0.997	0.185	0.145	0.201	0.202
EST1213405101S1K	0	Esch_coli_CIT.fa.gz	45466	45430	46706	0.831	4.956	4.048	0.822	0.846	0.991	0.358	0.294	0.484	0.488
EST1228703101S1K	0	Esch_coli_EcPF15.fa.gz	47184	47135	71523	0.973	40.883	39.391	0.839	0.973	0.897	1.458	1.428	0.694	0.774
EST1228703101S1K	1	Esch_coli_H3.fa.gz	47946	22157	25650	0.629	8.138	4.976	0.316	0.634	2.102	0.243	0.086	0.038	0.080
EST1228704101S1K	0	Esch_coli_1409.fa.gz	47484	47476	4593	0.082	1.647	0.133	0.793	0.660	1.057	0.095	0.075	0.027	0.028
EST1232702101S1K	0	Esch_coli_B379.fa.gz	46832	46787	65780	0.941	50.204	46.405	0.845	0.941	0.955	3.122	2.639	0.672	0.704
EST1232707101S1K	0	Esch_coli_SC475.fa.gz	46535	46488	60577	0.948	7.194	6.749	0.809	0.949	0.660	0.511	0.705	0.455	0.690
EST1232707101S1K	1	Esch_coli_S50.fa.gz	46646	8503	16525	0.594	4.236	2.386	0.285	0.654	0.826	0.361	0.048	0.060	0.073
EST1232710101S1K	0	Esch_coli_E110019.fa.gz	49827	49758	91609	0.962	40.476	37.395	0.760	0.962	0.544	0.631	1.126	0.368	0.676
EST1232710101S1K	1	Esch_coli_2017_04_03CC.fa.gz	44500	11856	43755	0.878	24.452	21.172	0.417	0.878	0.869	0.497	0.148	0.245	0.282
EST1232710101S1K	2	Esch_coli_f9610206-5e81-11e8-bf7f-3c4a9275d6c8.fa.gz	49059	11261	33350	0.632	6.454	3.823	0.129	0.646	0.499	0.353	0.027	0.017	0.034
EST1232711101S1K	0	Esch_coli_ETEC-2264.fa.gz	48480	48394	100757	0.971	86.020	82.124	0.782	0.971	0.563	2.093	4.435	0.403	0.716
EST1232711101S1K	1	Esch_coli_H3.fa.gz	47946	14716	53769	0.910	41.033	36.206	0.489	0.910	0.628	1.470	0.603	0.232	0.369
EST1232711101S1K	2	Esch_coli_14EC033.fa.gz	45189	12803	40374	0.856	8.347	7.024	0.159	0.857	0.579	0.610	0.100	0.058	0.100
EST1232711101S1K	3	Esch_coli_90-9272.fa.gz	47367	5307	29412	0.584	23.046	13.043	0.148	0.584	0.631	1.495	0.078	0.019	0.030
EST1232905101S1K	0	Esch_coli_2_HS-C.fa.gz	44403	44334	95638	0.944	13.516	12.625	0.639	0.944	0.687	0.393	0.904	0.369	0.537
EST1232905101S1K	1	Esch_coli_Z0117EC0005.fa.gz	47656	26545	53804	0.887	6.194	5.434	0.456	0.891	0.812	0.575	0.233	0.261	0.322
EST1232905101S1K	2	Esch_coli_NCTC9082.fa.gz	48890	13192	30248	0.643	6.372	3.909	0.311	0.656	0.834	0.205	0.086	0.072	0.086
EST1232905101S1K	3	Esch_coli_NCTC9107.fa.gz	46037	5969	21770	0.550	4.673	2.490	0.128	0.600	0.847	0.242	0.025	0.021	0.025
EST1232906101S1K	0	Esch_coli_E110019.fa.gz	49827	49812	18714	0.326	2.344	0.729	0.833	0.630	1.013	0.054	0.045	0.106	0.108
EST1233801101S1K	0	Esch_coli_VR50.fa.gz	48478	48407	68837	0.888	7.627	6.638	0.724	0.889	0.647	0.186	0.382	0.329	0.508
EST1233801101S1K	1	Esch_coli_14EC007.fa.gz	48636	11897	25856	0.610	5.072	2.901	0.295	0.645	0.833	0.228	0.043	0.062	0.075
EST1233801101S1K	2	Esch_coli_81.fa.gz	46235	7564	18601	0.460	4.490	1.964	0.178	0.535	0.840	0.113	0.018	0.020	0.023
EST1233804101S1K	0	Esch_coli_RIVM_C018576.fa.gz	49656	49574	76394	0.961	12.424	11.736	0.782	0.961	0.787	0.208	0.452	0.546	0.693
EST1233804101S1K	1	Esch_coli_RIVM_C019217.fa.gz	51128	17312	28766	0.560	4.862	2.655	0.285	0.602	0.731	0.088	0.036	0.042	0.058
EST1233804101S1K	2	Esch_coli_8-3-Ti3.fa.gz	45363	15679	19076	0.411	4.182	1.602	0.228	0.515	0.866	0.282	0.021	0.022	0.025
EST1233807101S1K	0	Esch_coli_EcPF15.fa.gz	47184	47142	91436	0.975	38.079	36.746	0.773	0.975	0.807	1.311	1.648	0.579	0.718
EST1233807101S1K	1	Esch_coli_103605.fa.gz	48773	22177	45459	0.879	10.475	8.505	0.398	0.879	0.493	0.331	0.192	0.134	0.271
EST1233807101S1K	2	Esch_coli_ML35.fa.gz	47425	11855	25961	0.747	8.336	5.797	0.239	0.749	2.083	0.489	0.069	0.048	0.100
EST1233822101S1K	0	Esch_coli_13C1079T.fa.gz	46468	46427	29048	0.365	3.021	1.084	0.543	0.551	1.204	0.094	0.051	0.050	0.060
EST1233822201S1K	0	Esch_coli_NCTC9087.fa.gz	45206	45162	60705	0.674	4.846	3.231	0.564	0.702	0.902	0.041	0.072	0.169	0.187
EST1233822201S1K	1	Esch_fergusonii_EF21JD053.fa.gz	44081	34153	30258	0.354	3.148	1.111	0.333	0.527	0.901	0.036	0.019	0.029	0.033
EST1233822201S1K	2	Esch_coli_PM4-5.fa.gz	46874	12004	18184	0.372	3.315	1.198	0.194	0.532	0.960	0.051	0.007	0.020	0.020
EST1234702101S1K	0	Esch_coli_SCU-104.fa.gz	49924	49910	8291	0.126	1.812	0.218	0.701	0.643	0.911	0.038	0.026	0.033	0.037
EST1234703101S1K	0	Esch_coli_WP7-S17-ESBL-04.fa.gz	45767	45726	53659	0.926	16.088	14.547	0.825	0.926	0.968	1.242	1.025	0.635	0.656
EST1234704101S1K	0	Esch_coli_IAI1.fa.gz	46087	46057	42830	0.644	2.922	1.851	0.722	0.764	0.939	0.139	0.100	0.255	0.271
EST1234707101S1K	0	Esch_coli_NCTC10973.fa.gz	45616	45577	53821	0.681	3.586	2.410	0.610	0.749	0.912	0.181	0.225	0.212	0.233
EST1234707101S1K	1	Esch_coli_A25.fa.gz	45309	21773	22769	0.476	3.096	1.455	0.450	0.621	0.982	0.188	0.065	0.081	0.082
EST1234708101S1K	0	Esch_albertii_ChinaSP140150.fa.gz	47072	47049	47605	0.553	2.931	1.568	0.591	0.698	0.924	0.061	0.126	0.147	0.159
EST1234708101S1K	1	Esch_coli_JCC-EE_7.fa.gz	44679	38019	21609	0.368	2.402	0.861	0.637	0.637	0.970	0.153	0.056	0.092	0.095
EST1234709101S1K	0	Esch_coli_VCSW8.fa.gz	46034	45983	70510	0.943	34.603	32.362	0.830	0.943	0.950	2.140	2.091	0.661	0.696
EST1234709101S1K	1	Esch_coli_NC101.fa.gz	49648	25979	27146	0.513	8.461	4.293	0.366	0.521	2.983	0.380	0.157	0.017	0.051
EST1236801101S1K	0	Esch_coli_HS30-1.fa.gz	43127	43072	58257	0.847	7.749	6.489	0.672	0.849	0.959	0.205	0.211	0.393	0.410
EST1236801101S1K	1	Esch_coli_11368.fa.gz	52803	20231	21754	0.480	5.537	2.325	0.389	0.532	0.647	0.109	0.040	0.034	0.053
EST1236806101S1K	0	Esch_coli_88-3493.fa.gz	48886	48871	12887	0.183	2.287	0.410	0.681	0.544	0.907	0.040	0.027	0.033	0.037
EST1236807101S1K	0	Esch_coli_ATCC_8739_GCF_016864475.1.fa.gz	46944	46909	51870	0.879	6.481	5.591	0.865	0.882	0.806	0.215	0.299	0.476	0.591
EST1236807101S1K	1	Esch_coli_NCTC10973.fa.gz	45616	9046	10658	0.519	3.440	1.769	0.388	0.625	0.992	0.130	0.018	0.078	0.079
EST1236812101S1K	0	Esch_coli_13C1079T.fa.gz	46468	46451	19751	0.318	2.810	0.877	0.749	0.544	0.997	0.428	0.320	0.070	0.071
EST1237103201S1K	0	Esch_coli_EA2.fa.gz	46730	46679	80838	0.847	480.848	402.613	0.752	0.847	0.894	18.738	14.082	0.408	0.456
EST1238001101S1K	0	Esch_coli_Quinolone_resistant.fa.gz	44803	44745	73905	0.947	8.603	8.060	0.767	0.947	0.774	0.189	0.270	0.504	0.651
EST1238001101S1K	1	Esch_coli_TUM20902.fa.gz	48117	21761	31542	0.531	3.715	1.929	0.388	0.622	0.831	0.074	0.032	0.066	0.080
EST1238001101S1K	2	Esch_coli_EC21Z-014.fa.gz	47495	10704	19983	0.414	3.509	1.372	0.229	0.554	0.946	0.089	0.012	0.028	0.029
EST1238002101S1K	0	Esch_coli_CP61_Sichuan.fa.gz	44498	44442	75768	0.945	9.391	8.720	0.757	0.945	0.696	0.328	0.338	0.445	0.640
EST1238002101S1K	1	Esch_coli_BL21.fa.gz	44349	9654	33757	0.709	4.392	3.099	0.238	0.743	0.804	0.062	0.026	0.075	0.093
EST1238002101S1K	2	Esch_coli_UMB200201_11.fa.gz	46275	10103	26911	0.494	3.180	1.534	0.165	0.630	0.874	0.055	0.014	0.028	0.032
EST1238004201S1K	0	Esch_coli_STEC309.fa.gz	47967	47928	55008	0.940	17.932	16.517	0.882	0.940	0.971	0.866	0.764	0.712	0.733
EST1238006101S1K	0	Esch_coli_RM14721.fa.gz	44740	44726	10986	0.184	1.892	0.338	0.637	0.642	1.091	0.023	0.014	0.044	0.048
EST1238010101S1K	0	Esch_albertii_KF1.fa.gz	45289	45255	39355	0.613	2.481	1.474	0.759	0.795	0.994	0.198	0.218	0.292	0.294
EST1238010101S1K	1	Esch_coli_U1.fa.gz	51721	44840	11628	0.168	1.692	0.278	0.585	0.691	0.997	0.089	0.040	0.047	0.047
EST1238105101S1K	0	Esch_coli_ST70.fa.gz	49558	49541	23535	0.359	2.282	0.803	0.645	0.650	0.944	0.037	0.024	0.092	0.098
EST1239204101S1K	0	Esch_coli_Z0117EC0036.fa.gz	49690	49654	54382	0.777	4.236	3.244	0.810	0.808	0.917	0.802	0.828	0.377	0.411
EST1239204101S1K	1	Esch_coli_C4.fa.gz	49009	24789	15819	0.232	2.224	0.506	0.334	0.584	0.864	0.221	0.065	0.023	0.026
EST1241101101S1K	0	Esch_coli_Z0117EC0005.fa.gz	47656	47628	27342	0.433	2.211	0.944	0.716	0.709	0.901	0.029	0.020	0.140	0.156
EST1241104101S1K	0	Esch_coli_NCTC11023.fa.gz	45959	45895	92720	0.909	8.719	7.816	0.657	0.910	0.759	0.246	0.405	0.376	0.494
EST1241104101S1K	1	Esch_fergusonii_FDAARGOS_1438.fa.gz	44928	35176	50985	0.742	3.800	2.808	0.522	0.789	0.930	0.163	0.110	0.224	0.241
EST1241104101S1K	2	Esch_coli_CIT.fa.gz	45466	6715	24900	0.583	4.692	2.647	0.202	0.628	0.832	0.207	0.020	0.039	0.047
EST1241105101S1K	0	Esch_coli_E110019.fa.gz	49827	49812	31940	0.510	2.466	1.199	0.808	0.730	0.837	0.053	0.055	0.184	0.220
EST1241105101S1K	1	Esch_coli_SCU-104.fa.gz	49924	14965	6533	0.183	1.922	0.326	0.353	0.659	0.822	0.016	0.005	0.023	0.028
EST1241108101S1K	0	Esch_coli_PS10-3.fa.gz	47810	47763	71063	0.825	23.601	19.372	0.708	0.825	0.915	1.235	1.212	0.364	0.398
EST1241108101S1K	1	Esch_coli_SCU-105.fa.gz	50553	23033	31649	0.555	7.094	3.838	0.237	0.567	0.448	0.477	0.118	0.019	0.042
EST1241108201S1K	0	Esch_coli_WP7-S17-ESBL-04.fa.gz	45767	45754	21844	0.410	2.475	0.983	0.835	0.655	1.006	0.103	0.086	0.146	0.147
EST1241110101S1K	0	Esch_coli_NCTC10973.fa.gz	45616	45533	66839	0.953	55.828	52.673	0.886	0.953	0.975	2.022	1.945	0.747	0.767
EST1241110101S1K	1	Esch_coli_CFSAN029787.fa.gz	47653	14580	23450	0.797	5.123	3.757	0.191	0.816	0.637	0.173	0.048	0.065	0.101
EST1242101101S1K	0	Esch_coli_QA-1986_83.fa.gz	47143	47123	29636	0.500	2.639	1.302	0.792	0.686	0.979	0.090	0.071	0.183	0.186
EST1242103101S1K	0	Esch_coli_8-3-Ti3.fa.gz	45363	45334	17945	0.246	2.068	0.476	0.620	0.649	0.865	0.078	0.061	0.055	0.064
EST1242103101S1K	1	Esch_coli_RIVM_C018249.fa.gz	48626	22930	6809	0.135	1.855	0.244	0.407	0.623	1.089	0.021	0.015	0.020	0.021
EST1242206101S1K	0	Esch_coli_H3_GCF_001900815.1.fa.gz	45610	45543	100670	0.968	73.241	70.476	0.766	0.968	0.751	1.859	5.701	0.522	0.694
EST1242206101S1K	1	Esch_coli_ST70.fa.gz	49558	22850	56600	0.740	15.875	11.502	0.273	0.740	0.569	0.442	0.474	0.063	0.111
EST1242206101S1K	2	Esch_coli_D72.fa.gz	44875	9068	39685	0.745	15.850	11.555	0.150	0.745	0.509	3.753	0.189	0.031	0.062
EST1242206101S1K	3	Esch_coli_FDAARGOS_348.fa.gz	50818	8560	32932	0.505	44.748	21.195	0.318	0.505	1.127	1.385	0.342	0.036	0.041
EST1242207101S1K	0	Esch_coli_A13.fa.gz	45864	45843	42732	0.695	4.189	2.894	0.720	0.736	0.968	0.308	0.222	0.262	0.271
EST1242208101S1K	0	Esch_coli_2018-06-4CC.fa.gz	46573	46557	30152	0.365	2.101	0.752	0.548	0.690	0.965	0.028	0.020	0.092	0.095
EST1242208101S1K	1	Esch_coli_STEC299.fa.gz	47757	23948	13177	0.222	1.911	0.414	0.347	0.656	0.962	0.008	0.006	0.032	0.033
EST1242704101S1K	0	Esch_coli_NCTC9087.fa.gz	45206	45162	65990	0.952	9.187	8.652	0.806	0.952	0.879	0.250	0.274	0.611	0.695
EST1242704101S1K	1	Esch_coli_Res13-Lact-ER01-35.fa.gz	47311	14102	23000	0.635	4.272	2.641	0.402	0.684	0.828	0.089	0.027	0.099	0.119
EST1242705101S1K	0	Esch_coli_SCU-172.fa.gz	49745	49726	32854	0.392	2.134	0.810	0.616	0.705	0.885	0.112	0.134	0.106	0.120
EST1242705101S1K	1	Esch_coli_NT1N31.fa.gz	44282	19426	13377	0.271	1.840	0.485	0.375	0.706	0.956	0.088	0.031	0.048	0.051
EST1242705101S1K	2	Esch_coli_EcPF15.fa.gz	47184	13923	8108	0.199	1.744	0.340	0.298	0.690	1.024	0.018	0.016	0.027	0.028
EST1242801101S1K	0	Esch_coli_362.fa.gz	47856	47844	9500	0.133	1.935	0.255	0.570	0.594	1.111	0.015	0.009	0.024	0.027
EST1242802101S1K	0	Esch_coli_BL21.fa.gz	44349	44331	19366	0.320	2.223	0.699	0.717	0.637	0.998	0.035	0.025	0.093	0.093
EST1242804101S1K	0	Esch_coli_Quinolone_resistant.fa.gz	44803	44746	96709	0.991	31.540	30.970	0.779	0.991	0.693	0.401	0.978	0.525	0.758
EST1242804101S1K	1	Esch_coli_B4103-1.fa.gz	46308	13122	52374	0.862	13.260	11.270	0.378	0.862	0.815	0.490	0.105	0.198	0.243
EST1242804101S1K	2	Esch_coli_CFS3246.fa.gz	46834	3025	41058	0.631	13.687	8.483	0.106	0.631	1.054	0.365	0.018	0.025	0.027
EST1242805101S1K	0	Esch_coli_NCTC9087.fa.gz	45206	45172	67148	0.852	4.863	4.097	0.710	0.867	0.866	0.100	0.164	0.394	0.455
EST1242805101S1K	1	Esch_coli_DE17.fa.gz	48345	24693	28641	0.386	2.859	1.073	0.357	0.587	0.897	0.077	0.024	0.043	0.047
EST1242805101S1K	2	Esch_coli_EC21Z-014.fa.gz	47495	10737	19107	0.379	2.781	0.999	0.231	0.600	0.953	0.053	0.010	0.030	0.031
EST1247101101S1K	0	Esch_coli_2_HS-C.fa.gz	44403	44392	11660	0.224	1.943	0.426	0.797	0.645	1.038	0.082	0.065	0.071	0.074
EST1247104101S1K	0	Esch_coli_ST540.fa.gz	46341	46301	54274	0.907	9.261	8.142	0.824	0.907	1.553	0.654	0.539	0.396	0.615
EST1247106101S1K	0	Esch_coli_NCTC10973.fa.gz	45616	45600	36044	0.480	2.866	1.354	0.599	0.647	0.906	0.044	0.046	0.109	0.120
EST1247106101S1K	1	Esch_coli_CFSAN018748.fa.gz	49110	22641	14161	0.245	2.536	0.589	0.335	0.549	0.973	0.032	0.010	0.024	0.025
EST1247108101S1K	0	Esch_coli_30COLEC.fa.gz	45626	45585	54244	0.844	5.738	4.757	0.780	0.851	0.944	0.244	0.301	0.450	0.477
EST1247108101S1K	1	Esch_coli_EC21Z-014.fa.gz	47495	14417	15778	0.464	2.951	1.296	0.318	0.639	0.845	0.141	0.027	0.051	0.060
EST1247109101S1K	0	Esch_coli_ATCC_8739.fa.gz	46447	46390	77124	0.937	67.799	62.651	0.817	0.937	0.843	2.710	3.210	0.566	0.672
EST1247109101S1K	1	Esch_coli_2_HS-C.fa.gz	44403	6516	33666	0.615	30.521	18.209	0.185	0.615	0.649	1.219	0.133	0.028	0.043
EST1247203101S1K	0	Esch_coli_AW1_7.fa.gz	48149	48125	25602	0.419	2.581	1.055	0.764	0.642	1.278	0.063	0.048	0.103	0.132
EST1247204101S1K	0	Esch_coli_ST70.fa.gz	49558	49544	19288	0.257	2.210	0.558	0.629	0.602	0.985	0.035	0.022	0.058	0.059
EST1247206101S1K	0	Esch_coli_D1.fa.gz	47480	47459	18303	0.228	2.099	0.450	0.562	0.629	1.066	0.041	0.023	0.048	0.051
EST1247208101S1K	0	Esch_coli_HS30-1.fa.gz	43127	43059	101491	0.986	43.760	42.715	0.775	0.986	0.583	0.903	1.743	0.433	0.742
EST1247208101S1K	1	Esch_coli_MB19.fa.gz	46620	9385	59038	0.810	28.775	22.215	0.405	0.810	0.765	0.731	0.205	0.165	0.216
EST1247208101S1K	2	Esch_coli_H7.fa.gz	46920	6085	51432	0.771	11.351	8.502	0.166	0.771	0.472	0.375	0.050	0.036	0.076
EST1247208101S1K	3	Esch_coli_600468.fa.gz	47174	10238	46742	0.641	7.680	4.817	0.188	0.646	0.705	0.241	0.047	0.035	0.050
EST1247210101S1K	0	Esch_coli_VCSW8.fa.gz	46034	46018	51496	0.852	6.813	5.730	0.765	0.855	1.009	0.190	0.146	0.472	0.476
EST1247211101S1K	0	Esch_coli_H3_GCF_001900815.1.fa.gz	45610	45574	59961	0.959	25.052	23.829	0.831	0.959	0.933	0.742	0.773	0.684	0.734
EST1247211101S1K	1	Esch_coli_E24377A.fa.gz	48548	10666	16237	0.604	8.641	4.981	0.250	0.608	1.398	0.189	0.039	0.040	0.056
EST1254203101S1K	0	Esch_coli_SCU-105.fa.gz	50553	50540	10991	0.167	1.969	0.323	0.725	0.606	0.985	0.091	0.066	0.044	0.045
EST1254204101S1K	0	Esch_coli_F5656C1.fa.gz	45983	45906	61168	0.943	5.897	5.487	0.822	0.947	0.696	0.306	0.462	0.484	0.696
EST1254204101S1K	1	Esch_coli_NCTC10973.fa.gz	45616	8000	17868	0.637	3.462	2.174	0.320	0.719	0.859	0.163	0.032	0.090	0.105
EST1254204101S1K	2	Esch_coli_EcPF20.fa.gz	47166	11922	12771	0.286	2.266	0.624	0.206	0.616	0.908	0.093	0.014	0.020	0.022
EST1254206101S1K	0	Esch_coli_S50.fa.gz	46646	46598	69224	0.912	6.061	5.401	0.753	0.916	0.721	0.134	0.204	0.416	0.576
EST1254206101S1K	1	Esch_coli_EcPF15.fa.gz	47184	21566	26730	0.684	3.197	2.153	0.558	0.774	0.871	0.080	0.037	0.200	0.229
EST1254206101S1K	2	Esch_coli_EC21Z-014.fa.gz	47495	7297	11970	0.364	3.064	1.056	0.218	0.558	0.844	0.058	0.006	0.021	0.025
EST1254306101S1K	0	Esch_coli_Res13-Lact-ER01-35.fa.gz	47311	47301	10519	0.168	1.942	0.320	0.759	0.611	1.205	0.462	0.351	0.039	0.047
EST1256804101S1K	0	Esch_coli_30COLEC.fa.gz	45626	45601	37576	0.643	2.939	1.853	0.779	0.763	0.965	0.080	0.062	0.281	0.291
EST1256805101S1K	0	Esch_coli_E110019.fa.gz	49827	49678	100537	0.955	44.898	41.493	0.828	0.955	0.882	2.556	2.429	0.637	0.722
EST1256805101S1K	1	Esch_coli_EC42405.fa.gz	50384	28398	53085	0.853	6.480	5.465	0.355	0.856	0.707	0.376	0.179	0.157	0.222
EST1256808101S1K	0	Esch_coli_ATCC_8739.fa.gz	46447	46394	75030	0.932	175.689	161.512	0.822	0.932	0.975	5.951	5.474	0.649	0.665
EST1256808101S1K	1	Esch_coli_E110019.fa.gz	49827	16297	31785	0.831	18.511	13.805	0.152	0.831	0.348	0.713	0.181	0.030	0.087
EST1256810101S1K	0	Esch_coli_ST361.fa.gz	46863	46824	65555	0.819	4.206	3.393	0.682	0.847	0.700	0.046	0.095	0.280	0.400
EST1256810101S1K	1	Esch_coli_EC42405.fa.gz	50384	28925	27229	0.541	2.518	1.350	0.524	0.731	0.922	0.042	0.023	0.140	0.151
EST1256810101S1K	2	Esch_coli_2018-11-3CC.fa.gz	44482	6651	11571	0.479	2.551	1.214	0.227	0.682	1.148	0.052	0.005	0.044	0.051
EST1256811101S1K	0	Esch_coli_BS90R-A.fa.gz	46756	46741	10415	0.183	2.004	0.362	0.662	0.602	0.961	0.022	0.015	0.042	0.044
EST1350502101S1K	0	Esch_coli_B4103-1.fa.gz	46308	46230	66655	0.995	19.867	19.615	0.878	0.995	0.720	0.437	0.662	0.623	0.866
EST1350502101S1K	1	Esch_coli_WP8-S17-ESBL-05.fa.gz	47199	8838	20641	0.664	4.430	2.882	0.205	0.703	0.859	0.096	0.019	0.058	0.067
EST1350502101S1K	2	Esch_coli_14EC007.fa.gz	48636	13061	14775	0.457	2.706	1.167	0.160	0.664	0.928	0.221	0.012	0.030	0.032
EST1350507101S1K	0	Esch_coli_NCTC9087.fa.gz	45206	45155	90534	0.970	52.275	50.223	0.818	0.970	0.891	1.570	2.094	0.665	0.746
EST1350507101S1K	1	Esch_coli_Z0117EC0056.fa.gz	50477	23876	46742	0.860	9.060	7.622	0.366	0.861	1.172	0.468	0.170	0.199	0.233
EST1350507101S1K	2	Esch_coli_EcPF20.fa.gz	47166	9520	26206	0.791	7.586	5.785	0.177	0.793	0.671	0.521	0.052	0.059	0.088
EST1350510101S1K	0	Esch_coli_NCTC10973.fa.gz	45616	45564	90415	0.970	44.860	43.029	0.625	0.970	0.734	1.133	1.657	0.419	0.572
EST1350510101S1K	1	Esch_coli_382634_2f.fa.gz	46453	22899	46197	0.687	39.724	27.075	0.525	0.687	0.964	1.518	0.522	0.164	0.170
EST1350511101S1K	0	Esch_coli_30COLEC.fa.gz	45626	45604	16227	0.290	2.120	0.603	0.763	0.641	1.016	0.062	0.047	0.090	0.091
EST1350804101S1K	0	Esch_coli_UPEC-245U_190328.fa.gz	49150	49052	69757	0.952	30.403	28.607	0.875	0.952	0.783	0.887	0.776	0.591	0.754
EST1350807101S1K	0	Esch_coli_FDAARGOS_1277.fa.gz	46147	46118	47723	0.733	3.347	2.410	0.762	0.805	0.907	0.156	0.198	0.328	0.362
EST1350807101S1K	1	Esch_coli_AR_0374.fa.gz	47293	14063	13939	0.326	2.401	0.742	0.312	0.622	0.894	0.104	0.019	0.035	0.039
EST1356601101S1K	0	Esch_coli_H3_GCF_001900815.1.fa.gz	45610	45585	51845	0.953	36.944	34.841	0.859	0.953	0.967	1.878	1.613	0.720	0.744
EST1356602101S1K	0	Esch_coli_CPww7.fa.gz	47344	47288	53422	0.942	15.659	14.458	0.885	0.942	0.819	0.599	0.530	0.605	0.739
EST1356604101S1K	0	Esch_coli_TW11681.fa.gz	48070	48007	51047	0.858	5.001	4.210	0.839	0.871	0.813	0.160	0.181	0.444	0.547
EST1356604101S1K	1	Esch_coli_13C1079T.fa.gz	46468	13066	9848	0.426	2.550	1.062	0.360	0.651	1.116	0.056	0.012	0.058	0.065
EST1356611101S1K	0	Esch_coli_30COLEC.fa.gz	45626	45599	54780	0.914	40.327	36.179	0.819	0.914	0.993	2.042	1.673	0.622	0.626
EST1356618101S1K	0	Esch_coli_30COLEC.fa.gz	45626	45596	57040	0.910	14.331	12.789	0.814	0.910	1.001	0.574	0.467	0.612	0.612
EST1356803101S1K	0	Esch_coli_FORC_041.fa.gz	47790	47751	58879	0.856	5.925	5.011	0.789	0.862	0.905	0.194	0.241	0.455	0.503
EST1356803101S1K	1	Esch_coli_14EC033.fa.gz	45189	16588	17982	0.521	2.824	1.443	0.378	0.682	0.835	0.111	0.024	0.076	0.092
EST1357102101S1K	0	Esch_coli_14EC033.fa.gz	45189	45171	20322	0.281	2.169	0.596	0.603	0.626	0.986	0.030	0.023	0.066	0.067
EST1357102101S1K	1	Esch_coli_RIVM_C019217.fa.gz	51128	24893	7624	0.147	1.982	0.284	0.400	0.594	0.980	0.008	0.006	0.020	0.021
EST1357103101S1K	0	Esch_coli_FWSEC0010.fa.gz	48275	48263	15098	0.215	2.245	0.471	0.678	0.573	0.989	0.040	0.027	0.047	0.048
EST1357104101S1K	0	Esch_coli_2018-11-3CC.fa.gz	44482	44438	55670	0.918	7.166	6.516	0.797	0.919	0.829	0.401	0.683	0.513	0.618
EST1357104101S1K	1	Esch_coli_MB19.fa.gz	46620	9147	14882	0.603	4.853	2.817	0.360	0.642	0.772	0.455	0.063	0.069	0.090
EST1357108101S1K	0	Esch_coli_Res13-Lact-PEA14-20.fa.gz	47901	47865	51443	0.747	3.606	2.610	0.749	0.806	0.905	0.205	0.208	0.329	0.364
EST1357108101S1K	1	Esch_coli_SBF45.fa.gz	45706	9048	15691	0.356	2.656	0.939	0.198	0.585	0.700	0.072	0.014	0.017	0.024
EST1358301101S1K	0	Esch_coli_NCTC9087.fa.gz	45206	45170	58021	0.958	9.723	9.209	0.829	0.958	0.913	1.636	1.356	0.664	0.728
EST1358301201S1K	0	Esch_coli_30COLEC.fa.gz	45626	45578	68593	0.934	18.691	17.168	0.735	0.934	0.726	0.561	0.901	0.434	0.598
EST1358301201S1K	1	Esch_coli_SA31-1.fa.gz	47640	14679	26041	0.778	10.710	8.137	0.427	0.778	0.941	0.664	0.139	0.190	0.201
EST1358302101S1K	0	Esch_coli_AR_0374.fa.gz	47293	47250	89628	0.959	28.238	26.428	0.680	0.959	0.676	1.695	1.758	0.405	0.600
EST1358302101S1K	1	Esch_coli_362.fa.gz	47856	20458	44310	0.677	15.706	10.490	0.360	0.677	0.918	0.517	0.299	0.102	0.112
EST1358302101S1K	2	Esch_coli_CI5.fa.gz	48099	7853	30469	0.672	10.101	6.585	0.138	0.673	0.844	0.375	0.073	0.035	0.042
EST1358303101S1K	0	Esch_coli_30COLEC.fa.gz	45626	45586	51406	0.824	4.966	4.021	0.773	0.839	0.955	0.514	0.397	0.428	0.448
EST1358401101S1K	0	Esch_coli_NCTC9008.fa.gz	46540	46486	91386	0.955	21.554	20.307	0.721	0.955	0.549	0.758	1.220	0.345	0.627
EST1358401101S1K	1	Esch_coli_13C1079T.fa.gz	46468	13637	47009	0.849	10.423	8.655	0.326	0.849	0.917	0.484	0.154	0.183	0.199
EST1358401101S1K	2	Esch_coli_MB19.fa.gz	46620	6554	35431	0.669	9.338	5.906	0.164	0.671	0.695	0.311	0.052	0.034	0.049
EST1358401101S1K	3	Esch_coli_362.fa.gz	47856	16590	31048	0.518	4.253	2.171	0.175	0.585	0.893	0.139	0.047	0.028	0.031
EST1359003101S1K	0	Esch_coli_S56.fa.gz	46411	46387	42398	0.712	3.438	2.402	0.817	0.783	0.928	0.070	0.096	0.331	0.357
EST1359003101S1K	1	Esch_coli_PapRG-06-3.fa.gz	46299	6806	9367	0.350	2.929	1.013	0.275	0.550	1.308	0.048	0.006	0.022	0.029
EST1359004101S1K	0	Esch_coli_14EC033.fa.gz	45189	45178	11295	0.195	2.399	0.456	0.754	0.531	1.068	0.277	0.209	0.039	0.041
EST1359005101S1K	0	Esch_coli_30COLEC.fa.gz	45626	45602	30425	0.534	2.460	1.288	0.735	0.737	0.973	0.151	0.111	0.208	0.213
EST1359006101S1K	0	Esch_albertii_KF1.fa.gz	45289	45167	132490	0.966	43.593	41.280	0.624	0.966	0.914	1.744	1.592	0.514	0.562
EST1359006101S1K	1	Esch_coli_TUM20902.fa.gz	48117	41134	88878	0.966	18.638	17.743	0.646	0.966	0.790	0.394	0.620	0.460	0.582
EST1359006101S1K	2	Esch_coli_2018-06-4CC.fa.gz	46573	18605	49157	0.854	7.909	6.656	0.310	0.855	0.889	0.256	0.105	0.172	0.194
EST1359006101S1K	3	Esch_coli_DEC5E.fa.gz	53677	16945	33271	0.557	4.337	2.287	0.146	0.620	0.669	0.156	0.034	0.021	0.031
EST1361002101S1K	0	Esch_coli_Res13-Lact-PER13-34.fa.gz	47920	47904	52131	0.716	10.375	7.336	0.656	0.716	1.001	0.301	0.435	0.241	0.241
EST1361002101S1K	1	Esch_coli_BEC1-S17-ESBL-09.fa.gz	49682	17182	17843	0.378	10.887	3.881	0.379	0.386	1.058	0.361	0.086	0.020	0.021
EST1361004101S1K	0	Esch_coli_str_TO6.fa.gz	47167	47144	29211	0.473	2.448	1.129	0.744	0.699	0.958	0.084	0.063	0.165	0.172
EST1361010101S1K	0	Esch_coli_Z0117EC0005.fa.gz	47656	47622	61388	0.801	4.148	3.277	0.678	0.832	0.750	0.098	0.183	0.282	0.376
EST1361010101S1K	1	Esch_coli_F5656C1.fa.gz	45983	24722	23259	0.656	3.068	1.973	0.663	0.762	0.930	0.172	0.058	0.235	0.253
EST2356804102S1K	0	Esch_coli_2014C-4587.fa.gz	49143	49113	68538	0.851	8.704	7.255	0.632	0.851	0.751	0.428	0.535	0.293	0.390
EST2356804102S1K	1	Esch_coli_Res13-Lact-PER13-34.fa.gz	47920	20901	26750	0.524	7.593	3.935	0.393	0.534	0.982	0.417	0.122	0.058	0.059
EST2359005102S1K	0	Esch_coli_30COLEC.fa.gz	45626	45601	49089	0.897	13.370	11.764	0.822	0.897	0.986	0.582	0.478	0.585	0.593
stools_11001150	0	Esch_coli_EC2.fa.gz	49867	49808	79740	0.973	11.978	11.437	0.738	0.973	0.677	0.252	0.424	0.460	0.680
stools_11001150	1	Esch_coli_A13.fa.gz	45864	22596	31275	0.685	6.767	4.623	0.509	0.692	0.949	0.148	0.076	0.158	0.167
stools_11001150	2	Esch_coli_E110019.fa.gz	49827	12954	15798	0.396	3.872	1.399	0.196	0.526	0.829	0.174	0.014	0.018	0.021
stools_11001501	0	Esch_coli_382634_2f.fa.gz	46453	46430	24101	0.377	2.403	0.897	0.682	0.636	1.011	0.060	0.041	0.103	0.104
stools_11002101	0	Esch_coli_PM4.fa.gz	45122	45098	31641	0.441	2.558	1.101	0.653	0.660	0.985	0.105	0.081	0.124	0.126
stools_11002101	1	Esch_coli_FDAARGOS_1283.fa.gz	49577	25950	11763	0.199	2.228	0.430	0.425	0.568	0.997	0.019	0.018	0.027	0.027
stools_11002150	0	Esch_coli_FORC_041.fa.gz	47790	47765	53924	0.858	8.481	7.170	0.791	0.859	0.958	0.182	0.260	0.480	0.501
stools_11002150	1	Esch_coli_UPEC-245U_190328.fa.gz	49150	10816	12929	0.376	8.550	3.145	0.379	0.393	1.094	0.147	0.026	0.020	0.022
stools_11004101	0	Esch_coli_VR50.fa.gz	48478	48454	27693	0.489	2.432	1.159	0.847	0.712	0.887	0.111	0.094	0.186	0.210
stools_11004501	0	Esch_coli_1428.fa.gz	49072	49058	12417	0.161	2.091	0.331	0.563	0.570	0.943	0.026	0.015	0.028	0.029
stools_11005101	0	Esch_coli_WP7-S17-ESBL-04.fa.gz	45767	45750	19364	0.320	2.167	0.672	0.708	0.655	1.024	0.035	0.025	0.095	0.097
stools_11005150	0	Esch_coli_EC96.fa.gz	43198	43181	38006	0.547	2.757	1.464	0.651	0.711	0.906	0.067	0.055	0.163	0.180
stools_11005150	1	Esch_coli_SCU-105.fa.gz	50553	25298	14405	0.280	2.206	0.609	0.447	0.613	0.910	0.017	0.013	0.043	0.047
stools_11006101	0	Esch_coli_EcPF20.fa.gz	47166	47125	40043	0.544	2.823	1.504	0.643	0.699	0.917	0.021	0.062	0.156	0.171
stools_11006101	1	Esch_coli_1283.fa.gz	45695	12020	14428	0.317	2.498	0.778	0.237	0.587	0.967	0.075	0.008	0.025	0.026
stools_11006501	0	Esch_coli_D1.fa.gz	47480	47466	10701	0.150	1.906	0.269	0.563	0.637	1.109	0.033	0.018	0.031	0.034
stools_11007101	0	Esch_coli_E110019.fa.gz	49827	49794	51719	0.904	6.791	5.879	0.878	0.907	0.883	0.245	0.215	0.577	0.653
stools_11007150	0	Esch_coli_NCTC9087.fa.gz	45206	45173	51903	0.676	3.216	2.149	0.623	0.765	0.926	0.074	0.082	0.228	0.247
stools_11007150	1	Esch_coli_2011C-3911.fa.gz	47705	14271	21358	0.410	2.438	0.973	0.240	0.659	0.856	0.058	0.012	0.037	0.043
stools_11008101	0	Esch_coli_FDAARGOS_1289.fa.gz	50469	50423	81873	0.967	35.132	33.281	0.856	0.967	0.888	1.334	1.510	0.687	0.773
stools_11008101	1	Esch_coli_U1.fa.gz	51721	16815	33131	0.743	7.447	5.364	0.323	0.746	0.816	0.430	0.082	0.109	0.134
stools_11008150	0	Esch_coli_DLI_6n.fa.gz	48024	47968	38850	0.587	2.754	1.567	0.711	0.741	0.888	0.106	0.075	0.204	0.229
stools_11009101	0	Esch_coli_ESBL_15.fa.gz	48436	48385	74447	0.928	148.179	134.548	0.809	0.928	0.554	5.643	6.528	0.359	0.647
stools_11009101	1	Esch_coli_H3.fa.gz	47946	14860	29536	0.548	36.880	19.551	0.191	0.548	2.638	2.426	0.295	0.012	0.032
stools_11009150	0	Esch_coli_442_2.fa.gz	47236	47197	59794	0.899	37.373	33.068	0.796	0.899	0.930	2.319	1.847	0.538	0.579
stools_11009501	0	Esch_coli_NCTC9080.fa.gz	46384	46356	62995	0.723	4.423	3.152	0.575	0.755	0.841	0.120	0.118	0.199	0.237
stools_11009501	1	Esch_coli_A25.fa.gz	45309	21637	29496	0.520	3.913	2.011	0.403	0.601	0.958	0.086	0.035	0.072	0.076
stools_11010101	0	Esch_coli_ML35.fa.gz	47425	47408	12169	0.159	2.405	0.369	0.603	0.514	0.888	0.046	0.027	0.022	0.025
stools_11011101	0	Esch_coli_HS30-1.fa.gz	43127	43056	96467	0.937	18.841	17.472	0.664	0.937	0.858	0.375	0.624	0.468	0.546
stools_11011101	1	Esch_coli_Trh52.fa.gz	47049	23330	56122	0.775	6.495	4.996	0.305	0.780	0.618	0.101	0.096	0.089	0.144
stools_11011101	2	Esch_coli_SC476.fa.gz	46786	11016	38051	0.738	8.524	6.206	0.259	0.739	0.552	0.155	0.057	0.058	0.104
stools_11011101	3	Esch_coli_NCTC9008.fa.gz	46540	6127	29925	0.572	7.663	4.284	0.135	0.580	0.759	0.311	0.022	0.020	0.026
stools_11011150	0	Esch_coli_NCTC9008.fa.gz	46540	46508	60646	0.761	4.050	3.027	0.679	0.800	0.814	0.109	0.134	0.269	0.330
stools_11011150	1	Esch_coli_STEC299.fa.gz	47757	24088	25251	0.440	2.690	1.153	0.420	0.644	0.895	0.042	0.027	0.069	0.077
stools_11011150	2	Esch_coli_LH09-a.fa.gz	45993	10036	14644	0.433	2.565	1.090	0.284	0.653	0.858	0.046	0.010	0.045	0.052
stools_11011501	0	Esch_coli_G6_7.fa.gz	50857	50845	7323	0.117	2.054	0.230	0.630	0.569	0.844	0.017	0.010	0.020	0.024
stools_11013101	0	Esch_coli_190693.fa.gz	50189	50120	99326	0.974	85.058	81.242	0.748	0.974	0.769	1.177	2.771	0.532	0.692
stools_11013101	1	Esch_coli_str_TO60.fa.gz	49207	23676	50492	0.961	37.737	35.615	0.614	0.961	0.870	0.920	0.573	0.474	0.545
stools_11013101	2	Esch_coli_U1.fa.gz	51721	4285	27740	0.598	50.165	29.261	0.238	0.598	0.903	1.462	0.086	0.046	0.051
stools_11013101	3	Esch_coli_RIVM_C018576.fa.gz	49656	11629	25177	0.651	5.843	3.753	0.107	0.667	0.707	0.145	0.030	0.022	0.031
stools_11013150	0	Esch_coli_fEC_1.fa.gz	47007	46962	59051	0.635	3.638	2.274	0.568	0.708	0.857	0.148	0.158	0.155	0.181
stools_11013150	1	Esch_coli_U1.fa.gz	51721	24661	29207	0.409	2.898	1.146	0.354	0.600	0.943	0.130	0.043	0.049	0.052
stools_11014101	0	Esch_coli_JL05.fa.gz	46571	46497	101083	0.954	24.417	23.088	0.649	0.954	0.794	0.675	1.111	0.447	0.564
stools_11014101	1	Esch_coli_RIVM_C018249.fa.gz	48626	21897	56711	0.890	10.602	9.201	0.352	0.890	0.831	0.591	0.212	0.206	0.248
stools_11014101	2	Esch_coli_S50.fa.gz	46646	7433	37222	0.685	10.241	6.652	0.137	0.686	1.431	0.447	0.053	0.031	0.044
stools_11014150	0	Esch_coli_U1.fa.gz	51721	51703	10997	0.156	2.392	0.363	0.561	0.512	0.978	0.024	0.014	0.022	0.023
stools_11015101	0	Esch_coli_C4.fa.gz	49009	48986	56562	0.941	31.623	29.335	0.889	0.941	0.946	1.696	1.508	0.701	0.741
stools_11015501	0	Esch_coli_C4.fa.gz	49009	48990	35318	0.468	2.374	1.093	0.681	0.703	0.919	0.078	0.107	0.145	0.158
stools_11015501	1	Esch_coli_SA31-1.fa.gz	47640	20973	12411	0.311	1.999	0.605	0.513	0.685	0.946	0.079	0.026	0.071	0.075
stools_11016101	0	Esch_coli_15_TR_026_OXA.fa.gz	51303	51226	103150	0.954	19.467	18.212	0.657	0.954	0.545	0.409	0.664	0.311	0.570
stools_11016101	1	Esch_coli_442_2.fa.gz	47236	19856	54306	0.888	13.229	11.597	0.470	0.888	0.551	0.335	0.163	0.182	0.330
stools_11016101	2	Esch_coli_AR_0069.fa.gz	45888	6894	36672	0.702	10.211	7.099	0.188	0.703	0.718	0.266	0.035	0.047	0.065
stools_11016150	0	Esch_coli_81.fa.gz	46235	46214	31369	0.462	2.530	1.132	0.679	0.682	0.924	0.083	0.056	0.135	0.146
stools_11016501	0	Esch_coli_FDAARGOS_1277.fa.gz	46147	46094	72757	0.902	27.234	24.221	0.778	0.902	0.934	0.905	0.867	0.533	0.570
stools_11016501	1	Esch_coli_STEC299.fa.gz	47757	24296	31186	0.685	5.153	3.403	0.265	0.709	0.762	0.210	0.066	0.069	0.091
stools_11017501	0	Esch_coli_NCTC10973.fa.gz	45616	45551	77036	0.948	10.247	9.603	0.757	0.948	0.683	0.151	0.356	0.440	0.645
stools_11017501	1	Esch_coli_NMBU-W12E19.fa.gz	49731	9551	33856	0.535	6.651	3.248	0.239	0.557	0.637	0.320	0.027	0.025	0.040
stools_11018101	0	Esch_coli_MB19.fa.gz	46620	46550	91356	0.942	32.095	29.700	0.674	0.942	0.663	0.782	0.892	0.373	0.563
stools_11018101	1	Esch_coli_1190.fa.gz	48261	21521	47520	0.880	13.512	11.745	0.377	0.880	0.842	0.383	0.162	0.216	0.257
stools_11018101	2	Esch_coli_NCTC9008.fa.gz	46540	7553	28577	0.597	10.486	6.054	0.112	0.599	0.727	0.157	0.030	0.017	0.024
stools_11018102	0	Esch_coli_S50.fa.gz	46646	46615	60765	0.822	5.264	4.219	0.736	0.834	0.947	0.077	0.200	0.398	0.421
stools_11018102	1	Esch_coli_WP7-S17-ESBL-04.fa.gz	45767	13749	22450	0.481	3.356	1.564	0.306	0.608	0.949	0.140	0.022	0.052	0.054
stools_11018102	2	Esch_coli_Z0117EC0005.fa.gz	47656	23711	15840	0.313	2.598	0.803	0.383	0.567	0.920	0.056	0.019	0.036	0.039
stools_11019101	0	Esch_coli_2018-02-2CC.fa.gz	44497	44450	57527	0.914	68.050	61.580	0.829	0.914	0.971	8.370	6.940	0.614	0.633
stools_11019501	0	Esch_coli_2018-02-2CC.fa.gz	44497	44448	56025	0.915	52.839	47.891	0.830	0.915	1.000	9.321	7.732	0.636	0.636
stools_11020101	0	Esch_coli_DEC5E.fa.gz	53677	53635	65197	0.748	3.877	2.812	0.705	0.795	0.792	0.173	0.233	0.264	0.333
stools_11020101	1	Esch_albertii_205_2_TBG_B.fa.gz	46071	38775	25098	0.301	2.334	0.690	0.419	0.604	0.984	0.088	0.041	0.045	0.046
stools_11020101	2	Esch_coli_14EC033.fa.gz	45189	11457	13419	0.357	2.474	0.876	0.268	0.612	0.974	0.069	0.015	0.035	0.036
stools_11020150	0	Esch_coli_STEC299.fa.gz	47757	47735	23356	0.373	2.662	0.968	0.718	0.601	0.924	0.058	0.042	0.089	0.097
stools_11020501	0	Esch_coli_NCTC10973.fa.gz	45616	45582	55806	0.700	3.623	2.501	0.636	0.763	0.794	0.118	0.162	0.206	0.259
stools_11020501	1	Esch_coli_DE17.fa.gz	48345	24598	23878	0.467	2.777	1.266	0.482	0.650	0.963	0.137	0.045	0.092	0.095
stools_11021101	0	Esch_coli_SCU-105.fa.gz	50553	50544	9095	0.129	1.703	0.216	0.700	0.666	1.000	0.260	0.182	0.040	0.040
stools_11021150	0	Esch_coli_CI5.fa.gz	48099	48063	71152	0.911	267.944	241.562	0.820	0.911	0.923	16.759	13.743	0.572	0.620
stools_11021501	0	Esch_coli_MB19.fa.gz	46620	46545	77489	0.912	7.782	6.969	0.727	0.913	0.690	0.594	0.646	0.382	0.554
stools_11021501	1	Esch_coli_STEC299.fa.gz	47757	24078	35018	0.454	3.056	1.336	0.270	0.616	0.895	0.167	0.065	0.042	0.046
stools_11021501	2	Esch_coli_NCTC9082.fa.gz	48890	12190	24082	0.455	3.355	1.465	0.205	0.591	0.871	0.128	0.036	0.028	0.033
stools_11022150	0	Esch_coli_FORC_041.fa.gz	47790	47773	24359	0.321	2.760	0.873	0.617	0.552	0.991	0.036	0.044	0.060	0.060
stools_11022150	1	Esch_coli_str_TO60.fa.gz	49207	25313	9008	0.211	2.540	0.522	0.518	0.520	0.971	0.036	0.014	0.029	0.030
stools_11023101	0	Esch_coli_WP8-S18-ESBL-07.fa.gz	47916	47849	81215	0.955	21.377	20.024	0.707	0.955	0.720	0.513	0.772	0.442	0.615
stools_11023101	1	Esch_coli_VR50.fa.gz	48478	21675	35542	0.863	10.141	8.499	0.468	0.863	0.844	0.393	0.150	0.253	0.300
stools_11023101	2	Esch_coli_RIVM_C019217.fa.gz	51128	12794	16847	0.559	7.981	4.356	0.264	0.566	1.493	0.187	0.045	0.032	0.047
stools_11024101	0	Esch_coli_RIVM_C018249.fa.gz	48626	48585	53033	0.849	5.603	4.673	0.831	0.857	0.885	0.490	0.407	0.459	0.519
stools_11024150	0	Esch_coli_EcPF20.fa.gz	47166	47146	17641	0.220	2.511	0.540	0.550	0.527	0.976	0.041	0.023	0.033	0.034
stools_11026101	0	Esch_coli_CPww7.fa.gz	47344	47328	16116	0.278	2.324	0.629	0.757	0.595	0.974	0.085	0.065	0.073	0.074
stools_11026150	0	Esch_coli_H5.fa.gz	47387	47340	35167	0.502	2.851	1.410	0.705	0.664	0.755	0.122	0.086	0.118	0.156
stools_11027101	0	Esch_coli_3059.fa.gz	51618	51601	10486	0.139	2.159	0.291	0.623	0.552	1.000	0.065	0.041	0.026	0.026
stools_11027150	0	Esch_coli_PK8217.fa.gz	43806	43789	12283	0.177	2.465	0.422	0.589	0.513	1.162	0.043	0.025	0.024	0.027
stools_11027501	0	Esch_coli_MB19.fa.gz	46620	46577	52890	0.896	13.807	12.134	0.844	0.896	0.923	0.886	0.748	0.561	0.607
stools_11028150	0	Esch_coli_FORC_041.fa.gz	47790	47772	41353	0.622	3.909	2.393	0.736	0.685	0.939	0.051	0.101	0.202	0.215
stools_11028150	1	Esch_coli_VR50.fa.gz	48478	14848	11629	0.346	3.309	1.096	0.408	0.520	0.876	0.087	0.015	0.033	0.038
stools_11028501	0	Esch_coli_A13.fa.gz	45864	45845	52705	0.714	4.951	3.513	0.667	0.736	0.929	0.245	0.163	0.239	0.258
stools_11029101	0	Esch_coli_A23.fa.gz	44064	44031	41404	0.682	3.899	2.623	0.738	0.735	0.922	0.126	0.322	0.251	0.272
stools_11029101	1	Esch_coli_CT29.fa.gz	44924	9827	11371	0.365	3.523	1.258	0.303	0.510	1.193	0.311	0.035	0.024	0.029
stools_11029150	0	Esch_coli_CT29.fa.gz	44924	44854	60373	0.867	20.914	17.900	0.736	0.867	1.012	2.636	2.275	0.474	0.480
stools_11029150	1	Esch_coli_NCTC9082.fa.gz	48890	16553	21481	0.469	10.873	4.882	0.290	0.473	0.823	0.454	0.236	0.025	0.030
stools_11029501	0	Esch_coli_CT29.fa.gz	44924	44850	64703	0.878	12.364	10.712	0.711	0.878	0.960	0.970	0.831	0.462	0.481
stools_11029501	1	Esch_coli_IDR1900005638-01-02.fa.gz	46294	14041	25346	0.596	5.781	3.408	0.245	0.616	0.778	0.199	0.083	0.043	0.055
stools_11030101	0	Esch_coli_30COLEC.fa.gz	45626	45589	59475	0.879	29.614	25.559	0.779	0.879	0.981	0.756	0.955	0.519	0.529
stools_11030101	1	Esch_coli_BR1220.fa.gz	49276	12873	19411	0.426	19.887	8.205	0.324	0.426	1.084	0.470	0.088	0.023	0.025
stools_11030150	0	Esch_coli_1500.fa.gz	46598	46577	31418	0.451	2.984	1.327	0.694	0.614	0.939	0.036	0.055	0.111	0.118
stools_11030150	1	Esch_coli_PS10-3.fa.gz	47810	17781	10412	0.225	2.633	0.589	0.381	0.506	0.966	0.043	0.009	0.021	0.022
stools_11031101	0	Esch_coli_81.fa.gz	46235	46222	8209	0.138	2.285	0.305	0.670	0.525	1.175	0.022	0.015	0.022	0.025
stools_11031501	0	Esch_coli_81.fa.gz	46235	46220	7683	0.128	2.344	0.291	0.606	0.508	1.143	0.020	0.012	0.018	0.020
stools_11032150	0	Esch_coli_VR50.fa.gz	48478	48422	60266	0.958	12.114	11.374	0.870	0.959	0.722	0.548	0.477	0.553	0.766
stools_11033150	0	Esch_coli_HS30-1.fa.gz	43127	43080	62344	0.915	7.077	6.397	0.774	0.917	0.831	0.111	0.279	0.494	0.595
stools_11033150	1	Esch_coli_AR_0061.fa.gz	45120	9559	22918	0.598	4.539	2.692	0.318	0.642	0.611	0.128	0.026	0.048	0.078
stools_11033150	2	Esch_coli_13C1065T.fa.gz	45345	5081	17198	0.433	4.990	2.113	0.197	0.493	0.904	0.121	0.011	0.019	0.021
stools_11033501	0	Esch_coli_789.fa.gz	49071	49015	89156	0.948	950.413	887.832	0.945	0.948	0.892	42.984	44.553	0.719	0.806
stools_11033501	1	Esch_coli_ST540.fa.gz	46341	12115	42680	0.783	43.236	32.846	0.160	0.783	0.408	4.149	0.414	0.031	0.077
stools_11034101	0	Esch_coli_WP7-S17-ESBL-04.fa.gz	45767	45700	86486	0.953	15.681	14.631	0.736	0.953	0.848	0.275	0.716	0.540	0.637
stools_11034101	1	Esch_coli_DE17.fa.gz	48345	24406	42931	0.601	5.581	3.317	0.334	0.624	0.839	0.167	0.086	0.066	0.078
stools_11034101	2	Esch_coli_NMBU-W12E19.fa.gz	49731	8490	28256	0.511	8.035	3.776	0.213	0.523	1.166	0.531	0.037	0.026	0.030
stools_11034501	0	Esch_coli_G4_9.fa.gz	45836	45791	67227	0.895	7.108	6.272	0.761	0.897	0.632	0.203	0.464	0.346	0.548
stools_11034501	1	Esch_coli_A29.fa.gz	46049	11073	26245	0.629	4.472	2.793	0.340	0.670	0.728	0.220	0.050	0.070	0.096
stools_11034501	2	Esch_coli_S1.fa.gz	45912	6625	19284	0.450	4.039	1.805	0.199	0.539	0.734	0.187	0.019	0.019	0.026
stools_11035101	0	Esch_coli_WAT.fa.gz	47432	47396	56639	0.911	124.461	111.483	0.862	0.911	0.988	6.033	5.201	0.643	0.651
stools_11036101	0	Esch_coli_SC476.fa.gz	46786	46746	66277	0.919	11.624	10.576	0.743	0.919	0.860	0.342	0.482	0.497	0.577
stools_11036101	1	Esch_coli_BR1220.fa.gz	49276	15777	23303	0.670	7.132	4.676	0.436	0.676	1.118	0.308	0.073	0.119	0.134
stools_11036150	0	Esch_coli_LD22-1.fa.gz	46889	46824	100649	0.961	31.347	29.831	0.778	0.961	0.867	1.247	1.420	0.599	0.691
stools_11036150	1	Esch_coli_Z0117EC0036.fa.gz	49690	26240	55656	0.757	7.694	5.741	0.381	0.760	0.779	0.261	0.154	0.130	0.166
stools_11036150	2	Esch_coli_Res13-Lact-PEB17-18.fa.gz	48587	8643	35787	0.673	8.289	5.285	0.194	0.677	0.843	0.316	0.049	0.050	0.060
stools_11036501	0	Esch_coli_JE86-ST02.fa.gz	50374	50358	13979	0.186	2.196	0.392	0.637	0.575	1.033	0.047	0.030	0.038	0.039
stools_11037101	0	Esch_coli_str_TO60.fa.gz	49207	49189	28742	0.436	3.016	1.289	0.746	0.602	0.906	0.038	0.057	0.107	0.118
stools_11037101	1	Esch_coli_NC19.fa.gz	47396	22969	7274	0.213	2.555	0.535	0.566	0.513	1.087	0.039	0.011	0.029	0.032
stools_11037150	0	Esch_coli_G4_9.fa.gz	45836	45785	65638	0.919	12.359	11.185	0.730	0.919	0.862	0.223	0.520	0.488	0.566
stools_11037150	1	Esch_coli_RM9322.fa.gz	49554	16791	23579	0.733	7.960	5.363	0.511	0.737	0.889	0.489	0.098	0.181	0.203
stools_11038101	0	Esch_coli_NCTC9087.fa.gz	45206	45157	89850	0.964	12.962	12.377	0.745	0.964	0.741	0.243	0.525	0.495	0.668
stools_11038101	1	Esch_coli_ST540.fa.gz	46341	9724	46297	0.658	6.110	3.901	0.202	0.671	0.742	0.223	0.036	0.044	0.060
stools_11038101	2	Esch_coli_STEC299.fa.gz	47757	22651	39901	0.483	3.655	1.695	0.259	0.591	0.867	0.127	0.037	0.038	0.044
stools_11038101	3	Esch_coli_2013C-3342.fa.gz	51528	12842	28968	0.419	4.043	1.502	0.190	0.539	0.841	0.111	0.020	0.019	0.023
stools_11038150	0	Esch_coli_Quinolone_resistant.fa.gz	44803	44778	33728	0.552	3.127	1.704	0.758	0.675	0.965	0.044	0.075	0.184	0.191
stools_11038150	1	Esch_coli_NCTC9008.fa.gz	46540	10546	8992	0.274	2.661	0.710	0.312	0.538	1.125	0.055	0.007	0.022	0.025
stools_11038501	0	Esch_coli_NCTC9087.fa.gz	45206	45194	9209	0.165	2.452	0.400	0.630	0.502	0.991	0.025	0.016	0.026	0.026
stools_11039101	0	Esch_coli_GW-AmxH19.fa.gz	49380	49326	55805	0.899	42.819	37.896	0.859	0.899	0.896	1.994	1.713	0.558	0.624
stools_11039150	0	Esch_coli_CPww7.fa.gz	47344	47327	30632	0.502	2.843	1.390	0.750	0.668	0.879	0.098	0.073	0.148	0.168
stools_11039501	0	Esch_coli_RIVM_C029020.fa.gz	51218	51191	26383	0.400	2.658	1.037	0.762	0.619	0.965	0.069	0.052	0.113	0.117
stools_11041101	0	Esch_coli_E2348_69_GCF_000026545.1.fa.gz	48256	48181	87000	0.954	38.862	36.580	0.792	0.954	0.850	1.097	1.285	0.584	0.687
stools_11041101	1	Esch_coli_FDAARGOS_348.fa.gz	50818	26912	41043	0.859	9.948	8.237	0.490	0.860	0.884	0.434	0.166	0.275	0.311
stools_11041101	2	Esch_coli_AR_0069.fa.gz	45888	7083	17913	0.622	7.477	4.634	0.137	0.628	1.039	0.092	0.024	0.032	0.034
stools_11041102	0	Esch_coli_MB19.fa.gz	46620	46553	88963	0.956	51.037	47.931	0.850	0.956	0.782	2.736	4.541	0.582	0.744
stools_11041102	1	Esch_coli_NCTC10973.fa.gz	45616	7675	44440	0.794	15.272	11.978	0.232	0.794	1.760	0.895	0.186	0.066	0.116
stools_11041102	2	Esch_coli_MB50.fa.gz	45692	5131	38345	0.729	9.878	7.102	0.120	0.730	0.762	0.731	0.074	0.036	0.047
stools_11041102	3	Esch_coli_FDAARGOS_348.fa.gz	50818	13535	34602	0.445	10.813	4.613	0.241	0.449	2.027	0.979	0.130	0.011	0.022
stools_11041150	0	Esch_coli_61.fa.gz	46292	46272	25556	0.418	3.111	1.265	0.746	0.582	0.931	0.059	0.044	0.098	0.106
stools_11042101	0	Esch_coli_OSUCMP42NDM.fa.gz	47339	47139	140036	0.966	115.992	110.627	0.698	0.966	0.756	7.940	8.156	0.476	0.629
stools_11042101	1	Esch_coli_UPEC-774U_190308.fa.gz	49071	24652	94502	0.965	16.373	15.601	0.171	0.965	0.645	0.972	0.602	0.099	0.153
stools_11042101	2	Esch_coli_1190.fa.gz	48261	15441	70711	0.840	16.872	13.991	0.116	0.840	0.877	1.468	0.338	0.060	0.069
stools_11042101	3	Esch_coli_H8.fa.gz	48070	9469	57739	0.666	22.690	14.723	0.085	0.666	3.246	1.303	0.221	0.008	0.025
stools_11042150	0	Esch_coli_NCTC10973.fa.gz	45616	45584	55036	0.811	5.003	3.997	0.773	0.826	0.861	0.102	0.209	0.368	0.427
stools_11042150	1	Esch_coli_NCTC9080.fa.gz	46384	8192	18086	0.493	3.559	1.737	0.265	0.599	0.886	0.169	0.016	0.042	0.047
stools_11044101	0	Esch_coli_RIVM_C029020.fa.gz	51218	51148	81331	0.973	23.213	22.162	0.808	0.973	0.821	0.617	0.925	0.611	0.744
stools_11044101	1	Esch_coli_FDAARGOS_536.fa.gz	48800	22636	31561	0.831	5.874	4.825	0.401	0.838	0.870	0.209	0.088	0.204	0.234
stools_11044101	2	Esch_coli_190693.fa.gz	50189	3062	12744	0.539	15.438	8.195	0.155	0.539	0.914	0.319	0.020	0.022	0.024
stools_11044150	0	Esch_coli_VR50.fa.gz	48478	48405	94136	0.953	37.474	34.999	0.620	0.953	0.424	1.284	1.967	0.228	0.537
stools_11044150	1	Esch_coli_A25.fa.gz	45309	21467	47999	0.641	35.391	22.438	0.460	0.641	0.921	1.180	0.554	0.112	0.121
stools_11044150	2	Esch_coli_S1.fa.gz	45912	8533	34242	0.723	15.010	10.785	0.162	0.723	0.375	0.707	0.105	0.023	0.061
stools_11044501	0	Esch_coli_NCTC9087.fa.gz	45206	45169	68059	0.947	11.347	10.637	0.805	0.948	0.847	1.986	3.481	0.580	0.684
stools_11044501	1	Esch_coli_S1.fa.gz	45912	9862	25262	0.776	6.887	5.316	0.447	0.780	0.790	2.341	0.378	0.167	0.211
stools_11045101	0	Esch_coli_E2348_69_GCF_000026545.1.fa.gz	48256	48149	102651	0.958	200.698	189.980	0.861	0.958	0.925	8.005	9.668	0.700	0.757
stools_11045101	1	Esch_coli_1428.fa.gz	49072	22622	56530	0.837	15.319	12.634	0.195	0.837	0.640	0.407	0.303	0.073	0.114
stools_11045101	2	Esch_coli_ST540.fa.gz	46341	16326	37586	0.612	31.991	19.130	0.266	0.612	7.576	2.814	0.334	0.008	0.061
stools_11045150	0	Esch_coli_EC2.fa.gz	49867	49848	13045	0.214	2.169	0.452	0.754	0.589	1.039	0.057	0.043	0.054	0.056
stools_11046101	0	Esch_coli_FDAARGOS_1276.fa.gz	49679	49541	153330	0.972	845.016	810.058	0.711	0.972	0.677	28.918	43.869	0.442	0.653
stools_11046101	1	Esch_coli_LH09-a.fa.gz	45993	18861	105178	0.944	456.385	424.626	0.491	0.944	0.545	11.177	8.763	0.225	0.413
stools_11046101	2	Esch_coli_FDAARGOS_1259.fa.gz	49040	18458	87369	0.896	92.585	81.502	0.182	0.896	0.858	1.743	1.650	0.112	0.131
stools_11046101	3	Esch_coli_BR1220.fa.gz	49276	10681	70837	0.784	144.326	110.615	0.175	0.784	1.248	4.459	1.304	0.068	0.085
stools_11046101	4	Esch_coli_str_TO60.fa.gz	49207	9402	62460	0.762	80.850	58.590	0.102	0.762	0.338	0.929	0.624	0.015	0.045
stools_11046101	5	Esch_coli_A8.fa.gz	48546	5542	55298	0.546	335.333	174.710	0.199	0.546	0.639	14.493	1.094	0.021	0.032
stools_11046150	0	Esch_coli_STEC299.fa.gz	47757	47742	13319	0.182	2.184	0.388	0.615	0.567	1.085	0.034	0.021	0.033	0.036
stools_11047101	0	Esch_coli_S50.fa.gz	46646	46584	71099	0.968	71.562	67.894	0.850	0.968	0.850	1.579	2.529	0.655	0.771
stools_11047101	1	Esch_coli_LD91-1.fa.gz	46577	5504	25994	0.675	39.613	26.459	0.258	0.675	0.485	0.680	0.115	0.038	0.079
stools_11047101	2	Esch_coli_2017_04_03CC.fa.gz	44500	10775	22277	0.595	8.934	5.229	0.135	0.598	0.352	0.718	0.045	0.010	0.029
stools_11047150	0	Esch_coli_FORC_041.fa.gz	47790	47746	60363	0.840	6.828	5.665	0.689	0.843	0.894	0.091	0.259	0.368	0.412
stools_11047150	1	Esch_coli_SCU-104.fa.gz	49924	16145	20247	0.529	6.736	3.281	0.466	0.550	2.726	0.286	0.054	0.027	0.074
stools_11048101	0	Esch_coli_2017_11_01CC.fa.gz	46241	46227	28455	0.553	2.996	1.630	0.883	0.687	0.964	0.070	0.061	0.222	0.230
stools_11048102	0	Esch_coli_AR_0374.fa.gz	47293	47272	56686	0.797	4.946	3.839	0.754	0.815	0.807	1.212	2.315	0.322	0.399
stools_11048102	1	Esch_coli_MB19.fa.gz	46620	12766	19003	0.561	3.592	1.943	0.423	0.655	0.980	1.859	0.320	0.100	0.102
stools_11048150	0	Esch_coli_str_TO6.fa.gz	47167	47133	51534	0.770	5.315	4.002	0.764	0.785	0.940	0.187	0.162	0.341	0.363
stools_11048150	1	Esch_coli_STEC299.fa.gz	47757	24033	15221	0.284	3.010	0.831	0.345	0.503	0.917	0.025	0.017	0.023	0.025
stools_11049101	0	Esch_coli_N18-04097.fa.gz	46481	46415	69987	0.910	9.606	8.595	0.724	0.911	0.906	0.132	0.479	0.495	0.547
stools_11049101	1	Esch_coli_S50.fa.gz	46646	14165	27730	0.697	4.888	3.282	0.312	0.725	0.890	0.167	0.057	0.102	0.114
stools_11049101	2	Esch_coli_U1.fa.gz	51721	21061	17850	0.387	3.934	1.481	0.301	0.501	0.956	0.104	0.038	0.028	0.029
stools_11049101	3	Esch_coli_G6_7.fa.gz	50857	6299	9698	0.394	9.906	3.467	0.331	0.407	1.222	0.259	0.029	0.018	0.022
stools_11049150	0	Esch_coli_G4_9.fa.gz	45836	45790	72277	0.916	8.448	7.625	0.734	0.916	0.842	0.176	0.381	0.475	0.564
stools_11049150	1	Esch_coli_VCSW8.fa.gz	46034	12703	30351	0.761	4.536	3.420	0.342	0.787	0.798	0.127	0.047	0.129	0.161
stools_11049150	2	Esch_coli_SCU-104.fa.gz	49924	7703	20686	0.423	4.238	1.530	0.164	0.540	0.751	0.217	0.015	0.015	0.020
stools_11049501	0	Esch_coli_N18-04097.fa.gz	46481	46423	68598	0.910	9.558	8.534	0.734	0.910	0.917	0.154	0.503	0.507	0.552
stools_11049501	1	Esch_coli_S50.fa.gz	46646	14165	26374	0.633	4.410	2.687	0.270	0.679	0.817	0.130	0.049	0.065	0.079
stools_11049501	2	Esch_coli_U1.fa.gz	51721	21066	17407	0.379	3.938	1.453	0.295	0.495	0.953	0.106	0.039	0.026	0.027
stools_11049501	3	Esch_coli_G6_7.fa.gz	50857	6296	9414	0.392	10.521	3.660	0.345	0.402	1.183	0.296	0.032	0.018	0.022
stools_11050101	0	Esch_coli_TUM20902.fa.gz	48117	48048	105652	0.938	1037.569	960.820	0.748	0.938	0.871	39.914	40.186	0.538	0.618
stools_11050101	1	Esch_coli_str_TO60.fa.gz	49207	24217	60571	0.955	303.686	282.914	0.445	0.955	0.805	13.824	6.034	0.312	0.388
stools_11051101	0	Esch_coli_LD22-1.fa.gz	46889	46837	88774	0.941	10.613	9.861	0.703	0.941	0.735	0.542	0.938	0.431	0.586
stools_11051101	1	Esch_coli_EcPF16.fa.gz	45542	13407	44695	0.793	6.217	4.746	0.334	0.800	0.585	0.477	0.132	0.099	0.169
stools_11051101	2	Esch_coli_PS10-3.fa.gz	47810	13868	34068	0.526	4.698	2.456	0.260	0.575	0.889	0.316	0.069	0.040	0.045
stools_11051150	0	Esch_coli_2273-PO3.fa.gz	48222	48090	111453	0.979	83.335	79.677	0.746	0.979	0.269	0.785	3.736	0.188	0.699
stools_11051150	1	Esch_coli_LD22-1.fa.gz	46889	13755	64390	0.918	46.284	41.607	0.437	0.918	0.684	0.946	0.557	0.231	0.338
stools_11051150	2	Esch_coli_EcPF16.fa.gz	45542	7575	51766	0.879	35.913	31.160	0.318	0.879	0.586	0.951	0.228	0.127	0.216
stools_11051150	3	Esch_coli_f9610206-5e81-11e8-bf7f-3c4a9275d6c8.fa.gz	49059	9267	45106	0.712	22.086	15.203	0.284	0.712	0.975	1.737	0.139	0.100	0.103
stools_11051150	4	Esch_coli_S43.fa.gz	48973	6186	38509	0.607	16.153	9.533	0.165	0.607	1.533	0.416	0.058	0.024	0.037
stools_11051150	5	Esch_coli_A29.fa.gz	46049	3289	34753	0.704	11.188	7.821	0.085	0.704	0.688	0.175	0.025	0.020	0.030
stools_11051501	0	Esch_coli_LD22-1.fa.gz	46889	46810	106480	0.972	55.296	53.113	0.739	0.972	0.674	0.474	2.377	0.458	0.679
stools_11051501	1	Esch_coli_2273-PO3.fa.gz	48222	15041	60982	0.911	27.209	23.070	0.420	0.911	0.478	1.096	0.352	0.152	0.318
stools_11051501	2	Esch_coli_EcPF16.fa.gz	45542	7575	47280	0.851	18.117	15.210	0.227	0.851	0.492	0.298	0.110	0.069	0.140
stools_11051501	3	Esch_coli_f9610206-5e81-11e8-bf7f-3c4a9275d6c8.fa.gz	49059	9267	40836	0.691	20.384	13.610	0.328	0.691	0.963	1.205	0.123	0.104	0.108
stools_11051501	4	Esch_coli_A27.fa.gz	46980	4650	34437	0.604	11.608	6.861	0.122	0.605	2.002	0.142	0.031	0.013	0.027
stools_11052101	0	Esch_coli_CFSAN061761.fa.gz	48918	48852	95843	0.947	232.079	216.248	0.775	0.947	0.713	5.253	6.251	0.469	0.658
stools_11052101	1	Esch_coli_NC101.fa.gz	49648	25968	49590	0.944	94.489	88.291	0.743	0.944	0.933	2.811	1.348	0.582	0.624
stools_11052150	0	Esch_coli_STEC299.fa.gz	47757	47712	75361	0.785	5.808	4.461	0.615	0.795	0.760	0.252	0.271	0.232	0.305
stools_11052150	1	Esch_coli_G6_7.fa.gz	50857	26849	37889	0.519	3.907	1.915	0.400	0.609	1.099	0.189	0.068	0.070	0.077
stools_11053101	0	Esch_coli_14EC033.fa.gz	45189	45137	83969	0.957	104.951	99.421	0.707	0.957	0.697	3.764	3.654	0.432	0.619
stools_11053101	1	Esch_coli_Trh52.fa.gz	47049	23790	40786	0.903	51.406	46.004	0.587	0.903	0.942	1.406	0.890	0.407	0.432
stools_11053150	0	Esch_coli_A23.fa.gz	44064	44010	81293	0.973	196.109	189.125	0.697	0.973	0.446	2.132	7.521	0.286	0.641
stools_11053150	1	Esch_coli_EC15.fa.gz	48384	16306	38480	0.809	157.444	124.561	0.568	0.809	3.464	5.813	1.860	0.087	0.300
stools_11053150	2	Esch_coli_EA7.fa.gz	44692	6571	25294	0.622	35.679	21.571	0.092	0.622	1.123	2.850	0.131	0.020	0.022
stools_11053501	0	Esch_coli_30COLEC.fa.gz	45626	45577	64088	0.909	82.782	74.087	0.830	0.909	1.003	3.278	2.719	0.622	0.624
stools_11054101	0	Esch_coli_14EC007.fa.gz	48636	48604	39021	0.650	3.838	2.404	0.799	0.714	0.922	0.192	0.154	0.244	0.265
stools_11054102	0	Esch_coli_E110019.fa.gz	49827	49758	93335	0.966	19.325	17.961	0.761	0.966	0.516	0.765	1.214	0.354	0.686
stools_11054102	1	Esch_coli_S1.fa.gz	45912	13417	45250	0.871	11.536	9.921	0.461	0.871	0.878	0.613	0.176	0.267	0.304
stools_11054102	2	Esch_coli_1190.fa.gz	48261	17991	33566	0.657	4.410	2.861	0.331	0.697	0.895	0.218	0.068	0.095	0.106
stools_11054150	0	Esch_coli_Eco-15.fa.gz	47000	46984	38076	0.536	2.882	1.523	0.686	0.685	0.857	0.078	0.141	0.148	0.172
stools_11054150	1	Esch_coli_AR_0114.fa.gz	46809	23195	12914	0.320	2.401	0.752	0.537	0.605	0.930	0.127	0.035	0.059	0.063
stools_11055150	0	Esch_coli_Res13-Sevr-PER07-33.fa.gz	49217	49191	35090	0.521	3.097	1.591	0.762	0.654	0.894	0.124	0.095	0.152	0.170
stools_11104101	0	Esch_coli_FDAARGOS_348.fa.gz	50818	50763	54179	0.739	4.905	3.520	0.742	0.761	0.804	0.438	0.454	0.255	0.317
stools_11104101	1	Esch_coli_C4.fa.gz	49009	22398	16683	0.423	3.691	1.534	0.547	0.540	0.995	0.174	0.086	0.067	0.067
stools_11104150	0	Esch_coli_SCU-104.fa.gz	49924	49915	9223	0.148	2.445	0.344	0.640	0.507	0.814	0.027	0.017	0.020	0.024
stools_11104501	0	Esch_coli_EcPF14.fa.gz	50028	50012	28693	0.410	2.936	1.176	0.724	0.593	0.892	0.070	0.050	0.093	0.104
stools_11106501	0	Esch_coli_A29.fa.gz	46049	46008	76171	0.871	8.517	7.323	0.679	0.872	0.744	0.189	0.270	0.334	0.450
stools_11106501	1	Esch_coli_S50.fa.gz	46646	14338	36090	0.641	5.311	3.250	0.303	0.667	0.988	0.117	0.039	0.086	0.087
stools_11106501	2	Esch_coli_SCU-111.fa.gz	47199	20882	26894	0.462	4.033	1.824	0.347	0.551	0.918	0.092	0.031	0.045	0.049
stools_11107101	0	Esch_coli_14EC007.fa.gz	48636	48623	14353	0.222	2.490	0.529	0.699	0.540	0.929	0.029	0.020	0.042	0.045
stools_11107150	0	Esch_coli_N18-04097.fa.gz	46481	46464	20955	0.370	2.904	1.048	0.772	0.570	0.980	0.050	0.038	0.091	0.093
stools_11107501	0	Esch_coli_NCTC9087.fa.gz	45206	45188	44971	0.806	5.047	4.014	0.803	0.821	0.995	0.083	0.254	0.434	0.436
stools_11107501	1	Esch_coli_G6_7.fa.gz	50857	10041	8546	0.342	5.539	1.646	0.422	0.424	1.143	0.234	0.026	0.023	0.026
stools_11108150	0	Esch_coli_Quinolone_resistant.fa.gz	44803	44751	76442	0.901	8.700	7.755	0.702	0.901	0.892	0.154	0.252	0.458	0.514
stools_11108150	1	Esch_coli_EcPF16.fa.gz	45542	10421	36126	0.620	5.255	3.124	0.228	0.648	0.701	0.122	0.024	0.042	0.059
stools_11108150	2	Esch_coli_FDAARGOS_1289.fa.gz	50469	21926	29668	0.437	3.788	1.606	0.316	0.547	0.864	0.083	0.026	0.036	0.041
stools_11108501	0	Esch_coli_A13.fa.gz	45864	45823	63111	0.725	5.741	4.148	0.591	0.737	0.894	0.153	0.156	0.208	0.233
stools_11108501	1	Esch_coli_BEC1-S17-ESBL-09.fa.gz	49682	25245	29871	0.430	3.878	1.607	0.319	0.538	0.827	0.110	0.034	0.033	0.040
stools_11109101	0	Esch_coli_C4.fa.gz	49009	48974	63365	0.811	349.957	280.363	0.746	0.811	0.908	6.729	10.752	0.362	0.398
stools_11109101	1	Esch_coli_EC-1639.fa.gz	49632	11660	23627	0.395	345.422	134.074	0.336	0.395	0.907	7.687	1.231	0.019	0.021
stools_11109150	0	Esch_coli_WP8-S18-ESBL-07.fa.gz	47916	47864	65157	0.920	8.984	8.108	0.768	0.921	0.868	0.340	0.346	0.520	0.599
stools_11109150	1	Esch_coli_88-3493.fa.gz	48886	21617	21109	0.366	3.976	1.423	0.263	0.482	0.898	0.110	0.027	0.020	0.022
stools_11109501	0	Esch_coli_D217-5.fa.gz	46849	46822	59179	0.787	5.228	4.048	0.741	0.801	0.853	0.115	0.196	0.319	0.373
stools_11109501	1	Esch_coli_L725.fa.gz	47617	9198	22350	0.454	3.559	1.586	0.221	0.571	0.819	0.082	0.015	0.027	0.033
stools_11109501	2	Esch_coli_RM14723.fa.gz	46674	21338	18174	0.277	2.911	0.789	0.327	0.507	0.922	0.068	0.018	0.021	0.023
stools_11110101	0	Esch_coli_MB19.fa.gz	46620	46604	9557	0.169	2.479	0.408	0.735	0.503	0.936	0.027	0.020	0.029	0.031
stools_11112101	0	Esch_coli_EcPF15.fa.gz	47184	47173	15254	0.230	2.555	0.579	0.638	0.523	0.962	0.037	0.023	0.039	0.040
stools_11112150	0	Esch_coli_FDAARGOS_1249.fa.gz	48537	48519	12786	0.155	2.548	0.382	0.543	0.489	0.917	0.038	0.020	0.019	0.020
stools_11112501	0	Esch_coli_LH13-b.fa.gz	45417	45388	29202	0.515	3.083	1.567	0.807	0.651	0.921	0.094	0.076	0.162	0.176
stools_11113501	0	Esch_coli_NCTC10973.fa.gz	45616	45595	17905	0.313	2.753	0.849	0.764	0.547	0.981	0.058	0.045	0.070	0.072
stools_12057501	0	Esch_coli_IDR1900005638-01-02.fa.gz	46294	46241	69354	0.928	9.860	9.060	0.759	0.928	0.851	0.388	0.453	0.517	0.607
stools_12057501	1	Esch_coli_AR_0069.fa.gz	45888	9758	26435	0.585	5.390	3.113	0.229	0.612	0.765	0.209	0.033	0.038	0.050
stools_12058101	0	Esch_coli_Z0117EC0056.fa.gz	50477	50403	92935	0.963	61.145	57.969	0.822	0.963	0.890	1.955	2.794	0.654	0.734
stools_12058101	1	Esch_coli_CE10.fa.gz	51351	20990	44384	0.928	15.523	13.977	0.469	0.928	0.809	1.206	0.285	0.304	0.375
stools_12058101	2	Esch_coli_H3.fa.gz	47946	15959	24900	0.518	7.907	4.013	0.191	0.527	0.932	0.240	0.062	0.026	0.028
stools_12058150	0	Esch_coli_NCTC9087.fa.gz	45206	45189	36655	0.648	3.780	2.417	0.774	0.712	0.982	0.029	0.091	0.250	0.254
stools_12058150	1	Esch_coli_G6_7.fa.gz	50857	10043	7356	0.329	4.639	1.322	0.475	0.449	1.236	0.089	0.013	0.025	0.031
stools_12058501	0	Esch_coli_DLI_6n.fa.gz	48024	48010	18731	0.291	2.533	0.710	0.726	0.573	0.953	0.062	0.045	0.066	0.070
stools_12059101	0	Esch_coli_SC476.fa.gz	46786	46728	68291	0.917	152.535	138.939	0.794	0.917	0.951	3.096	7.073	0.583	0.613
stools_12059101	1	Esch_coli_55989.fa.gz	49946	11271	25431	0.391	153.024	57.368	0.398	0.391	1.108	5.808	0.729	0.021	0.024
stools_12059150	0	Esch_coli_Res13-Lact-PEB17-18.fa.gz	48587	48537	31475	0.379	2.830	1.048	0.566	0.583	0.844	0.096	0.054	0.062	0.073
stools_12060150	0	Esch_coli_1190.fa.gz	48261	48237	55343	0.839	5.861	4.858	0.770	0.846	0.922	0.187	0.237	0.426	0.462
stools_12060150	1	Esch_coli_NCTC86EC.fa.gz	49537	22471	14869	0.301	3.886	1.113	0.371	0.448	1.270	0.120	0.026	0.018	0.022
stools_12060501	0	Esch_coli_NCTC9087.fa.gz	45206	45183	45134	0.582	3.438	1.973	0.624	0.676	0.937	0.095	0.105	0.155	0.166
stools_12060501	1	Esch_coli_STEC299.fa.gz	47757	24462	18850	0.317	2.701	0.823	0.385	0.564	0.964	0.072	0.024	0.037	0.039
stools_12061101	0	Esch_coli_MB19.fa.gz	46620	46589	36207	0.580	3.591	2.037	0.763	0.667	0.861	0.109	0.083	0.169	0.197
stools_12061150	0	Esch_coli_NCTC9080.fa.gz	46384	46364	34459	0.568	3.083	1.726	0.769	0.690	0.986	0.199	0.153	0.205	0.208
stools_12062101	0	Esch_coli_RIVM_C029020.fa.gz	51218	51186	63370	0.890	6.221	5.406	0.801	0.894	0.883	0.245	0.277	0.503	0.570
stools_12062101	1	Esch_coli_NCTC9087.fa.gz	45206	18444	17813	0.487	3.043	1.471	0.388	0.633	0.935	0.101	0.027	0.071	0.076
stools_12062501	0	Esch_coli_Quinolone_resistant.fa.gz	44803	44783	53491	0.619	3.989	2.431	0.589	0.679	0.928	0.076	0.076	0.156	0.168
stools_12062501	1	Esch_coli_SCU-105.fa.gz	50553	24377	25753	0.414	3.179	1.288	0.416	0.572	0.830	0.052	0.022	0.047	0.056
stools_12064101	0	Esch_coli_SCU-172.fa.gz	49745	49720	27847	0.443	3.071	1.311	0.758	0.606	0.964	0.068	0.052	0.119	0.123
stools_12064150	0	Esch_coli_H7.fa.gz	46920	46882	39266	0.599	3.640	2.136	0.671	0.679	0.844	0.065	0.088	0.156	0.185
stools_12064150	1	Esch_coli_NCTC9008.fa.gz	46540	10256	11196	0.346	3.135	1.057	0.222	0.530	1.066	0.066	0.010	0.020	0.022
stools_12064501	0	Esch_coli_IDR1900005638-01-02.fa.gz	46294	46283	11555	0.174	2.371	0.406	0.611	0.520	0.964	0.034	0.021	0.028	0.029
stools_12065101	0	Esch_coli_RIVM_C029020.fa.gz	51218	51184	62881	0.956	13.360	12.498	0.883	0.956	0.915	2.257	5.491	0.707	0.772
stools_12065101	1	Esch_coli_E-1246.fa.gz	52972	5610	13929	0.548	10.999	5.979	0.389	0.550	0.798	3.963	0.284	0.052	0.065
stools_12065150	0	Esch_coli_Quinolone_resistant.fa.gz	44803	44783	38899	0.675	3.947	2.619	0.773	0.728	0.975	0.141	0.109	0.270	0.276
stools_12066101	0	Esch_coli_142_GCF_010365385.1.fa.gz	49570	49498	79209	0.983	20.825	20.174	0.754	0.983	0.733	0.449	0.789	0.525	0.717
stools_12066101	1	Esch_coli_HS30-1.fa.gz	43127	17566	30546	0.778	10.492	8.055	0.435	0.779	0.914	0.597	0.112	0.188	0.205
stools_12066150	0	Esch_coli_142_GCF_010365385.1.fa.gz	49570	49560	27348	0.454	3.694	1.642	0.823	0.563	0.954	0.084	0.069	0.113	0.118
stools_12066501	0	Esch_coli_ampC_0069.fa.gz	49546	49490	87349	0.988	289.789	282.839	0.858	0.988	0.851	9.697	19.779	0.704	0.828
stools_12066501	1	Esch_coli_53.fa.gz	47777	20945	38437	0.943	55.466	51.301	0.465	0.943	0.801	4.896	1.528	0.312	0.390
stools_12066501	2	Esch_coli_142_GCF_010365385.1.fa.gz	49570	2347	18691	0.810	78.891	61.953	0.119	0.810	0.525	1.701	0.209	0.033	0.063
stools_12066501	3	Esch_coli_FDAARGOS_497.fa.gz	51316	3170	16789	0.541	163.508	87.661	0.253	0.541	0.700	6.771	0.391	0.028	0.040
stools_12067101	0	Esch_coli_FORC_041.fa.gz	47790	47775	10951	0.187	2.320	0.427	0.710	0.538	1.073	0.044	0.031	0.036	0.038
stools_12067150	0	Esch_coli_NCTC11023.fa.gz	45959	45903	83221	0.944	20.124	18.726	0.793	0.944	0.779	0.573	0.679	0.519	0.666
stools_12067150	1	Esch_coli_Eco-15.fa.gz	47000	23616	39911	0.715	4.569	3.222	0.339	0.744	0.804	0.121	0.060	0.108	0.134
stools_12067150	2	Esch_coli_JL05.fa.gz	46571	10333	23030	0.533	6.409	3.356	0.234	0.552	1.142	0.161	0.027	0.033	0.038
stools_12068102	0	Esch_coli_Quinolone_resistant.fa.gz	44803	44743	67632	0.816	6.255	5.051	0.633	0.821	0.904	0.374	0.333	0.315	0.349
stools_12068102	1	Esch_coli_STEC299.fa.gz	47757	24555	31117	0.545	4.247	2.253	0.430	0.609	0.922	0.152	0.083	0.080	0.087
stools_12068150	0	Esch_coli_Quinolone_resistant.fa.gz	44803	44746	74031	0.944	12.559	11.714	0.733	0.944	0.948	0.566	0.565	0.584	0.617
stools_12068150	1	Esch_coli_FDAARGOS_348.fa.gz	50818	17753	31794	0.451	7.870	3.362	0.326	0.467	1.261	0.205	0.067	0.025	0.032
stools_12069101	0	Esch_coli_1190.fa.gz	48261	48216	81835	0.929	38.380	35.311	0.739	0.929	0.762	1.194	1.669	0.451	0.593
stools_12069101	1	Esch_coli_AH62.fa.gz	47125	20303	37044	0.775	16.831	12.886	0.436	0.775	1.021	0.741	0.257	0.199	0.203
stools_12069101	2	Esch_coli_NCTC9082.fa.gz	48890	10984	21313	0.476	15.896	7.319	0.243	0.476	1.759	0.323	0.081	0.015	0.026
stools_12069150	0	Esch_coli_ampC_0069.fa.gz	49546	49495	81816	0.962	21.399	20.314	0.699	0.962	0.659	0.220	0.940	0.410	0.623
stools_12069150	1	Esch_coli_103605.fa.gz	48773	21793	34198	0.832	14.280	11.195	0.591	0.832	0.840	0.447	0.239	0.286	0.341
stools_12069150	2	Esch_coli_MS14386.fa.gz	47646	7833	16059	0.695	6.086	4.117	0.185	0.707	0.908	0.272	0.031	0.058	0.064
stools_12069150	3	Esch_coli_FDAARGOS_497.fa.gz	51316	3324	10614	0.583	14.570	8.425	0.193	0.583	0.902	0.405	0.026	0.034	0.038
stools_12070101	0	Esch_coli_CFSAN061761.fa.gz	48918	48846	102738	0.970	68.523	65.435	0.740	0.970	0.668	1.495	2.320	0.452	0.677
stools_12070101	1	Esch_coli_UPEC-774U_190308.fa.gz	49071	23569	55337	0.969	19.590	18.773	0.393	0.969	0.581	0.304	0.320	0.208	0.357
stools_12070101	2	Esch_coli_1190.fa.gz	48261	16127	32501	0.811	27.713	22.183	0.525	0.811	0.968	1.092	0.259	0.271	0.280
stools_12070101	3	Esch_coli_382634_2f.fa.gz	46453	8057	19421	0.836	7.646	6.342	0.157	0.837	0.796	0.241	0.037	0.073	0.092
stools_12070150	0	Esch_coli_FDAARGOS_1289.fa.gz	50469	50401	91781	0.911	9.171	8.192	0.673	0.911	0.653	0.308	0.582	0.332	0.509
stools_12070150	1	Esch_coli_UPEC-774U_190308.fa.gz	49071	22998	45875	0.789	4.723	3.691	0.419	0.810	0.742	0.185	0.119	0.161	0.217
stools_12070150	2	Esch_coli_KSC1031.fa.gz	46049	14684	27720	0.755	4.042	2.976	0.378	0.796	0.822	0.275	0.062	0.148	0.181
stools_12070150	3	Esch_coli_142_GCF_010365385.1.fa.gz	49570	11409	16630	0.427	3.069	1.296	0.203	0.588	0.869	0.097	0.021	0.026	0.030
stools_12070501	0	Esch_coli_FDAARGOS_1289.fa.gz	50469	50407	96471	0.925	11.968	10.847	0.668	0.925	0.639	0.258	0.491	0.337	0.528
stools_12070501	1	Esch_coli_UPEC-774U_190308.fa.gz	49071	22995	49864	0.842	6.028	5.030	0.421	0.848	0.733	0.160	0.103	0.187	0.255
stools_12070501	2	Esch_coli_KSC1031.fa.gz	46049	14684	30493	0.804	5.089	3.988	0.375	0.819	0.835	0.238	0.053	0.169	0.202
stools_12070501	3	Esch_coli_142_GCF_010365385.1.fa.gz	49570	11408	18691	0.482	3.727	1.777	0.204	0.580	0.860	0.079	0.018	0.029	0.033
stools_12071150	0	Esch_coli_BE2-5.fa.gz	45963	45937	55666	0.952	11.534	10.839	0.889	0.952	0.929	0.392	0.479	0.711	0.766
stools_12071150	1	Esch_coli_CPww7.fa.gz	47344	13977	11953	0.476	3.658	1.659	0.386	0.588	0.854	0.147	0.023	0.054	0.064
stools_12072101	0	Esch_coli_NCTC9087.fa.gz	45206	45157	106894	0.974	27.040	26.073	0.686	0.974	0.681	0.207	1.173	0.431	0.634
stools_12072101	1	Esch_coli_A13.fa.gz	45864	22606	62918	0.761	11.332	8.600	0.358	0.761	0.816	0.353	0.192	0.129	0.158
stools_12072101	2	Esch_coli_H5.fa.gz	47387	8983	45721	0.778	11.329	8.603	0.227	0.778	0.598	0.302	0.078	0.064	0.107
stools_12072101	3	Esch_coli_3359.fa.gz	46942	5633	38730	0.595	10.977	6.082	0.136	0.596	0.525	0.509	0.036	0.015	0.029
stools_12072101	4	Esch_coli_EcPF16.fa.gz	45542	4931	35380	0.613	7.422	4.460	0.096	0.620	0.829	0.338	0.022	0.019	0.023
stools_12073101	0	Esch_coli_ECO2947.fa.gz	47574	47490	77105	0.931	149.165	136.576	0.830	0.931	0.959	5.451	4.876	0.643	0.670
stools_12073101	1	Esch_coli_str_TO60.fa.gz	49207	25345	32883	0.809	17.431	13.736	0.264	0.809	0.519	0.426	0.264	0.072	0.139
stools_12073150	0	Esch_coli_ECO2947.fa.gz	47574	47544	52401	0.799	5.342	4.170	0.750	0.812	0.940	0.314	0.235	0.372	0.396
stools_12074150	0	Esch_coli_Nissle_1917.fa.gz	49570	49524	73871	0.883	6.784	5.897	0.694	0.886	0.760	0.076	0.248	0.366	0.481
stools_12074150	1	Esch_coli_FDAARGOS_1249.fa.gz	48537	23992	30131	0.740	4.267	3.051	0.580	0.777	0.802	0.193	0.063	0.208	0.260
stools_12074150	2	Esch_coli_NMBU-W12E19.fa.gz	49731	7119	12365	0.519	3.663	1.718	0.247	0.633	0.938	0.089	0.011	0.048	0.051
stools_12074501	0	Esch_coli_S50.fa.gz	46646	46577	68534	0.907	7.721	6.852	0.702	0.908	0.680	0.246	0.394	0.357	0.525
stools_12074501	1	Esch_coli_Res13-Sevr-PER07-33.fa.gz	49217	19961	26298	0.750	5.605	4.140	0.606	0.762	0.911	0.316	0.101	0.241	0.264
stools_12075101	0	Esch_coli_SCU-104.fa.gz	49924	49886	50209	0.852	7.852	6.419	0.866	0.853	0.925	0.599	0.519	0.497	0.537
stools_12075150	0	Esch_albertii_05-3106.fa.gz	46284	46257	23921	0.320	2.620	0.824	0.600	0.570	0.949	0.024	0.035	0.059	0.063
stools_12075150	1	Esch_coli_str_TO6.fa.gz	47167	39929	9107	0.157	2.377	0.365	0.575	0.512	1.096	0.035	0.013	0.022	0.024
stools_12077101	0	Esch_coli_538.fa.gz	46879	46864	16508	0.240	2.461	0.585	0.659	0.542	1.011	0.054	0.036	0.046	0.046
stools_12078101	0	Esch_coli_N18-04097.fa.gz	46481	46450	54958	0.756	4.636	3.426	0.712	0.782	0.936	0.146	0.153	0.308	0.329
stools_12078101	1	Esch_coli_U1.fa.gz	51721	24559	19826	0.408	3.003	1.191	0.457	0.587	0.952	0.068	0.028	0.061	0.064
stools_12078150	0	Esch_coli_VR50.fa.gz	48478	48423	61920	0.946	19.839	18.412	0.843	0.946	0.900	0.640	0.620	0.643	0.714
stools_12078150	1	Esch_coli_CFSAN029787.fa.gz	47653	14226	16091	0.513	4.713	2.248	0.203	0.574	0.737	0.095	0.023	0.025	0.034
stools_12079101	0	Esch_coli_AR_0374.fa.gz	47293	47244	72927	0.962	28.656	26.888	0.835	0.962	0.782	0.574	1.039	0.581	0.743
stools_12079101	1	Esch_coli_OSUCMP42NDM.fa.gz	47339	9371	27496	0.701	11.903	8.121	0.304	0.701	0.775	0.450	0.062	0.081	0.105
stools_12079101	2	Esch_coli_A29.fa.gz	46049	9691	20929	0.608	5.930	3.585	0.195	0.625	0.989	0.221	0.028	0.046	0.046
stools_12079150	0	Esch_coli_SCU-105.fa.gz	50553	50539	9691	0.149	2.522	0.369	0.688	0.483	0.941	0.034	0.024	0.023	0.024
stools_12080101	0	Esch_coli_Quinolone_resistant.fa.gz	44803	44779	52651	0.761	4.292	3.217	0.693	0.793	0.927	0.267	0.264	0.307	0.331
stools_12080101	1	Esch_coli_S50.fa.gz	46646	15102	18570	0.545	3.375	1.754	0.428	0.659	1.208	0.114	0.050	0.084	0.102
stools_12080501	0	Esch_coli_Res13-Lact-PEA14-20.fa.gz	47901	47888	13587	0.216	2.026	0.422	0.709	0.628	1.067	0.053	0.038	0.057	0.060
stools_12081101	0	Esch_coli_14EC033.fa.gz	45189	45138	58355	0.958	12.333	11.720	0.859	0.958	0.863	0.474	0.532	0.652	0.756
stools_12081101	1	Esch_coli_CFSAN061761.fa.gz	48918	20046	15103	0.394	4.362	1.675	0.394	0.485	1.386	0.145	0.034	0.026	0.036
stools_12082101	0	Esch_coli_Nissle_1917.fa.gz	49570	49517	102560	0.973	68.596	65.795	0.677	0.973	0.656	2.104	3.998	0.409	0.623
stools_12082101	1	Esch_coli_JE86-ST02.fa.gz	50374	25809	54379	0.905	42.672	36.175	0.631	0.905	0.764	2.066	1.206	0.357	0.468
stools_12082101	2	Esch_coli_DLI_5a.fa.gz	48277	10992	31027	0.853	19.570	16.311	0.315	0.853	0.728	1.738	0.222	0.142	0.196
stools_12083101	0	Esch_coli_61.fa.gz	46292	46272	50060	0.639	4.393	2.734	0.653	0.683	0.968	0.142	0.129	0.189	0.195
stools_12083101	1	Esch_coli_DE17.fa.gz	48345	24706	20492	0.375	3.224	1.181	0.433	0.540	0.935	0.056	0.030	0.044	0.047
stools_12083150	0	Esch_coli_DE17.fa.gz	48345	48332	24419	0.402	2.736	1.078	0.788	0.610	0.949	0.077	0.061	0.112	0.118
stools_12084101	0	Esch_coli_Eco-15.fa.gz	47000	46910	102401	0.999	47.559	47.169	0.752	0.999	0.722	1.395	1.737	0.541	0.749
stools_12084101	1	Esch_coli_NCTC9087.fa.gz	45206	21605	55542	0.927	18.380	16.799	0.500	0.927	0.796	0.373	0.287	0.317	0.398
stools_12084101	2	Esch_coli_3359.fa.gz	46942	6070	35520	0.569	15.659	8.587	0.147	0.569	0.922	0.542	0.042	0.025	0.027
stools_12084102	0	Esch_coli_Nissle_1917.fa.gz	49570	49498	112708	0.978	272.338	262.961	0.775	0.978	0.712	7.680	13.065	0.517	0.726
stools_12084102	1	Esch_coli_EcPF7.fa.gz	49054	14324	64276	0.954	98.977	92.528	0.354	0.954	0.711	3.788	1.340	0.219	0.307
stools_12084102	2	Esch_coli_NCTC9087.fa.gz	45206	18910	50604	0.902	68.272	60.849	0.471	0.902	0.957	4.150	1.154	0.331	0.346
stools_12084102	3	Esch_coli_Eco-15.fa.gz	47000	2227	33544	0.976	42.854	41.517	0.071	0.976	0.401	1.239	0.092	0.026	0.066
stools_12085101	0	Esch_coli_RM14721.fa.gz	44740	44723	14040	0.241	2.559	0.601	0.707	0.533	1.024	0.069	0.048	0.047	0.048
stools_12085150	0	Esch_coli_STEC299.fa.gz	47757	47738	61587	0.837	9.399	7.674	0.753	0.838	0.921	0.288	0.444	0.408	0.442
stools_12085150	1	Esch_coli_G6_7.fa.gz	50857	26857	21621	0.431	5.123	2.077	0.483	0.493	1.719	0.301	0.070	0.029	0.051
stools_12086501	0	Esch_coli_BEC1-S17-ESBL-07.fa.gz	45888	45854	53449	0.913	6.375	5.745	0.836	0.916	0.930	0.293	0.245	0.595	0.640
stools_12086502	0	Esch_coli_EcPF15.fa.gz	47184	47144	41965	0.624	4.044	2.495	0.694	0.680	0.826	0.139	0.097	0.166	0.201
stools_12087150	0	Esch_coli_SCU-104.fa.gz	49924	49911	13953	0.217	2.393	0.495	0.713	0.555	0.872	0.032	0.023	0.041	0.048
stools_12087501	0	Esch_coli_Quinolone_resistant.fa.gz	44803	44737	72613	0.875	6.752	5.851	0.668	0.878	0.917	0.071	0.272	0.413	0.450
stools_12087501	1	Esch_coli_A35.fa.gz	46947	14029	33456	0.529	3.626	1.886	0.204	0.624	0.825	0.092	0.028	0.035	0.042
stools_12087501	2	Esch_coli_EC2.fa.gz	49867	7701	26031	0.510	5.558	2.660	0.209	0.549	0.913	0.245	0.022	0.029	0.032
stools_12088150	0	Esch_coli_FDAARGOS_1249.fa.gz	48537	48469	48381	0.909	5.423	4.844	0.896	0.916	0.880	0.396	0.354	0.602	0.684
stools_12088501	0	Esch_coli_STEC299.fa.gz	47757	47718	66007	0.857	12.155	10.192	0.743	0.858	0.905	0.403	0.530	0.424	0.469
stools_12088501	1	Esch_coli_FDAARGOS_1249.fa.gz	48537	24296	25090	0.468	4.128	1.837	0.273	0.556	0.818	0.309	0.050	0.032	0.040
stools_12089102	0	Esch_coli_IDR1900005638-01-02.fa.gz	46294	46278	20526	0.347	2.664	0.912	0.743	0.580	0.937	0.058	0.043	0.081	0.087
stools_12089150	0	Esch_coli_IDR1900005638-01-02.fa.gz	46294	46274	45985	0.808	5.108	4.074	0.803	0.822	0.967	0.297	0.238	0.424	0.439
stools_12090101	0	Esch_coli_VR50.fa.gz	48478	48427	60657	0.852	6.314	5.264	0.740	0.856	0.754	0.291	0.366	0.348	0.462
stools_12090101	1	Esch_coli_NCTC9082.fa.gz	48890	14821	19420	0.604	4.614	2.696	0.452	0.647	1.042	0.204	0.058	0.110	0.114
stools_12090150	0	Esch_coli_ATCC_8739.fa.gz	46447	46398	54005	0.930	110.791	101.586	0.913	0.930	0.960	5.258	4.799	0.705	0.734
stools_12090501	0	Esch_coli_WP8-S18-ESBL-07.fa.gz	47916	47844	98003	0.969	17.810	16.938	0.649	0.969	0.505	0.512	0.883	0.298	0.591
stools_12090501	1	Esch_coli_CX07.fa.gz	47764	21545	51646	0.866	13.913	11.589	0.583	0.866	0.684	0.553	0.278	0.259	0.379
stools_12090501	2	Esch_coli_13C1079T.fa.gz	46468	9979	32978	0.624	5.697	3.448	0.191	0.644	1.091	0.295	0.038	0.045	0.049
stools_12091150	0	Esch_coli_88-3493.fa.gz	48886	48864	28090	0.401	2.936	1.155	0.682	0.586	0.898	0.031	0.021	0.084	0.094
stools_12091501	0	Esch_coli_G6_7.fa.gz	50857	50840	12514	0.216	2.329	0.482	0.813	0.565	0.875	0.033	0.027	0.049	0.056
stools_12092101	0	Esch_coli_AR_0061.fa.gz	45120	45054	94013	0.883	8.037	7.028	0.585	0.884	0.762	0.296	0.373	0.308	0.404
stools_12092101	1	Esch_coli_RIVM_C019217.fa.gz	51128	24431	54226	0.716	4.499	3.137	0.347	0.748	0.756	0.205	0.092	0.105	0.139
stools_12092101	2	Esch_coli_UMB200201_11.fa.gz	46275	9218	36744	0.557	3.984	2.168	0.138	0.628	0.857	0.137	0.024	0.026	0.030
stools_12092150	0	Esch_coli_UPEC-774U_190308.fa.gz	49071	49026	67693	0.810	5.060	4.048	0.694	0.824	0.740	0.062	0.089	0.283	0.382
stools_12092150	1	Esch_coli_EcPF20.fa.gz	47166	22358	27996	0.536	3.329	1.735	0.450	0.651	0.878	0.066	0.018	0.090	0.102
stools_12092501	0	Esch_coli_G6_7.fa.gz	50857	50805	82038	0.926	14.120	12.621	0.793	0.926	0.812	0.703	0.686	0.511	0.630
stools_12092501	1	Esch_coli_538.fa.gz	46879	23176	34987	0.659	4.827	3.164	0.425	0.688	0.928	0.162	0.076	0.123	0.133
stools_12093101_SM-NA1P5	0	Esch_coli_EcPF15.fa.gz	47184	47151	65022	0.919	6.020	5.464	0.770	0.923	0.848	0.211	0.355	0.511	0.603
stools_12093101_SM-NA1P5	1	Esch_coli_G6_7.fa.gz	50857	24401	21686	0.498	2.926	1.360	0.456	0.670	0.850	0.250	0.048	0.087	0.102
stools_12093101_SM-NAWYG	0	Esch_coli_EcPF15.fa.gz	47184	47143	75806	0.947	11.083	10.380	0.674	0.947	0.629	0.252	0.418	0.361	0.573
stools_12093101_SM-NAWYG	1	Esch_coli_G6_7.fa.gz	50857	24401	31147	0.807	8.116	6.118	0.667	0.808	0.909	0.368	0.135	0.320	0.351
stools_12093150	0	Esch_coli_FDAARGOS_1276.fa.gz	49679	49627	61904	0.746	4.530	3.315	0.667	0.774	0.784	0.241	0.227	0.234	0.299
stools_12093150	1	Esch_coli_IAI1.fa.gz	46087	19048	24867	0.534	3.474	1.825	0.422	0.637	0.977	0.099	0.048	0.089	0.091
stools_12093501	0	Esch_coli_E110019.fa.gz	49827	49810	29247	0.464	3.035	1.344	0.723	0.628	0.958	0.046	0.033	0.127	0.133
stools_12095150	0	Esch_coli_G6_7.fa.gz	50857	50841	21230	0.344	2.798	0.923	0.792	0.571	1.033	0.056	0.045	0.086	0.089
stools_12096101	0	Esch_coli_NCTC9107.fa.gz	46037	46015	26523	0.430	2.963	1.241	0.731	0.605	0.989	0.065	0.047	0.114	0.115
stools_12096150	0	Esch_coli_Quinolone_resistant.fa.gz	44803	44781	34700	0.617	3.435	2.088	0.791	0.704	0.963	0.071	0.110	0.233	0.242
stools_12096150	1	Esch_coli_SCU-104.fa.gz	49924	8165	7081	0.296	3.686	0.925	0.355	0.491	0.877	0.067	0.010	0.022	0.025
stools_12098101	0	Esch_coli_Res13-Lact-EB12-05.fa.gz	46223	46153	80734	0.944	231.823	216.061	0.871	0.944	0.927	10.150	10.364	0.679	0.733
stools_12098101	1	Esch_coli_FDAARGOS_1276.fa.gz	49679	22736	37169	0.635	26.730	16.562	0.258	0.635	0.457	1.747	0.396	0.030	0.066
stools_12098150	0	Esch_coli_NCTC9087.fa.gz	45206	45190	43199	0.724	4.175	2.982	0.773	0.763	0.956	0.074	0.165	0.312	0.326
stools_12098150	1	Esch_coli_G6_7.fa.gz	50857	10042	10474	0.307	4.516	1.202	0.347	0.439	0.998	0.139	0.017	0.021	0.021
stools_12099101	0	Esch_coli_NCTC11023.fa.gz	45959	45902	96530	0.934	12.373	11.403	0.703	0.934	0.673	0.328	0.493	0.386	0.573
stools_12099101	1	Esch_fergusonii_RHB19-C05.fa.gz	45359	35759	53650	0.704	4.432	3.113	0.499	0.737	0.900	0.168	0.104	0.172	0.191
stools_12099101	2	Esch_coli_ST361.fa.gz	46863	9579	28460	0.681	5.977	4.002	0.347	0.693	0.594	0.204	0.036	0.067	0.113
stools_12099150	0	Esch_coli_NCTC11023.fa.gz	45959	45880	117762	0.953	122.081	115.003	0.651	0.953	0.698	2.365	3.664	0.393	0.563
stools_12099150	1	Esch_fergusonii_RHB19-C05.fa.gz	45359	35757	74060	0.896	62.812	56.150	0.704	0.896	0.905	2.126	1.382	0.459	0.507
stools_12099150	2	Esch_coli_Ecol_AZ147.fa.gz	46122	9045	42014	0.801	34.364	27.315	0.294	0.801	0.555	0.552	0.171	0.084	0.151
stools_12099150	3	Esch_coli_ST361.fa.gz	46863	4797	34772	0.596	28.484	16.696	0.136	0.596	0.235	0.585	0.056	0.007	0.029
stools_12099501	0	Esch_coli_NCTC11023.fa.gz	45959	45925	55769	0.688	4.568	3.087	0.674	0.721	0.838	0.196	0.132	0.202	0.241
stools_12100101	0	Esch_coli_NCTC11023.fa.gz	45959	45953	8381	0.143	2.199	0.307	0.654	0.540	1.014	0.016	0.011	0.027	0.027
stools_12100501	0	Esch_coli_S1.fa.gz	45912	45846	91256	0.938	17.332	16.113	0.656	0.938	0.527	0.157	0.584	0.285	0.541
stools_12100501	1	Esch_coli_A13.fa.gz	45864	22930	48251	0.733	9.947	7.275	0.428	0.734	0.886	0.159	0.131	0.150	0.169
stools_12100501	2	Esch_coli_f9610206-5e81-11e8-bf7f-3c4a9275d6c8.fa.gz	49059	13798	31436	0.597	6.940	3.890	0.255	0.609	0.833	0.353	0.045	0.047	0.057
stools_12100501	3	Esch_coli_SCU-104.fa.gz	49924	9452	23204	0.494	7.893	3.409	0.221	0.511	1.016	0.223	0.029	0.028	0.029
stools_12101101	0	Esch_coli_1190.fa.gz	48261	48225	51927	0.905	9.664	8.658	0.836	0.906	0.963	0.898	0.751	0.597	0.621
stools_12103101	0	Esch_coli_G4_9.fa.gz	45836	45820	35298	0.677	3.928	2.612	0.869	0.730	0.949	0.122	0.106	0.297	0.314
stools_12103150	0	Esch_coli_G4_9.fa.gz	45836	45797	55742	0.966	11.487	10.945	0.901	0.966	0.817	0.497	0.448	0.664	0.813
stools_12111101	0	Esch_coli_10.fa.gz	47593	47489	106936	0.988	620.103	603.079	0.920	0.988	0.931	18.681	19.365	0.826	0.887
stools_12111101	1	Esch_coli_190693.fa.gz	50189	22774	60033	0.918	27.951	25.018	0.232	0.918	0.905	2.360	0.389	0.163	0.180
stools_12111102	0	Esch_coli_Quinolone_resistant.fa.gz	44803	44750	73781	0.925	10.460	9.578	0.703	0.925	0.808	0.150	0.410	0.450	0.556
stools_12111102	1	Esch_coli_VCSW8.fa.gz	46034	13052	32403	0.694	7.470	5.132	0.371	0.698	0.805	0.187	0.064	0.101	0.125
stools_12111102	2	Esch_coli_NCTC9008.fa.gz	46540	7193	23345	0.495	5.591	2.682	0.174	0.532	0.791	0.245	0.019	0.019	0.024
stools_12111150	0	Esch_coli_SCU-104.fa.gz	49924	49902	15265	0.201	3.051	0.585	0.551	0.453	0.762	0.048	0.027	0.017	0.023
stools_12114101	0	Esch_coli_BS74R-D.fa.gz	47093	47059	64886	0.885	6.646	5.729	0.784	0.888	0.778	0.235	0.282	0.426	0.548
stools_12114101	1	Esch_coli_FDAARGOS_1291.fa.gz	49068	22268	23232	0.367	2.981	1.056	0.320	0.562	0.945	0.066	0.025	0.035	0.037
stools_12114101	2	Esch_coli_JL05.fa.gz	46571	9516	15067	0.354	2.851	0.992	0.186	0.562	0.990	0.059	0.010	0.021	0.021
stools_12114501	0	Esch_coli_CE10.fa.gz	51351	51273	87897	0.936	10.414	9.553	0.700	0.936	0.577	0.319	0.453	0.331	0.573
stools_12114501	1	Esch_coli_Z0117EC0056.fa.gz	50477	20112	39926	0.805	6.691	5.275	0.507	0.810	0.870	0.206	0.098	0.233	0.267
stools_12114501	2	Esch_coli_STEC409.fa.gz	45580	15150	23726	0.571	4.082	2.282	0.335	0.636	0.946	0.122	0.032	0.073	0.077
stools_12116150	0	Esch_coli_N18-04097.fa.gz	46481	46464	34587	0.559	3.665	1.999	0.761	0.647	0.922	0.072	0.079	0.164	0.178
stools_12116150	1	Esch_coli_AR_0374.fa.gz	47293	13553	8601	0.269	2.905	0.740	0.354	0.514	0.931	0.032	0.009	0.023	0.025
stools_12116501	0	Esch_coli_STEC299.fa.gz	47757	47739	30771	0.391	2.948	1.125	0.616	0.579	0.895	0.052	0.053	0.072	0.081
stools_12116501	1	Esch_coli_IDR1900005638-01-02.fa.gz	46294	22949	12091	0.228	2.490	0.559	0.379	0.532	0.961	0.034	0.013	0.024	0.024
stools_12117101	0	Esch_coli_30COLEC.fa.gz	45626	45602	29111	0.506	3.394	1.684	0.748	0.622	0.983	0.088	0.066	0.144	0.147
stools_12117150	0	Esch_coli_NCTC10973.fa.gz	45616	45578	68726	0.828	6.418	5.243	0.645	0.832	0.903	0.099	0.210	0.334	0.370
stools_12117150	1	Esch_coli_382634_2f.fa.gz	46453	22904	30987	0.500	4.326	2.147	0.371	0.566	0.914	0.103	0.043	0.054	0.060
stools_12117150	2	Esch_coli_JE86-ST02.fa.gz	50374	13936	19533	0.443	4.516	1.835	0.333	0.528	0.807	0.124	0.024	0.033	0.041
stools_12118101	0	Esch_coli_BL21.fa.gz	44349	44322	35461	0.632	3.568	2.224	0.788	0.708	0.959	0.515	0.406	0.240	0.250
stools_12119101	0	Esch_coli_TUM20902.fa.gz	48117	48071	73271	0.869	6.345	5.432	0.682	0.873	0.766	0.226	0.306	0.346	0.452
stools_12119101	1	Esch_coli_442_2.fa.gz	47236	20446	31495	0.598	3.769	2.208	0.373	0.672	0.828	0.222	0.053	0.084	0.101
stools_12119501	0	Esch_coli_ML35.fa.gz	47425	47361	37355	0.461	4.212	1.886	0.460	0.543	0.727	0.102	0.047	0.046	0.063
stools_12120501	0	Esch_coli_N18-04097.fa.gz	46481	46450	48803	0.787	4.731	3.645	0.795	0.808	0.952	0.076	0.292	0.389	0.409
stools_12120501	1	Esch_coli_EC2.fa.gz	49867	8886	12238	0.371	4.110	1.414	0.305	0.491	0.928	0.219	0.023	0.025	0.027
stools_12120501	2	Esch_coli_2018-11-3CC.fa.gz	44482	5629	8937	0.359	3.066	1.092	0.200	0.540	1.098	0.071	0.010	0.019	0.021
