ESO1212206220S1K	0	Kleb_variicola_GJ1	55393	55341	68036	0.875	7.882	6.865	0.764	0.876	0.927	0.431	0.329	0.475	0.513
ESO1212704120S1K	0	Kleb_variicola_342	55562	55511	77356	0.915	7.374	6.679	0.779	0.916	0.757	0.381	0.297	0.453	0.598
ESO1213405120S1K	0	Kleb_pneumoniae_RHBSTW-00610	52234	52094	77468	0.6	4.399	2.618	0.337	0.648	0.663	0.452	0.152	0.056	0.085
ESO1234704120S1K	0	Kleb_variicola_KPN1481	54762	54734	42835	0.389	2.202	0.846	0.472	0.681	0.886	0.046	0.022	0.075	0.085
ESO1238002120S1K	0	Kleb_variicola_BS359-2-1	54480	54456	24332	0.196	2.24	0.436	0.34	0.556	0.847	0.06	0.02	0.017	0.021
ESO1238004220S1K	0	Kleb_variicola_13450	54438	54412	36866	0.267	2.558	0.676	0.387	0.543	0.846	0.062	0.024	0.026	0.03
ESO1238105120S1K	0	Kleb_pneumoniae_INF348	50746	50706	43123	0.49	2.466	1.191	0.556	0.704	0.878	0.036	0.034	0.118	0.135
ESO1238105120S1K	1	Kleb_variicola_KPN1481	54762	36731	18292	0.22	2.021	0.441	0.335	0.617	0.951	0.024	0.009	0.027	0.028
ESO1241101120S2K	0	Kleb_pneumoniae_STLIN_3	50310	50272	44706	0.439	2.903	1.261	0.449	0.613	0.905	0.196	0.088	0.067	0.074
ESO1241105120S1K	0	Kleb_pneumoniae_BD-14	52451	52426	34907	0.352	2.591	0.902	0.53	0.591	0.943	0.121	0.064	0.061	0.065
ESO1242704120S1K	0	Kleb_pneumoniae_LZSFT39	49716	49689	35965	0.306	2.329	0.69	0.393	0.614	1.342	0.051	0.02	0.034	0.045
ESO1242801120S1K	0	Kleb_variicola_CDC4241-71	54850	54821	27958	0.312	2.246	0.696	0.586	0.623	0.917	0.044	0.026	0.065	0.071
ESO1247108120S1K	0	Kleb_variicola_M186-1	54226	54188	42410	0.465	3.086	1.426	0.423	0.613	0.831	0.124	0.052	0.061	0.074
ESO1254204120S1K	0	Kleb_variicola_M186-1	54226	54182	77741	0.732	4.631	3.369	0.583	0.759	0.918	0.196	0.219	0.226	0.246
ESO1254204120S1K	1	Kleb_pneumoniae_QD23	55951	37785	38054	0.318	2.966	0.906	0.271	0.534	1.183	0.18	0.043	0.021	0.025
ESO1256808120S1K	0	Kleb_variicola_BM374-1	54330	54315	35371	0.289	2.259	0.642	0.471	0.61	0.907	0.085	0.183	0.046	0.051
ESO1256808120S1K	1	Kleb_quasipneumoniae_SB610	50743	36146	19666	0.209	2.134	0.431	0.405	0.598	0.985	0.226	0.083	0.03	0.03
ESO1256808120S1K	2	Kleb_pneumoniae_SWHE4	52317	28222	12097	0.161	1.905	0.304	0.365	0.615	0.976	0.077	0.045	0.022	0.022
ESO1350804120S1K	0	Kleb_pneumoniae_Bckp206	50536	50517	15876	0.186	2.134	0.392	0.486	0.574	1.112	0.041	0.02	0.027	0.03
ESO1356602120S1K	0	Kleb_variicola_BS359-2-1	54480	54432	65988	0.544	3.461	1.87	0.454	0.643	0.854	0.18	0.082	0.087	0.102
ESO1357104120S1K	0	Kleb_michiganensis_THO-011	58550	58509	68462	0.911	9.904	8.948	0.864	0.911	0.941	0.849	0.734	0.614	0.652
ESO1357108120S1K	0	Kleb_sp._WP8-S18-ESBL-06	48070	48030	45805	0.337	3.069	1.005	0.366	0.531	0.943	0.109	0.052	0.033	0.035
ESO1357108120S1K	1	Kleb_variicola_KPN1481	54762	53563	29631	0.244	2.65	0.641	0.403	0.515	0.957	0.034	0.036	0.025	0.026
ESO1358301120S1K	0	Kleb_variicola_BS359-2-1	54480	54412	155898	0.941	22.418	20.992	0.65	0.941	0.807	1.448	1.496	0.437	0.541
ESO1358301120S1K	1	Kleb_sp._WP7-S18-CRE-03	48466	47209	104717	0.637	5.975	3.754	0.291	0.652	0.894	0.853	0.234	0.07	0.079
EST1212703101S1K	0	Kleb_pneumoniae_KPLSN	50487	50411	70619	0.885	9.256	8.103	0.459	0.886	0.874	0.723	0.332	0.279	0.319
EST1232710101S1K	0	Kleb_pneumoniae_STLIN_3	50310	50236	108442	0.952	19.842	18.752	0.647	0.952	0.634	0.312	0.552	0.353	0.558
EST1232710101S1K	1	Kleb_pneumoniae_B5055	53578	10443	60628	0.517	14.267	7.257	0.148	0.517	0.779	0.541	0.045	0.016	0.021
EST1232906101S1K	0	Kleb_pneumoniae_LZSFT39	49716	49705	16613	0.221	2.211	0.473	0.592	0.586	1.052	0.049	0.029	0.043	0.045
EST1233801101S1K	0	Kleb_variicola_BS359-2-1	54480	54423	74771	0.602	4.101	2.454	0.454	0.658	0.792	0.156	0.156	0.094	0.118
EST1233801101S1K	1	Kleb_pneumoniae_STLIN_3	50310	32136	42029	0.446	3.228	1.421	0.287	0.588	0.933	0.188	0.054	0.041	0.044
EST1234704101S1K	0	Kleb_variicola_BS359-2-1	54480	54459	34011	0.491	2.321	1.129	0.727	0.725	0.96	0.098	0.072	0.18	0.188
EST1236807101S1K	0	Kleb_pneumoniae_GYF20	52631	52615	19813	0.218	2.931	0.634	0.45	0.464	0.884	0.084	0.038	0.019	0.021
EST1238002101S1K	0	Kleb_variicola_BS359-2-1	54480	54441	49732	0.379	2.743	1.033	0.356	0.589	0.797	0.136	0.048	0.037	0.047
EST1239204101S1K	0	Kleb_pneumoniae_na_GCF_928376025.1	52313	52293	35315	0.373	2.274	0.839	0.537	0.657	0.839	0.418	0.225	0.072	0.086
EST1242206101S1K	0	Kleb_pneumoniae_na_GCF_928376025.1	52313	52240	58404	0.883	6.516	5.709	0.458	0.886	0.783	1.159	0.531	0.249	0.317
EST1247109101S1K	0	Kleb_pneumoniae_NDM-71	51863	51303	148068	0.827	7.112	5.851	0.37	0.829	1.575	0.362	0.329	0.134	0.211
EST1247109101S1K	1	Kleb_variicola_M186-1	54226	35700	105640	0.684	3.841	2.612	0.183	0.738	0.83	0.344	0.102	0.056	0.068
EST1247109101S1K	2	Kleb_quasipneumoniae_L22	50817	30200	81229	0.586	3.118	1.824	0.131	0.698	0.847	0.182	0.06	0.032	0.037
EST1256801101S1K	0	Kleb_variicola_13450	54438	54409	51155	0.703	3.187	2.219	0.79	0.788	0.857	0.192	0.275	0.296	0.345
EST1256801101S1K	1	Kleb_variicola_AJ055	54438	10565	12925	0.285	2.534	0.719	0.235	0.556	0.957	0.156	0.017	0.02	0.021
EST1350507101S1K	0	Kleb_pneumoniae_EH13	52410	52332	78328	0.859	6.105	5.218	0.475	0.864	0.725	0.528	0.251	0.221	0.305
EST1358301101S1K	0	Kleb_variicola_BS359-2-1	54480	54439	51479	0.546	3.045	1.653	0.525	0.676	0.867	0.556	0.292	0.114	0.131
EST1358303101S1K	0	Kleb_variicola_AJ292	53834	53805	27352	0.294	2.479	0.722	0.475	0.571	0.91	0.175	0.083	0.041	0.045
EST1359003101S1K	0	Kleb_michiganensis_LH71	58091	58074	21332	0.184	2.266	0.413	0.421	0.545	0.916	0.049	0.021	0.021	0.023
stools_11006101	0	Kleb_pneumoniae_STLIN_3	50310	50266	66108	0.597	3.256	1.923	0.504	0.7	0.953	0.106	0.084	0.14	0.147
stools_11006101	1	Kleb_variicola_NCTC9668	56325	38113	36079	0.262	2.373	0.607	0.246	0.577	1.128	0.06	0.02	0.019	0.021
stools_11007150	0	Kleb_pneumoniae_505107	49728	49671	90619	0.785	4.096	3.179	0.538	0.819	0.858	0.153	0.134	0.243	0.283
stools_11007150	1	Kleb_quasipneumoniae_NE1	50965	35230	51652	0.487	2.595	1.262	0.325	0.68	0.919	0.046	0.037	0.067	0.073
stools_11007150	2	Kleb_quasivariicola_KPN1705	53753	33358	34485	0.41	2.366	0.938	0.349	0.673	0.966	0.05	0.027	0.063	0.065
stools_11008150	0	Kleb_pneumoniae_STLIN_3	50310	50280	34222	0.274	2.391	0.648	0.339	0.575	1.004	0.095	0.032	0.031	0.031
stools_11013150	0	Kleb_variicola_BS359-2-1	54480	54429	68373	0.479	3.13	1.491	0.412	0.619	0.834	0.137	0.119	0.063	0.076
stools_11013150	1	Kleb_quasivariicola_KPN1705	53753	36345	42287	0.301	2.651	0.773	0.249	0.559	0.92	0.151	0.042	0.022	0.023
stools_11014101	0	Kleb_pneumoniae_KP133	51571	51474	141963	0.945	29.409	27.696	0.701	0.945	0.843	1.064	1.466	0.498	0.591
stools_11014101	1	Kleb_pneumoniae_STLIN_3	50310	8660	93333	0.75	10.915	8.001	0.116	0.75	0.563	0.799	0.073	0.028	0.049
stools_11014101	2	Kleb_variicola_BS359-2-1	54480	34619	86837	0.565	4.041	2.274	0.147	0.63	0.954	0.228	0.081	0.031	0.033
stools_11016101	0	Kleb_pneumoniae_S183-1	50979	50923	88498	0.827	6.386	5.242	0.46	0.832	0.852	0.409	0.188	0.224	0.263
stools_11021501	0	Kleb_pneumoniae_NDM-71	51863	51794	61958	0.747	4.556	3.38	0.646	0.774	0.908	0.533	0.345	0.262	0.289
stools_11022501	0	Kleb_variicola_BS359-2-1	54480	54438	70470	0.741	4.952	3.645	0.653	0.76	0.851	0.603	0.394	0.238	0.28
stools_11024101	0	Kleb_variicola_AJ055	54438	54406	31773	0.29	2.924	0.843	0.437	0.509	0.855	0.186	0.081	0.028	0.033
stools_11026150	0	Kleb_variicola_BS359-2-1	54480	54442	48383	0.365	2.644	0.959	0.433	0.592	0.87	0.154	0.067	0.048	0.055
stools_11027150	0	Kleb_oxytoca_NCTC13727	57824	57804	29670	0.38	2.78	1.046	0.718	0.586	0.945	0.113	0.081	0.088	0.093
stools_11027501	0	Kleb_oxytoca_NCTC13727	57824	57781	65842	0.892	8.436	7.472	0.78	0.892	0.924	0.723	0.564	0.512	0.554
stools_11034101	0	Kleb_variicola_KPN1481	54762	54714	33913	0.369	3.555	1.298	0.388	0.507	0.835	0.194	0.075	0.031	0.037
stools_11036150	0	Kleb_variicola_BS359-2-1	54480	54397	74810	0.565	4.686	2.634	0.334	0.609	0.726	0.435	0.145	0.051	0.07
stools_11039101	0	Kleb_pneumoniae_5764	51554	51457	38297	0.525	5.52	2.879	0.394	0.556	4.736	0.341	0.135	0.014	0.064
stools_11041102	0	Kleb_michiganensis_7525	57477	57364	75411	0.434	4.993	2.143	0.287	0.492	0.629	0.867	0.248	0.019	0.03
stools_11042101	0	Kleb_pneumoniae_C2	51882	51407	233611	0.976	103.809	101.071	0.652	0.976	0.781	10.765	8.041	0.473	0.605
stools_11042101	1	Kleb_variicola_BS359-2-1	54480	35930	183451	0.87	10.63	9.212	0.119	0.87	0.778	1.578	0.513	0.061	0.079
stools_11046101	0	Kleb_pneumoniae_SXC4-2	51515	50856	77345	0.958	29.226	27.791	0.366	0.958	1.586	4.197	1.535	0.203	0.322
stools_11047150	0	Kleb_pneumoniae_M186-2	51801	51763	46431	0.557	3.378	1.869	0.572	0.658	0.886	0.161	0.092	0.122	0.138
stools_11049150	0	Kleb_quasivariicola_KPN1705	53753	53709	49200	0.372	3.402	1.233	0.376	0.525	0.785	0.195	0.073	0.03	0.039
stools_11051150	0	Kleb_pneumoniae_VA684	51165	50910	87907	0.841	6.716	5.619	0.35	0.844	0.646	0.784	0.274	0.135	0.21
stools_11051501	0	Kleb_pneumoniae_VA684	51165	51041	84070	0.792	6.12	4.823	0.37	0.799	0.655	0.633	0.234	0.122	0.187
stools_11052150	0	Kleb_variicola_17YN56	53733	53676	80101	0.726	4.16	3.002	0.561	0.764	0.794	0.232	0.202	0.189	0.238
stools_11052150	1	Kleb_pneumoniae_6604_68	53457	34932	41146	0.343	2.708	0.922	0.257	0.57	0.94	0.128	0.04	0.027	0.029
stools_11053150	0	Kleb_pneumoniae_KP1	50475	50425	68640	0.858	163.109	139.318	0.707	0.858	0.937	8.936	6.319	0.418	0.446
stools_11054102	0	Kleb_variicola_BS359-2-1	54480	54410	73376	0.548	4.177	2.278	0.379	0.611	0.751	0.43	0.163	0.058	0.077
stools_11108501	0	Kleb_pneumoniae_5764	51554	51486	101737	0.81	6.026	4.858	0.538	0.817	0.838	0.221	0.205	0.244	0.291
stools_11108501	1	Kleb_variicola_na	53764	35123	60016	0.57	3.982	2.259	0.369	0.637	0.877	0.161	0.065	0.075	0.085
stools_12059150	0	Kleb_variicola_2020C01-081	54282	54238	37832	0.262	2.902	0.753	0.359	0.495	0.844	0.12	0.043	0.019	0.023
stools_12064150	0	Kleb_pneumoniae_P39	52039	52009	56368	0.954	8.299	7.844	0.897	0.955	0.919	0.395	0.354	0.717	0.78
stools_12065150	0	Kleb_pneumoniae_5764	51554	51533	22570	0.281	2.977	0.829	0.533	0.499	1.286	0.074	0.04	0.029	0.037
stools_12067150	0	Kleb_pneumoniae_FF1083	51112	51074	30954	0.391	3.803	1.478	0.362	0.506	0.755	0.163	0.059	0.027	0.036
stools_12068150	0	Kleb_pneumoniae_FDAARGOS_156	52048	52007	44501	0.331	3.574	1.176	0.326	0.479	0.76	0.201	0.066	0.019	0.025
stools_12073150	0	Kleb_pneumoniae_ENT1988	51866	51842	51742	0.839	5.209	4.332	0.804	0.85	0.96	0.326	0.263	0.468	0.488
stools_12077150	0	Kleb_variicola_01A065	54076	54046	29452	0.302	3.035	0.908	0.485	0.505	0.918	0.101	0.049	0.034	0.037
stools_12084101	0	Kleb_quasipneumoniae_SWHEFF_72	52872	52807	56889	0.57	5.074	2.871	0.321	0.604	0.814	0.37	0.119	0.054	0.067
stools_12084102	0	Kleb_pneumoniae_WCHKP13F2	53078	52515	86035	0.803	14.619	11.659	0.387	0.803	3.563	1.58	0.611	0.056	0.2
stools_12086501	0	Kleb_pneumoniae_KP059	51994	51952	70875	0.828	5.68	4.672	0.699	0.836	0.813	0.081	0.224	0.329	0.405
stools_12086501	1	Kleb_pneumoniae_371661	51748	10366	27836	0.495	3.732	1.807	0.182	0.592	0.751	0.066	0.018	0.024	0.032
stools_12086501	2	Kleb_quasipneumoniae_SB1124	49811	33779	22707	0.284	2.813	0.787	0.313	0.521	1.016	0.174	0.025	0.024	0.024
stools_12088501	0	Kleb_pneumoniae_Bckp206	50536	50495	41949	0.313	3.56	1.104	0.339	0.468	0.91	0.177	0.06	0.021	0.023
stools_12090501	0	Kleb_variicola_BS359-2-1	54480	54434	47205	0.472	3.931	1.842	0.365	0.561	0.794	0.296	0.108	0.043	0.054
stools_12093101_SM-NA1P5	0	Kleb_variicola_04153260899A	53104	53076	29333	0.308	2.65	0.81	0.419	0.554	0.903	0.14	0.059	0.036	0.04
stools_12093101_SM-NAWYG	0	Kleb_variicola_04153260899A	53104	53070	32998	0.355	3.498	1.233	0.386	0.501	0.824	0.144	0.056	0.028	0.034
stools_12099101	0	Kleb_pneumoniae_Bckp206	50536	50498	47256	0.386	3.729	1.425	0.38	0.508	0.988	0.177	0.067	0.037	0.038
stools_12099150	0	Kleb_pneumoniae_505107	49728	49131	147924	0.917	21.954	20.057	0.486	0.917	0.8	0.817	0.679	0.3	0.375
stools_12099150	1	Kleb_variicola_4253	54648	36447	102862	0.751	8.093	6.044	0.211	0.752	0.736	0.582	0.152	0.066	0.09
stools_12111150	0	Kleb_aerogenes_na	50605	50581	47652	0.747	5.702	4.226	0.801	0.758	0.966	0.233	0.187	0.332	0.344
stools_12114501	0	Kleb_pneumoniae_KP52813	52460	52426	31001	0.347	3.314	1.14	0.41	0.51	0.752	0.133	0.055	0.028	0.037
stools_12119101	0	Kleb_michiganensis_X2-1	57540	57484	94590	0.593	3.987	2.34	0.391	0.657	0.842	0.207	0.157	0.084	0.1
stools_12119101	1	Kleb_variicola_BS359-2-1	54480	51910	60480	0.541	3.49	1.876	0.462	0.638	0.89	0.194	0.113	0.091	0.102
stools_12119501	0	Kleb_michiganensis_F107	56059	56003	54611	0.492	4.15	2.021	0.399	0.567	0.831	0.146	0.058	0.052	0.063