ESC1232905001S1K	0	Cand_Campylobacter_19S00001	17187	17183	10454	0.520	3.183	1.618	0.446	0.649	0.987	0.055	0.024	0.096	0.098
ESO1212703120S1K	0	Cand_Campylobacter_19S00001	17187	17181	11957	0.600	7.203	4.229	0.676	0.609	0.991	0.139	0.094	0.149	0.150
ESO1212705120S1K	0	Cand_Campylobacter_19S00001	17187	17182	11007	0.496	8.419	4.082	0.251	0.504	0.888	0.139	0.035	0.028	0.032
ESO1213402120S1K	0	Cand_Campylobacter_19S00001	17187	17181	15738	0.693	26.387	17.891	0.785	0.693	0.996	0.253	0.199	0.260	0.261
ESO1232702120S1K	0	Cand_Campylobacter_19S00001	17187	17181	13720	0.677	5.951	3.936	0.736	0.690	1.004	0.151	0.111	0.236	0.237
ESO1232707120S1K	0	Cand_Campylobacter_19S00001	17187	17184	14803	0.722	20.862	14.745	0.879	0.722	1.002	0.741	0.651	0.331	0.331
ESO1232710120S1K	0	Cand_Campylobacter_19S00001	17187	17179	17538	0.778	34.697	26.421	0.898	0.778	1.005	0.578	0.519	0.420	0.422
ESO1232711120S1K	0	Cand_Campylobacter_19S00001	17187	17182	14816	0.671	8.322	5.457	0.612	0.674	0.994	0.083	0.051	0.185	0.186
ESO1236812120S1K	0	Cand_Campylobacter_19S00001	17187	17182	13105	0.631	9.143	5.647	0.694	0.633	0.987	0.138	0.095	0.173	0.176
ESO1238001120S1K	0	Cand_Campylobacter_19S00001	17187	17184	14950	0.734	32.818	23.562	0.850	0.734	1.000	0.320	0.272	0.336	0.336
ESO1238002120S1K	0	Cand_Campylobacter_19S00001	17187	17183	14929	0.685	29.900	20.036	0.852	0.685	1.008	0.351	0.299	0.272	0.274
ESO1241104120S1K	0	Cand_Campylobacter_19S00001	17187	17181	17286	0.768	22.388	16.818	0.836	0.768	1.000	0.289	0.242	0.379	0.380
ESO1241108220S1K	0	Cand_Campylobacter_19S00001	17187	17181	14794	0.680	36.783	24.477	0.822	0.680	1.002	0.436	0.358	0.258	0.259
ESO1242101120S1K	0	Cand_Campylobacter_19S00001	17187	17184	5795	0.259	2.410	0.609	0.415	0.567	0.981	0.063	0.026	0.034	0.034
ESO1242208120S1K	0	Cand_Campylobacter_19S00001	17187	17184	15216	0.676	13.286	8.776	0.668	0.676	0.994	0.125	0.084	0.205	0.206
ESO1242209120S1K	0	Cand_Campylobacter_19S00001	17187	17183	16188	0.712	23.054	16.071	0.890	0.712	1.000	0.181	0.161	0.322	0.322
ESO1242704120S1K	0	Cand_Campylobacter_19S00001	17187	17183	15854	0.709	71.905	49.908	0.863	0.709	1.002	0.572	0.494	0.307	0.308
ESO1242801120S1K	0	Cand_Campylobacter_19S00001	17187	17182	14485	0.684	8.647	5.777	0.658	0.686	1.001	0.103	0.068	0.211	0.211
ESO1242805120S1K	0	Cand_Campylobacter_19S00001	17187	17183	8996	0.398	2.898	1.128	0.295	0.589	0.967	0.060	0.018	0.039	0.041
ESO1247101120S1K	0	Cand_Campylobacter_19S00001	17187	17180	12839	0.634	9.242	5.731	0.612	0.636	0.986	0.137	0.084	0.155	0.157
ESO1247203120S1K	0	Cand_Campylobacter_19S00001	17187	17183	15011	0.726	10.710	7.606	0.682	0.726	0.994	0.123	0.084	0.259	0.261
ESO1247206120S1K	0	Cand_Campylobacter_19S00001	17187	17181	17706	0.799	25.818	20.183	0.778	0.799	0.995	0.366	0.285	0.394	0.396
ESO1247208120S1K	0	Cand_Campylobacter_19S00001	17187	17180	15281	0.693	22.345	15.154	0.818	0.693	0.999	0.219	0.179	0.272	0.272
ESO1254306120S1K	0	Cand_Campylobacter_19S00001	17187	17184	15229	0.755	24.821	18.318	0.838	0.755	0.998	0.348	0.292	0.360	0.361
ESO1256801120S1K	0	Cand_Campylobacter_19S00001	17187	17181	17730	0.757	17.542	12.999	0.849	0.757	0.999	0.254	0.216	0.368	0.369
ESO1256804120S1K	0	Cand_Campylobacter_19S00001	17187	17182	20107	0.784	8.562	6.560	0.739	0.785	0.998	0.162	0.119	0.356	0.357
ESO1256808120S1K	0	Camp_coli_WA333	16789	16786	5385	0.219	2.176	0.433	0.418	0.622	0.940	0.098	0.041	0.033	0.035
ESO1350502120S1K	0	Cand_Campylobacter_19S00001	17187	17183	11695	0.573	4.267	2.388	0.612	0.630	0.993	0.082	0.050	0.138	0.139
ESO1350804120S1K	0	Cand_Campylobacter_19S00001	17187	17183	12391	0.621	7.317	4.439	0.765	0.628	0.999	0.102	0.078	0.187	0.187
ESO1350807120S1K	0	Cand_Campylobacter_19S00001	17187	17180	11553	0.497	5.844	2.841	0.413	0.528	0.949	0.112	0.046	0.054	0.057
ESO1356601120S1K	0	Cand_Campylobacter_19S00001	17187	17181	15110	0.729	16.630	11.866	0.853	0.729	0.993	0.243	0.207	0.328	0.331
ESO1356602120S1K	0	Cand_Campylobacter_19S00001	17187	17183	15432	0.738	23.918	17.276	0.871	0.738	0.998	0.278	0.242	0.350	0.350
ESO1356803120S1K	0	Cand_Campylobacter_19S00001	17187	17184	12325	0.597	4.941	2.882	0.633	0.632	0.998	0.082	0.052	0.151	0.151
ESO1357103120S1K	0	Cand_Campylobacter_19S00001	17187	17183	7230	0.311	2.611	0.793	0.267	0.568	0.982	0.079	0.021	0.026	0.027
ESO1357104120S1K	0	Cand_Campylobacter_19S00001	17187	17180	13831	0.686	17.934	12.035	0.880	0.686	1.000	0.334	0.294	0.284	0.284
ESO1357107120S1K	0	Cand_Campylobacter_19S00001	17187	17181	15745	0.763	8.778	6.554	0.738	0.764	0.993	0.141	0.104	0.326	0.328
ESO1358301120S1K	0	Cand_Campylobacter_19S00001	17187	17181	8152	0.348	2.732	0.930	0.318	0.575	0.988	0.067	0.021	0.036	0.037
ESO1358304120S1K	0	Cand_Campylobacter_19S00001	17187	17180	15451	0.704	18.958	13.054	0.819	0.704	1.002	0.195	0.159	0.285	0.286
ESO1358602120S1K	0	Cand_Campylobacter_19S00001	17187	17183	12633	0.632	7.229	4.468	0.784	0.640	0.997	0.137	0.107	0.202	0.203
EST1212206101S1K	0	Cand_Campylobacter_19S00001	17187	17181	14514	0.683	23.441	15.672	0.852	0.683	0.993	0.369	0.315	0.270	0.272
EST1212704101S1K	0	Cand_Campylobacter_19S00001	17187	17183	12084	0.634	5.933	3.675	0.731	0.650	0.995	0.201	0.147	0.195	0.196
EST1232702101S1K	0	Cand_Campylobacter_19S00001	17187	17182	12405	0.631	4.916	3.033	0.600	0.663	0.999	0.106	0.064	0.166	0.167
EST1232710101S1K	0	Cand_Campylobacter_19S00001	17187	17181	17197	0.688	87.772	59.167	0.873	0.688	1.004	0.691	0.604	0.284	0.285
EST1232905101S1K	0	Cand_Campylobacter_19S00001	17187	17183	12853	0.658	7.956	5.113	0.796	0.662	0.999	0.181	0.144	0.229	0.229
EST1233822101S1K	0	Cand_Campylobacter_19S00001	17187	17184	13484	0.683	11.400	7.614	0.805	0.684	0.991	0.166	0.133	0.255	0.257
EST1233822201S1K	0	Cand_Campylobacter_19S00001	17187	17184	13140	0.641	13.597	8.520	0.719	0.641	0.993	0.102	0.073	0.188	0.189
EST1234702101S1K	0	Cand_Campylobacter_19S00001	17187	17183	4854	0.220	2.150	0.462	0.343	0.594	0.973	0.055	0.019	0.026	0.027
EST1234704101S1K	0	Cand_Campylobacter_19S00001	17187	17179	17767	0.698	14.979	10.235	0.853	0.698	1.006	0.243	0.207	0.289	0.290
EST1236807101S1K	0	Cand_Campylobacter_19S00001	17187	17183	17185	0.663	9.323	6.039	0.767	0.664	1.000	0.155	0.119	0.224	0.224
EST1237103201S1K	0	Cand_Campylobacter_19S00001	17187	17179	14596	0.684	19.265	12.889	0.673	0.684	0.997	0.249	0.168	0.214	0.215
EST1238001101S1K	0	Cand_Campylobacter_19S00001	17187	17183	11878	0.612	5.308	3.176	0.473	0.639	0.996	0.087	0.041	0.118	0.118
EST1238002101S1K	0	Cand_Campylobacter_19S00001	17187	17184	14294	0.685	42.269	28.348	0.846	0.685	1.004	0.503	0.426	0.271	0.273
EST1241101101S1K	0	Cand_Campylobacter_19S00001	17187	17183	15148	0.688	44.331	29.848	0.825	0.688	1.004	0.285	0.236	0.268	0.269
EST1241104101S1K	0	Cand_Campylobacter_19S00001	17187	17182	16153	0.756	26.458	19.560	0.836	0.756	1.000	0.457	0.383	0.362	0.362
EST1241105101S1K	0	Camp_jejuni_strain_SH08-0257	15142	15137	15032	0.791	3.879	3.061	0.602	0.830	0.950	0.068	0.041	0.311	0.328
EST1242101101S1K	0	Cand_Campylobacter_19S00001	17187	17182	6180	0.289	2.400	0.678	0.311	0.587	0.980	0.044	0.014	0.030	0.031
EST1242103101S1K	0	Cand_Campylobacter_19S00001	17187	17182	24370	0.623	4.277	2.605	0.439	0.673	1.001	0.234	0.122	0.124	0.124
EST1242103101S1K	1	Camp_jejuni_strain_18-164	16996	16940	13663	0.425	3.470	1.464	0.427	0.553	1.001	0.044	0.067	0.055	0.055
EST1242207101S1K	0	Cand_Campylobacter_19S00001	17187	17184	9379	0.459	3.474	1.557	0.417	0.581	0.981	0.109	0.045	0.063	0.065
EST1242209101S1K	0	Cand_Campylobacter_19S00001	17187	17183	12951	0.626	4.849	2.966	0.572	0.660	0.983	0.120	0.068	0.153	0.156
EST1242704101S1K	0	Cand_Campylobacter_19S00001	17187	17182	16632	0.787	11.807	9.086	0.745	0.787	0.999	0.149	0.111	0.363	0.364
EST1242801101S1K	0	Cand_Campylobacter_19S00001	17187	17181	19298	0.690	10.393	7.014	0.743	0.690	0.999	0.108	0.085	0.244	0.244
EST1242801101S1K	1	Camp_upsaliensis_RM3195_map	17323	17235	7449	0.286	2.201	0.616	0.255	0.622	0.993	0.006	0.007	0.028	0.028
EST1242802101S1K	0	Cand_Campylobacter_19S00001	17187	17183	16116	0.731	19.471	13.937	0.786	0.731	0.999	0.245	0.193	0.307	0.308
EST1242804101S1K	0	Cand_Campylobacter_19S00001	17187	17181	16226	0.730	10.336	7.376	0.642	0.731	0.996	0.141	0.091	0.249	0.250
EST1242805101S1K	0	Cand_Campylobacter_19S00001	17187	17181	13384	0.641	8.367	5.243	0.652	0.644	0.998	0.123	0.081	0.173	0.174
EST1247101101S1K	0	Cand_Campylobacter_19S00001	17187	17182	10608	0.566	3.582	1.981	0.776	0.656	0.999	0.152	0.118	0.189	0.189
EST1247106101S1K	0	Cand_Campylobacter_19S00001	17187	17183	14262	0.695	40.347	27.438	0.844	0.695	1.002	0.415	0.350	0.283	0.283
EST1247109101S1K	0	Cand_Campylobacter_19S00001	17187	17180	15402	0.693	36.829	24.988	0.855	0.693	1.001	0.559	0.478	0.284	0.285
EST1247203101S1K	0	Cand_Campylobacter_19S00001	17187	17181	13782	0.669	17.792	11.650	0.831	0.669	0.993	0.227	0.188	0.247	0.249
EST1247206101S1K	0	Cand_Campylobacter_19S00001	17187	17179	21396	0.688	38.452	25.915	0.878	0.688	1.003	0.508	0.459	0.285	0.286
EST1247206101S1K	1	Camp_jejuni_BCH-11447	17932	17877	9580	0.364	2.316	0.826	0.238	0.648	0.959	0.015	0.015	0.035	0.036
EST1254306101S1K	0	Cand_Campylobacter_19S00001	17187	17184	3273	0.167	1.891	0.308	0.701	0.629	1.019	0.176	0.124	0.045	0.046
EST1256808101S1K	0	Camp_coli_strain_169799140	16441	16424	16272	0.640	3.286	2.091	0.369	0.730	0.927	0.067	0.025	0.117	0.126
EST1256811101S1K	0	Cand_Campylobacter_19S00001	17187	17182	12834	0.646	9.905	6.257	0.654	0.647	0.984	0.146	0.096	0.174	0.177
EST1350502101S1K	0	Cand_Campylobacter_19S00001	17187	17181	10672	0.494	2.590	1.250	0.376	0.692	0.998	0.042	0.016	0.089	0.089
EST1350510101S1K	0	Cand_Campylobacter_19S00001	17187	17179	17039	0.676	69.891	46.247	0.874	0.676	1.001	0.775	0.678	0.269	0.270
EST1350804101S1K	0	Cand_Campylobacter_19S00001	17187	17180	27686	0.714	43.297	30.256	0.853	0.714	1.001	0.340	0.290	0.310	0.310
EST1350807101S1K	0	Cand_Campylobacter_19S00001	17187	17183	12779	0.657	11.535	7.418	0.848	0.658	0.994	0.269	0.229	0.240	0.241
EST1356604101S1K	0	Cand_Campylobacter_19S00001	17187	17181	14559	0.692	11.845	8.013	0.676	0.692	0.988	0.183	0.124	0.222	0.224
EST1356611101S1K	0	Cand_Campylobacter_19S00001	17187	17183	12085	0.549	3.918	2.101	0.281	0.625	0.945	0.131	0.037	0.057	0.060
EST1357103101S1K	0	Cand_Campylobacter_19S00001	17187	17184	10531	0.548	4.194	2.245	0.671	0.613	1.002	0.068	0.046	0.138	0.138
EST1357107101S1K	0	Cand_Campylobacter_19S00001	17187	17180	17114	0.698	58.829	40.240	0.892	0.698	1.003	0.677	0.604	0.303	0.303
EST1357108101S1K	0	Camp_upsaliensis_RM3195_map	17323	17315	9263	0.363	2.472	0.877	0.318	0.621	1.108	0.079	0.025	0.040	0.045
EST1358301101S1K	0	Cand_Campylobacter_19S00001	17187	17182	10029	0.503	3.315	1.630	0.658	0.626	0.998	0.140	0.092	0.129	0.129
EST1358301201S1K	0	Cand_Campylobacter_19S00001	17187	17181	15985	0.663	7.762	5.028	0.737	0.667	0.998	0.136	0.100	0.217	0.217
EST1358302101S1K	0	Cand_Campylobacter_19S00001	17187	17181	10457	0.515	3.490	1.757	0.421	0.622	1.005	0.101	0.042	0.084	0.084
EST1358602101S1K	0	Cand_Campylobacter_19S00001	17187	17183	5997	0.312	2.910	0.888	0.782	0.530	1.011	0.170	0.133	0.068	0.069
EST1359005101S1K	0	Cand_Campylobacter_19S00001	17187	17183	15048	0.670	8.102	5.308	0.806	0.673	1.003	0.215	0.173	0.244	0.245
EST1359006101S1K	0	Cand_Campylobacter_19S00001	17187	17182	9753	0.405	2.779	1.101	0.194	0.607	0.935	0.083	0.016	0.027	0.029
EST1359007101S1K	0	Cand_Campylobacter_19S00001	17187	17184	13089	0.677	10.140	6.709	0.805	0.678	1.002	0.169	0.136	0.250	0.250
EST1361001101S1K	0	Cand_Campylobacter_19S00001	17187	17182	15156	0.615	6.705	4.033	0.642	0.627	0.996	0.125	0.080	0.155	0.155
EST1361002101S1K	0	Cand_Campylobacter_19S00001	17187	17181	13843	0.687	30.473	20.489	0.889	0.687	1.004	0.494	0.439	0.287	0.288
EST1361007101S1K	0	Cand_Campylobacter_19S00001	17187	17184	13632	0.691	29.345	19.816	0.901	0.691	1.003	0.674	0.607	0.296	0.297
EST2359005102S1K	0	Cand_Campylobacter_19S00001	17187	17182	14887	0.695	30.344	20.632	0.877	0.695	1.004	0.361	0.317	0.293	0.294
stools_11009101	0	Cand_Campylobacter_19S00001	17187	17180	13838	0.682	16.167	10.779	0.729	0.682	1.006	0.255	0.186	0.230	0.231
stools_11009150	0	Cand_Campylobacter_19S00001	17187	17181	11216	0.504	3.495	1.722	0.442	0.614	0.990	0.080	0.035	0.083	0.084
stools_11010101	0	Cand_Campylobacter_19S00001	17187	17179	24753	0.637	6.591	4.109	0.550	0.648	0.997	0.176	0.109	0.147	0.147
stools_11010101	1	Camp_jejuni_NCTC13268	17715	17668	13809	0.602	3.412	2.026	0.615	0.693	0.947	0.023	0.055	0.169	0.178
stools_11011101	0	Cand_Campylobacter_19S00001	17187	17166	40297	0.741	50.326	36.554	0.632	0.741	1.004	0.723	0.525	0.256	0.257
stools_11011101	1	Camp_jejuni_NCTC13268	17715	17671	27585	0.934	16.449	15.149	0.728	0.934	0.864	0.108	0.223	0.513	0.593
stools_11013150	0	Camp_sp._CFSAN093238	17187	17182	8039	0.323	2.483	0.791	0.246	0.591	0.947	0.081	0.020	0.026	0.028
stools_11014150	0	Camp_jejuni_BCH-10569	17256	17249	10009	0.383	2.357	0.888	0.171	0.651	0.990	0.064	0.011	0.028	0.028
stools_11019101	0	Camp_upsaliensis_RM3195_map	17323	17319	7856	0.292	2.646	0.756	0.249	0.551	0.927	0.135	0.034	0.021	0.022
stools_11021101	0	Cand_Campylobacter_19S00001	17187	17185	6331	0.321	2.254	0.707	0.751	0.633	1.017	0.270	0.203	0.095	0.097
stools_11022101	0	Cand_Campylobacter_19S00001	17187	17185	13779	0.665	17.164	11.157	0.733	0.665	0.989	0.214	0.157	0.213	0.216
stools_11022501	0	Camp_jejuni_BCH-11348	16953	16946	19428	0.941	15.343	14.227	0.814	0.941	0.946	0.593	0.483	0.641	0.677
stools_11024101	0	Camp_jejuni_BCH-10518	16324	16280	15229	0.705	4.686	3.260	0.646	0.734	1.001	0.147	0.095	0.245	0.245
stools_11035101	0	Cand_Campylobacter_19S00001	17187	17169	23321	0.678	11.468	7.602	0.525	0.678	0.994	0.246	0.129	0.163	0.164
stools_11036101	0	Cand_Campylobacter_19S00001	17187	17181	13695	0.688	7.102	4.775	0.662	0.694	0.994	0.122	0.081	0.218	0.219
stools_11042501	0	Cand_Campylobacter_19S00001	17187	17185	14381	0.742	24.907	18.069	0.856	0.742	1.004	0.373	0.319	0.348	0.350
stools_11055101	0	Cand_Campylobacter_19S00001	17187	17182	14164	0.712	31.739	22.114	0.860	0.712	0.999	0.409	0.352	0.310	0.310
stools_11107101	0	Cand_Campylobacter_19S00001	17187	17183	14633	0.681	29.563	19.690	0.833	0.681	1.002	0.308	0.257	0.262	0.263
stools_11109101	0	Camp_upsaliensis_RM3195_map	17323	17318	14365	0.661	7.225	4.672	0.526	0.668	1.100	0.122	0.064	0.141	0.155
stools_12065101	0	Camp_jejuni_C203	16191	16183	16950	0.827	18.652	15.337	0.808	0.827	0.964	1.701	2.097	0.441	0.458
stools_12065101	1	Camp_jejuni_strain_TW16695-2	13830	2570	3560	0.433	19.044	8.241	0.358	0.433	1.022	0.893	0.178	0.028	0.029
stools_12089102	0	Cand_Campylobacter_19S00001	17187	17183	10298	0.493	4.054	1.955	0.391	0.575	0.988	0.088	0.034	0.063	0.064
stools_12090101	0	Camp_jejuni_BCH-11000	17384	17328	18739	0.884	33.245	28.956	0.834	0.884	0.918	0.859	0.716	0.528	0.575
stools_12091101	0	Cand_Campylobacter_19S00001	17187	17181	14577	0.677	23.217	15.383	0.847	0.677	0.995	0.373	0.316	0.262	0.263
stools_12091150	0	Cand_Campylobacter_19S00001	17187	17181	13307	0.647	10.324	6.530	0.630	0.648	0.994	0.066	0.042	0.170	0.171
stools_12095102	0	Cand_Campylobacter_19S00001	17187	17184	11750	0.579	5.451	3.083	0.533	0.606	0.985	0.081	0.043	0.112	0.113
stools_12096102	0	Cand_Campylobacter_19S00001	17187	17183	14125	0.706	31.965	22.084	0.850	0.706	1.002	0.336	0.286	0.299	0.299
stools_12101102	0	Cand_Campylobacter_19S00001	17187	17184	12606	0.647	7.005	4.431	0.743	0.655	0.998	0.155	0.115	0.206	0.206
stools_12117101	0	Cand_Campylobacter_19S00001	17187	17179	26533	0.707	61.754	42.754	0.839	0.707	1.000	0.748	0.628	0.296	0.296
stools_12118101	0	Cand_Campylobacter_19S00001	17187	17181	13111	0.698	30.750	21.007	0.932	0.698	0.998	1.606	1.498	0.316	0.316
stools_12118150	0	Cand_Campylobacter_19S00001	17187	17181	10868	0.498	4.327	2.107	0.391	0.567	0.984	0.084	0.033	0.062	0.063
