ESO1212204120S1K	0	Ente_hirae_13344	26635	26587	29914	0.926	29.322	26.823	0.735	0.926	0.978	0.511	0.376	0.571	0.584
ESO1212206220S1K	0	Ente_hirae_T16-1	28182	28156	21479	0.452	2.039	0.905	0.381	0.758	0.96	0.059	0.022	0.095	0.099
ESO1212705120S1K	0	Ente_hirae_13344	26635	26578	30058	0.916	222.733	201.975	0.843	0.916	0.975	3.128	2.638	0.632	0.648
ESO1213405120S1K	0	Ente_hirae_13344	26635	26576	31580	0.909	31.669	28.538	0.838	0.909	0.973	1.01	0.847	0.612	0.629
ESO1232702120S1K	0	Ente_hirae_FDAARGOS_1124	27282	27247	28263	0.895	5.236	4.614	0.749	0.904	0.977	0.273	0.204	0.535	0.548
ESO1233809120S1K	0	Ente_hirae_13152	27801	27769	20777	0.561	3.843	2.123	0.533	0.637	0.951	0.099	0.053	0.115	0.121
ESO1238105120S1K	0	Ente_faecium_HB-1	25211	25127	85063	0.977	27.296	26.044	0.645	0.977	0.803	0.368	0.368	0.482	0.601
ESO1238105120S1K	1	Ente_faecium_3012STDY6244127	24667	15174	60524	0.933	10.567	9.738	0.405	0.933	0.958	0.15	0.082	0.315	0.329
ESO1238105120S1K	2	Ente_faecium_BM4105-RF	26389	8985	46370	0.674	4.373	2.937	0.121	0.712	0.913	0.052	0.015	0.038	0.041
ESO1241101120S2K	0	Ente_hirae_L6E	27764	27712	25290	0.5	2.653	1.281	0.385	0.693	0.963	0.131	0.05	0.089	0.092
ESO1241104120S1K	0	Ente_hirae_13152	27801	27758	29951	0.766	9.136	6.902	0.661	0.766	0.944	0.24	0.159	0.281	0.297
ESO1242101120S1K	0	Ente_hirae_L6E	27764	27724	11273	0.279	2.473	0.665	0.377	0.574	0.894	0.123	0.046	0.031	0.035
ESO1247101120S1K	0	Ente_hirae_13344	26635	26574	28775	0.913	30.113	27.269	0.815	0.913	0.974	0.746	0.608	0.603	0.62
ESO1247109120S1K	0	Ente_hirae_13344	26635	26601	29870	0.92	20.854	18.928	0.78	0.92	0.982	0.458	0.357	0.596	0.607
ESO1247210120S1K	0	Ente_hirae_13152	27801	27778	12088	0.296	2.474	0.721	0.298	0.577	0.933	0.073	0.022	0.027	0.029
ESO1254202120S1K	0	Ente_faecalis_K194-1	26837	26812	15903	0.415	2.488	1.021	0.585	0.649	1.011	0.341	0.199	0.101	0.102
ESO1254204120S1K	0	Ente_faecalis_EfsPF13	28266	28224	28062	0.865	4.759	4.062	0.748	0.881	1.003	0.185	0.139	0.5	0.502
ESO1254306120S1K	0	Ente_faecalis_NS2	26304	26279	18582	0.472	2.914	1.359	0.362	0.635	0.957	0.091	0.033	0.066	0.069
ESO1350507120S1K	0	Ente_hirae_L6E	27764	27741	11809	0.313	2.552	0.77	0.284	0.584	0.944	0.077	0.022	0.029	0.03
ESO1350511120S1K	0	Ente_hirae_L6E	27764	27732	21170	0.609	3.046	1.789	0.49	0.731	0.999	0.063	0.031	0.16	0.16
ESO1361010120S1K	0	Ente_hirae_T16-1	28182	28150	18724	0.267	2.128	0.558	0.309	0.623	0.943	0.042	0.034	0.03	0.032
ESO1361010120S1K	1	Ente_faecium_C10-7	22742	21931	11220	0.236	1.882	0.428	0.272	0.677	1.069	0.069	0.021	0.027	0.029
EST1212204101S1K	0	Ente_hirae_13344	26635	26584	30142	0.918	11.743	10.653	0.727	0.918	0.966	0.28	0.204	0.543	0.562
EST1212206101S1K	0	Ente_hirae_13344	26635	26588	24034	0.732	3.586	2.595	0.529	0.791	0.967	0.151	0.08	0.235	0.243
EST1212206201S1K	0	Ente_hirae_13344	26635	26590	23751	0.734	2.873	2.082	0.398	0.838	0.984	0.117	0.046	0.202	0.205
EST1212703101S1K	0	Ente_hirae_13144	26765	26708	43028	0.918	5.231	4.723	0.649	0.926	0.937	0.077	0.103	0.478	0.511
EST1212703101S1K	1	Ente_faecium_na_GCF_900635365.1	24623	24058	18518	0.261	1.691	0.436	0.153	0.739	1.008	0.081	0.009	0.022	0.022
EST1212705101S1K	0	Ente_hirae_13344	26635	26574	29525	0.914	75.779	68.625	0.828	0.914	0.966	1.748	1.446	0.611	0.632
EST1213404101S1K	0	Ente_hirae_13152	27801	27778	14864	0.372	3.031	1.11	0.291	0.555	0.916	0.133	0.039	0.031	0.033
EST1232702101S1K	0	Ente_hirae_13344	26635	26591	20946	0.644	2.906	1.848	0.373	0.764	0.944	0.159	0.059	0.132	0.14
EST1232710101S1K	0	Ente_lactis_HJS001	25388	25355	32688	0.98	18.974	18.135	0.772	0.98	0.946	0.355	0.274	0.686	0.726
EST1233822201S1K	0	Ente_hirae_13144	26765	26727	33709	0.828	6.417	5.224	0.623	0.832	0.928	0.111	0.069	0.332	0.357
EST1234709101S1K	0	Ente_hirae_13344	26635	26593	28447	0.911	13.481	12.147	0.81	0.911	0.974	0.562	0.455	0.597	0.613
EST1236807101S1K	0	Ente_faecium_642	27129	27098	13959	0.388	2.84	1.084	0.333	0.586	0.93	0.1	0.033	0.041	0.044
EST1237103201S1K	0	Ente_hirae_13344	26635	26583	31215	0.921	28.875	26.286	0.714	0.921	0.974	0.733	0.524	0.544	0.558
EST1238004201S1K	0	Ente_hirae_13344	26635	26585	34009	0.942	19.961	18.57	0.751	0.942	0.913	0.629	0.472	0.572	0.627
EST1238105101S1K	0	Ente_faecium_HB-1	25211	25115	63927	0.978	50.653	48.56	0.783	0.978	0.88	0.557	0.731	0.646	0.734
EST1238105101S1K	1	Ente_faecium_642	27129	10598	39352	0.885	11.264	9.895	0.307	0.885	0.86	0.166	0.062	0.183	0.212
EST1238105101S1K	2	Ente_faecium_AT47b	25043	14475	29978	0.666	6.373	4.138	0.258	0.677	1.736	0.21	0.036	0.045	0.079
EST1241104101S1K	0	Ente_hirae_13152	27801	27737	34147	0.809	49.332	39.513	0.731	0.809	0.954	1.685	1.232	0.37	0.388
EST1241108101S1K	0	Ente_hirae_13344	26635	26590	27128	0.826	5.508	4.495	0.653	0.835	0.974	0.241	0.158	0.367	0.377
EST1242101101S1K	0	Ente_hirae_13344	26635	26597	27292	0.872	7.047	6.073	0.721	0.874	0.973	0.26	0.187	0.468	0.481
EST1242103101S1K	0	Ente_hirae_T16-1	28182	28107	19385	0.303	1.972	0.588	0.202	0.681	0.988	0.222	0.045	0.028	0.028
EST1242206101S1K	0	Ente_avium_352	45858	45815	51862	0.634	3.304	2.01	0.589	0.733	0.979	0.237	0.17	0.196	0.2
EST1242206101S1K	1	Ente_gallinarum_FDAARGOS_728	32252	32013	22801	0.492	2.554	1.247	0.601	0.691	1.032	0.051	0.071	0.137	0.141
EST1242209101S1K	0	Ente_hirae_13344	26635	26580	29392	0.916	135.72	123.246	0.907	0.916	0.981	4.775	4.33	0.684	0.697
EST1242705101S1K	0	Ente_hirae_13144	26765	26726	13903	0.308	1.958	0.593	0.248	0.689	0.939	0.209	0.052	0.034	0.036
EST1242804101S1K	0	Ente_hirae_L6E	27764	27726	29501	0.816	5.43	4.277	0.608	0.828	0.908	0.141	0.086	0.309	0.34
EST1242805101S1K	0	Ente_hirae_13152	27801	27752	28983	0.81	13.095	10.469	0.695	0.81	0.94	0.37	0.257	0.347	0.369
EST1247106101S1K	0	Ente_hirae_13344	26635	26613	24392	0.77	4.021	3.048	0.505	0.808	0.954	0.119	0.06	0.242	0.254
EST1247109101S1K	0	Ente_hirae_L6E	27764	27697	21919	0.577	3.163	1.76	0.298	0.696	0.851	0.185	0.055	0.071	0.083
EST1247211101S1K	0	Ente_hirae_FDAARGOS_1124	27282	27233	35592	0.949	40.922	38.351	0.785	0.949	0.92	0.29	0.746	0.616	0.67
EST1247211101S1K	1	Ente_hirae_13152	27801	6251	9758	0.505	35.613	17.829	0.387	0.505	0.956	0.661	0.079	0.048	0.05
EST1254203101S1K	0	Ente_hirae_13344	26635	26578	29824	0.935	40.08	37.138	0.868	0.935	0.982	4.562	3.961	0.697	0.71
EST1256808101S1K	0	Ente_hirae_13344	26635	26587	29276	0.911	51.704	46.556	0.811	0.911	0.978	1.112	0.902	0.6	0.613
EST1350511101S1K	0	Ente_hirae_13344	26635	26613	16899	0.524	2.618	1.352	0.586	0.707	0.968	0.105	0.061	0.149	0.154
EST1356601101S1K	0	Ente_hirae_13344	26635	26581	39427	0.905	14.74	13.195	0.742	0.905	0.977	0.348	0.356	0.538	0.55
EST1356601101S1K	1	Ente_lactis_HJS001	25388	24936	15374	0.367	2.421	0.87	0.18	0.631	0.978	0.131	0.022	0.026	0.026
EST1356602101S1K	0	Ente_hirae_13152	27801	27749	30341	0.827	44.258	36.172	0.77	0.827	0.941	1.004	0.772	0.41	0.435
EST1356604101S1K	0	Ente_hirae_13344	26635	26577	30362	0.928	47.733	43.887	0.868	0.928	0.976	1.192	1.034	0.677	0.693
EST1356611101S1K	0	Ente_hirae_13344	26635	26588	29921	0.923	20.693	18.854	0.743	0.923	0.977	0.68	0.505	0.571	0.584
EST1356618101S1K	0	Ente_hirae_13344	26635	26604	14552	0.43	2.274	0.964	0.351	0.695	0.95	0.058	0.02	0.069	0.073
EST1358301101S1K	0	Ente_hirae_13344	26635	26586	28501	0.885	6.656	5.819	0.728	0.888	0.981	0.694	0.505	0.498	0.508
EST1358301201S1K	0	Ente_hirae_13344	26635	26589	29005	0.912	12.173	10.972	0.686	0.912	0.972	0.487	0.334	0.507	0.521
EST1358302101S1K	0	Ente_hirae_13344	26635	26565	54846	0.922	19.015	17.373	0.622	0.922	0.978	0.627	0.64	0.476	0.487
EST1358302101S1K	1	Ente_faecalis_ES-2-1	26147	26003	30357	0.757	7.131	5.348	0.495	0.761	0.978	0.402	0.193	0.212	0.217
EST1358304101S1K	0	Ente_hirae_13344	26635	26592	30393	0.942	11.365	10.568	0.733	0.942	0.963	0.553	0.406	0.59	0.613
EST1359005101S1K	0	Ente_hirae_L6E	27764	27718	37406	0.752	3.62	2.628	0.57	0.811	0.958	0.111	0.14	0.27	0.282
EST1359005101S1K	1	Ente_faecium_HB-1	25211	24661	16561	0.453	2.219	0.978	0.435	0.725	0.958	0.136	0.046	0.099	0.104
EST1361007101S1K	0	Ente_hirae_L6E	27764	27727	14049	0.405	2.757	1.077	0.468	0.614	0.861	0.115	0.054	0.062	0.071
EST2359005102S1K	0	Ente_faecium_HB-1	25211	25158	44622	0.824	4.097	3.266	0.416	0.857	0.914	0.134	0.074	0.23	0.251
EST2359005102S1K	1	Ente_hirae_L6E	27764	27210	23896	0.642	3.451	2.143	0.505	0.727	0.923	0.044	0.053	0.158	0.171
stools_11006101	0	Ente_casseliflavus_CQFYY22-063	32947	32914	35807	0.425	2.665	1.117	0.299	0.631	0.956	0.106	0.032	0.048	0.051
stools_11008101	0	Ente_avium_352	45858	45615	75580	0.669	5.083	3.281	0.477	0.695	0.937	0.092	0.137	0.145	0.154
stools_11008101	1	Ente_faecium_na_GCF_900639365.1	26102	25722	45054	0.657	3.485	2.168	0.347	0.742	0.994	0.077	0.052	0.125	0.125
stools_11008101	2	Ente_durans_S8-3	29388	28635	28162	0.512	2.784	1.403	0.368	0.679	0.993	0.118	0.036	0.086	0.087
stools_11009101	0	Ente_hirae_L6E	27764	27729	29680	0.902	47.375	41.222	0.827	0.902	0.947	1.407	1.163	0.575	0.608
stools_11009150	0	Ente_hirae_L6E	27764	27737	19635	0.557	2.841	1.524	0.473	0.712	0.954	0.108	0.051	0.127	0.133
stools_11011101	0	Ente_faecium_BM4105-RF	26389	26338	38908	0.898	8.052	7.131	0.59	0.899	0.908	0.265	0.157	0.389	0.428
stools_11013101	0	Ente_faecium_na	25514	25357	50238	0.801	5.77	4.427	0.507	0.81	0.954	0.105	0.078	0.254	0.266
stools_11013101	1	Ente_avium_352	45858	45426	29936	0.478	3.263	1.502	0.621	0.615	0.96	0.049	0.047	0.108	0.112
stools_11015101	0	Ente_hirae_L6E	27764	27688	29003	0.9	14.258	12.394	0.76	0.9	0.937	0.484	0.367	0.519	0.553
stools_11015501	0	Ente_hirae_L6E	27764	27726	28985	0.893	12.734	10.976	0.808	0.893	0.978	0.769	0.622	0.563	0.576
stools_11016101	0	Ente_hirae_13144	26765	26716	24644	0.358	2.723	0.958	0.174	0.58	0.905	0.105	0.018	0.019	0.021
stools_11016150	0	Ente_hirae_L6E	27764	27713	27744	0.797	5.2	4.002	0.562	0.812	0.923	0.212	0.119	0.273	0.295
stools_11018101	0	Ente_faecium_na	25514	25282	86488	0.889	13.013	11.124	0.435	0.889	0.986	0.128	0.185	0.301	0.306
stools_11018101	1	Ente_faecalis_FDAARGOS_338	28109	27657	64017	0.902	7.328	6.542	0.482	0.903	0.95	0.105	0.116	0.337	0.355
stools_11018101	2	Ente_avium_352	45858	45261	39073	0.414	3.44	1.372	0.328	0.554	0.962	0.051	0.041	0.04	0.042
stools_11018101	3	Ente_faecium_RBWH1	26797	2992	20351	0.541	10.347	5.455	0.127	0.543	0.891	0.141	0.011	0.018	0.02
stools_11019101	0	Ente_hirae_L6E	27764	27724	24104	0.61	3.544	2.086	0.527	0.697	1.015	0.286	0.151	0.154	0.156
stools_11019501	0	Ente_hirae_L6E	27764	27728	18792	0.468	3.014	1.36	0.476	0.63	1.022	0.296	0.141	0.086	0.088
stools_11021150	0	Ente_hirae_13344	26635	26586	35066	0.914	20.97	18.945	0.792	0.914	0.979	0.753	0.597	0.592	0.604
stools_11022501	0	Ente_faecalis_HL1	26678	26633	41761	0.768	4.503	3.425	0.536	0.794	0.839	0.339	0.182	0.218	0.259
stools_11023101	0	Ente_faecium_CX2-6	24911	24874	29827	0.917	8.461	7.582	0.579	0.917	0.983	0.264	0.153	0.439	0.446
stools_11024150	0	Ente_hirae_13344	26635	26603	28578	0.907	14.23	12.73	0.788	0.907	0.972	0.383	0.301	0.571	0.587
stools_11025102	0	Ente_hirae_HDC14-2	28092	28071	15265	0.433	2.707	1.143	0.414	0.636	0.961	0.116	0.048	0.07	0.073
stools_11029101	0	Ente_hirae_FDAARGOS_1124	27282	27238	29441	0.931	17.889	16.426	0.825	0.931	0.976	1.514	1.249	0.65	0.666
stools_11029150	0	Ente_hirae_FDAARGOS_1124	27282	27238	29643	0.935	39.087	36.082	0.883	0.935	0.98	3.155	2.786	0.709	0.723
stools_11029501	0	Ente_hirae_FDAARGOS_1124	27282	27232	29890	0.936	51.123	47.262	0.881	0.936	0.979	2.526	2.225	0.707	0.722
stools_11030101	0	Ente_hirae_13344	26635	26589	32314	0.818	5.925	4.788	0.542	0.825	0.963	0.191	0.104	0.29	0.302
stools_11034501	0	Ente_faecium_HY07	24989	24966	15344	0.411	2.71	1.077	0.353	0.623	0.974	0.125	0.044	0.055	0.056
stools_11039101	0	Ente_gallinarum_FDAARGOS_728	32252	32183	86490	0.811	6.636	5.337	0.343	0.815	0.983	0.099	0.156	0.182	0.185
stools_11039101	1	Ente_avium_352	45858	45696	60386	0.683	5.445	3.578	0.511	0.703	0.964	0.152	0.153	0.166	0.172
stools_11039101	2	Ente_faecium_4995_20	25649	24942	29177	0.771	5.13	3.825	0.607	0.788	0.975	0.205	0.089	0.283	0.291
stools_11039501	0	Ente_lactis_J-2-A	25363	25270	50416	0.893	25.613	22.478	0.716	0.893	0.946	0.412	0.555	0.482	0.51
stools_11039501	1	Ente_faecium_HY07	24989	8681	27853	0.515	12.665	6.403	0.247	0.516	0.857	0.303	0.054	0.029	0.034
stools_11039501	2	Ente_faecalis_AT22	28475	28253	23385	0.375	3.425	1.273	0.211	0.521	1.161	0.06	0.035	0.018	0.021
stools_11041101	0	Ente_avium_352	45858	45553	97409	0.698	21.947	14.81	0.573	0.698	0.997	0.678	0.502	0.194	0.195
stools_11041101	1	Ente_raffinosus_HG-5	31713	29542	65631	0.922	7.964	7.245	0.418	0.923	0.96	0.138	0.156	0.315	0.328
stools_11041101	2	Ente_gallinarum_FDAARGOS_728	32252	32024	38395	0.767	6.164	4.694	0.501	0.774	1.074	0.06	0.109	0.214	0.23
stools_11042101	0	Ente_faecium_BM4105-RF	26389	26319	51969	0.932	22.598	20.844	0.72	0.932	0.887	0.709	0.856	0.516	0.582
stools_11042101	1	Ente_lactis_E843	26316	4537	27449	0.519	13.17	6.718	0.144	0.519	0.846	0.48	0.048	0.017	0.02
stools_11044101	0	Ente_gallinarum_K205-4a	26290	26144	119148	0.946	24.64	23.171	0.355	0.946	0.962	0.14	0.488	0.289	0.3
stools_11044101	1	Ente_raffinosus_HG-5	31713	31429	94424	0.955	11.566	10.814	0.313	0.955	0.923	0.319	0.278	0.252	0.273
stools_11044101	2	Ente_avium_352	45858	43451	64425	0.798	13.063	10.208	0.596	0.798	0.964	0.676	0.363	0.293	0.304
stools_11044101	3	Ente_gallinarum_674	31927	7981	29732	0.668	21.122	14.06	0.367	0.668	0.991	0.238	0.09	0.108	0.109
stools_11045101	0	Ente_avium_352	45858	45594	88062	0.771	6.206	4.605	0.524	0.779	0.955	0.168	0.228	0.234	0.245
stools_11045101	1	Ente_faecium_na_GCF_020162155.1	25354	24987	52914	0.611	3.717	2.142	0.287	0.693	3.633	0.157	0.059	0.023	0.084
stools_11045101	2	Ente_raffinosus_Er676	31200	28758	37635	0.511	2.774	1.402	0.289	0.678	0.993	0.05	0.043	0.067	0.068
stools_11045101	3	Ente_gallinarum_FDAARGOS_728	32252	31718	22943	0.396	2.873	1.13	0.359	0.584	1.198	0.026	0.038	0.041	0.049
stools_11045101	4	Ente_avium_FDAARGOS_184	35933	10565	10392	0.415	5.155	2.09	0.352	0.474	1	0.034	0.024	0.033	0.033
stools_11046101	0	Ente_faecium_LAC7_2	25453	25341	43860	0.922	126.313	114.684	0.817	0.922	0.943	1.967	3.18	0.603	0.64
stools_11046101	1	Ente_faecium_na_GCF_900639495.1	26691	3798	20507	0.476	102.302	43.976	0.28	0.476	0.976	1.925	0.199	0.03	0.03
stools_11047101	0	Ente_gallinarum_FDAARGOS_728	32252	32133	91380	0.935	15.38	14.27	0.576	0.935	0.957	0.163	0.362	0.451	0.471
stools_11047101	1	Ente_faecium_na_GCF_900639365.1	26102	25494	61323	0.871	6.687	5.565	0.436	0.875	0.983	0.259	0.116	0.286	0.291
stools_11047101	2	Ente_avium_352	45858	45361	39106	0.537	3.265	1.688	0.413	0.658	0.936	0.121	0.062	0.09	0.096
stools_11047101	3	Ente_gallinarum_K205-4a	26290	2076	14759	0.603	11.456	6.88	0.127	0.603	0.841	0.086	0.011	0.023	0.028
stools_11049150	0	Ente_faecium_BM4105-RF	26389	26368	19023	0.502	3.093	1.527	0.338	0.641	0.932	0.131	0.044	0.065	0.07
stools_11050101	0	Ente_faecium_na_GCF_900639345.1	25655	25571	29351	0.896	19.013	16.351	0.777	0.896	0.958	0.337	0.374	0.536	0.559
stools_11050101	1	Ente_faecium_18-042	25147	2466	6439	0.51	16.915	8.293	0.17	0.51	1.876	0.145	0.018	0.012	0.023
stools_11051150	0	Ente_faecium_HB-1	25211	25157	37536	0.885	13.966	12.001	0.692	0.885	0.914	0.428	0.296	0.438	0.479
stools_11051501	0	Ente_faecium_HB-1	25211	25176	36534	0.846	7.628	6.247	0.615	0.848	0.921	0.25	0.154	0.345	0.374
stools_11052101	0	Ente_avium_352	45858	45703	133547	0.769	27.453	20.478	0.529	0.769	0.948	0.578	0.562	0.228	0.24
stools_11052101	1	Ente_gallinarum_FDAARGOS_728	32252	32110	98408	0.904	13.441	12.059	0.454	0.904	0.985	0.135	0.227	0.33	0.336
stools_11052101	2	Ente_faecalis_FDAARGOS_338	28109	27602	69370	0.888	6.722	5.88	0.351	0.891	0.811	0.077	0.096	0.201	0.247
stools_11052101	3	Ente_casseliflavus_CQFYY22-063	32947	31938	44853	0.433	3.28	1.412	0.149	0.573	0.964	0.032	0.026	0.02	0.021
stools_11052101	4	Ente_avium_FDAARGOS_184	35933	11078	31015	0.396	22.376	8.614	0.378	0.396	1.006	0.188	0.057	0.023	0.023
stools_11052101	5	Ente_faecalis_732	28970	6581	26632	0.614	5.27	3.154	0.132	0.641	0.853	0.052	0.012	0.028	0.033
stools_11053501	0	Ente_hirae_L6E	27764	27732	23844	0.721	4.858	3.378	0.596	0.747	0.893	0.129	0.077	0.214	0.24
stools_11055101	0	Ente_hirae_13152	27801	27752	31324	0.809	434.292	347.396	0.806	0.809	0.935	6.977	8.825	0.399	0.426
stools_11055101	1	Ente_hirae_13344	26635	5820	8880	0.378	423.221	158.447	0.398	0.378	0.937	3.968	0.843	0.02	0.022
stools_11110101	0	Ente_hirae_13152	27801	27761	23856	0.623	4.077	2.503	0.55	0.678	0.973	0.132	0.073	0.153	0.157
stools_12059101	0	Ente_faecalis_TK-P4B	26895	26864	33319	0.951	12.821	12.055	0.719	0.951	0.934	0.493	0.354	0.577	0.618
stools_12062101	0	Ente_faecium_na_GCF_900639365.1	26102	26062	30297	0.388	3.626	1.317	0.264	0.53	1.097	0.076	0.036	0.026	0.029
stools_12062101	1	Ente_avium_352	45858	45512	20183	0.292	2.934	0.825	0.381	0.52	0.889	0.06	0.038	0.027	0.03
stools_12064150	0	Ente_faecium_BM4105-RF	26389	26363	24141	0.621	3.85	2.353	0.344	0.686	0.935	0.157	0.054	0.094	0.101
stools_12065101	0	Ente_avium_352	45858	45819	15010	0.21	2.351	0.473	0.556	0.557	1.019	0.342	0.19	0.036	0.036
stools_12066101	0	Ente_avium_352	45858	45535	122354	0.842	13.533	11.064	0.473	0.842	0.935	0.347	0.404	0.264	0.283
stools_12066101	1	Ente_raffinosus_Er676	31200	28791	84004	0.934	7.627	7.04	0.356	0.935	0.985	0.068	0.16	0.286	0.291
stools_12066101	2	Ente_gallinarum_FDAARGOS_728	32252	32023	57099	0.808	5.752	4.606	0.4	0.816	0.983	0.062	0.116	0.211	0.215
stools_12066101	3	Ente_faecium_na_GCF_900639365.1	26102	25283	31240	0.663	4.131	2.628	0.31	0.714	1.003	0.173	0.054	0.105	0.105
stools_12066101	4	Ente_avium_FDAARGOS_184	35933	10564	14488	0.537	11.941	6.255	0.44	0.538	1.009	0.099	0.053	0.068	0.068
stools_12066101	5	Ente_raffinosus_HG-5	31713	1497	8820	0.597	10.582	6.088	0.11	0.599	0.629	0.104	0.007	0.015	0.023
stools_12066501	0	Ente_raffinosus_Er676	31200	31138	54191	0.704	4.06	2.796	0.415	0.75	0.882	0.117	0.124	0.145	0.164
stools_12066501	1	Ente_faecium_na	25514	25209	32264	0.56	3.184	1.71	0.357	0.683	1.004	0.183	0.063	0.093	0.093
stools_12067150	0	Ente_mundtii_P6	29480	29421	84770	0.935	32.175	29.778	0.754	0.935	0.943	0.682	0.689	0.581	0.616
stools_12067150	1	Ente_hirae_FDAARGOS_1124	27282	26807	57268	0.711	4.079	2.867	0.27	0.754	0.963	0.06	0.061	0.105	0.109
stools_12067150	2	Ente_faecium_na_GCF_900639655.1	25344	24658	38214	0.488	3.54	1.673	0.202	0.6	4.925	0.172	0.033	0.007	0.035
stools_12069101	0	Ente_avium_352	45858	45816	45706	0.712	9.427	6.43	0.69	0.713	0.975	0.433	0.299	0.243	0.25
stools_12069150	0	Ente_faecium_ENCfa-68	26079	26044	50269	0.713	4.839	3.368	0.38	0.738	0.935	0.132	0.083	0.138	0.147
stools_12069150	1	Ente_avium_352	45858	45698	31712	0.424	3.762	1.531	0.497	0.541	0.92	0.086	0.067	0.057	0.062
stools_12070101	0	Ente_gallinarum_FDAARGOS_728	32252	32105	138242	0.903	61.286	55.047	0.667	0.903	0.98	0.615	1.269	0.481	0.491
stools_12070101	1	Ente_raffinosus_Er676	31200	30986	109253	0.894	7.84	6.879	0.244	0.895	0.866	0.243	0.155	0.151	0.175
stools_12070101	2	Ente_faecium_na	25514	25080	81563	0.857	7.684	6.362	0.246	0.858	1.057	0.617	0.118	0.147	0.155
stools_12070101	3	Ente_avium_352	45858	43311	60075	0.688	7.084	4.741	0.417	0.694	0.983	0.399	0.151	0.136	0.138
stools_12070101	4	Ente_casseliflavus_ASE4	36203	35419	30263	0.463	3.216	1.481	0.178	0.599	0.913	0.031	0.038	0.027	0.03
stools_12072101	0	Ente_faecium_3012STDY6244127	24667	24615	52274	0.932	11.987	10.961	0.546	0.932	0.944	0.36	0.271	0.418	0.442
stools_12072101	1	Ente_faecium_BM4105-RF	26389	18314	29328	0.809	6.745	5.44	0.437	0.813	0.964	0.137	0.099	0.226	0.234
stools_12073101	0	Ente_avium_FDAARGOS_184	35933	35821	68353	0.8	77.007	60.028	0.551	0.8	0.994	0.454	1.631	0.281	0.282
stools_12073101	1	Ente_faecium_RBWH1	26797	26053	39701	0.89	33.657	28.5	0.435	0.89	1.251	0.64	0.577	0.246	0.307
stools_12073101	2	Ente_avium_352	45858	20873	16504	0.484	76.891	36.299	0.766	0.484	0.993	1.266	0.574	0.086	0.087
stools_12073101	3	Ente_faecium_na	25514	2152	6401	0.54	35.295	18.624	0.173	0.54	0.99	0.597	0.03	0.027	0.027
stools_12082101	0	Ente_faecium_na_GCF_900638825.1	26233	26138	33124	0.466	5.213	2.338	0.383	0.516	4.6	0.201	0.077	0.01	0.048
stools_12084101	0	Ente_faecium_na_GCF_900639365.1	26102	25862	89796	0.892	14.048	12.162	0.515	0.892	0.995	0.237	0.252	0.363	0.365
stools_12084101	1	Ente_durans_S8-3	29388	28664	66736	0.619	4.345	2.655	0.253	0.666	0.968	0.208	0.06	0.067	0.07
stools_12084101	2	Ente_raffinosus_HG-5	31713	31212	48981	0.583	3.345	1.915	0.267	0.684	0.941	0.045	0.047	0.068	0.073
stools_12086501	0	Ente_faecium_3012STDY6244127	24667	24621	46407	0.916	8.383	7.522	0.531	0.917	0.86	0.172	0.173	0.351	0.409
stools_12086501	1	Ente_faecium_HB-1	25211	15720	23853	0.859	5.984	4.978	0.484	0.865	0.973	0.154	0.074	0.302	0.311
stools_12090501	0	Ente_faecium_CX2-6	24911	24881	15019	0.412	2.715	1.092	0.247	0.62	0.993	0.121	0.03	0.039	0.039
stools_12095102	0	Ente_hirae_13144	26765	26742	12176	0.342	2.806	0.942	0.219	0.561	0.892	0.093	0.02	0.021	0.024
stools_12098150	0	Ente_hirae_13152	27801	27768	29606	0.802	18.09	14.304	0.716	0.802	0.958	0.678	0.485	0.354	0.369
stools_12100101	0	Ente_faecium_4995_20	25649	25460	125042	0.91	69.774	61.941	0.268	0.91	0.938	0.793	1.19	0.189	0.202
stools_12100101	1	Ente_avium_FDAARGOS_184	35933	35414	101879	0.807	78.099	61.726	0.506	0.807	1.002	0.426	1.643	0.265	0.265
stools_12100101	2	Ente_raffinosus_Er676	31200	28844	73317	0.968	24.448	23.478	0.313	0.968	0.961	0.427	0.503	0.273	0.284
stools_12100101	3	Ente_faecalis_BE8	28249	27556	45382	0.973	15.807	15.235	0.283	0.973	0.946	0.302	0.312	0.246	0.26
stools_12100101	4	Ente_avium_352	45858	20242	18575	0.506	71.968	35.672	0.686	0.506	1.005	1.553	0.543	0.089	0.089
stools_12100101	5	Ente_faecium_RBWH1	26797	3229	8327	0.524	50.993	25.771	0.255	0.524	0.816	0.938	0.063	0.03	0.037
stools_12101101	0	Ente_raffinosus_Er676	31200	31157	32929	0.679	3.789	2.516	0.616	0.738	0.945	0.232	0.143	0.215	0.228
stools_12101150	0	Ente_hirae_T16-1	28182	28148	18085	0.404	2.808	1.117	0.303	0.6	0.945	0.103	0.031	0.042	0.044
stools_12111101	0	Ente_avium_352	45858	45659	48271	0.753	12.713	9.161	0.749	0.753	0.984	0.281	0.291	0.315	0.32
stools_12111101	1	Ente_avium_FDAARGOS_184	35933	11234	13890	0.403	12.93	5.045	0.4	0.405	1.009	0.107	0.039	0.026	0.027
stools_12119101	0	Ente_faecium_HY07	24989	24954	51326	0.768	5.046	3.757	0.388	0.786	0.873	0.288	0.112	0.161	0.184